Date,Open,High,Low,Close,Adj Close,Volume
2006-02-27,15.0,15.010000228881836,15.0,15.010000228881836,5.940501689910889,52700.0
2006-02-28,15.010000228881836,15.010000228881836,15.0,15.010000228881836,5.940501689910889,17900.0
2006-03-01,15.0,15.010000228881836,15.0,15.0,5.936542510986328,57900.0
2006-03-02,15.0,15.010000228881836,15.0,15.0,5.936542510986328,23400.0
2006-03-03,15.010000228881836,15.010000228881836,15.0,15.0,5.936542510986328,15900.0
2006-03-06,15.010000228881836,15.010000228881836,15.0,15.0,5.936542510986328,7300.0
2006-03-07,15.0,15.010000228881836,15.0,15.0,5.936542510986328,29800.0
2006-03-08,15.0,15.0,15.0,15.0,5.936542510986328,6600.0
2006-03-09,15.0,15.0,15.0,15.0,5.936542510986328,4200.0
2006-03-10,15.0,15.0,15.0,15.0,5.936542510986328,19300.0
2006-03-13,15.0,15.010000228881836,15.0,15.0,5.936542510986328,19800.0
2006-03-14,15.0,15.010000228881836,15.0,15.0,5.936542510986328,23500.0
2006-03-15,15.010000228881836,15.010000228881836,15.0,15.010000228881836,5.940501689910889,23200.0
2006-03-16,15.0,15.0,15.0,15.0,5.936542510986328,26300.0
2006-03-17,15.010000228881836,15.010000228881836,15.0,15.0,5.936542510986328,48700.0
2006-03-20,15.0,15.010000228881836,15.0,15.0,5.936542510986328,541500.0
2006-03-21,15.0,15.010000228881836,15.0,15.010000228881836,5.940501689910889,527100.0
2006-03-22,15.0,15.010000228881836,15.0,15.010000228881836,5.940501689910889,93500.0
2006-03-23,15.010000228881836,15.010000228881836,15.0,15.0,5.936542510986328,36600.0
2006-03-24,15.0,15.010000228881836,15.0,15.0,5.936542510986328,51900.0
2006-03-27,15.0,15.010000228881836,15.0,15.0,5.936542510986328,185700.0
2006-03-28,15.0,15.010000228881836,15.0,15.0,5.936542510986328,139900.0
2006-03-29,15.0,15.010000228881836,15.0,15.010000228881836,5.940501689910889,86100.0
2006-03-30,15.0,15.010000228881836,15.0,15.0,5.936542510986328,53000.0
2006-03-31,15.0,15.010000228881836,15.0,15.010000228881836,5.940501689910889,31900.0
2006-04-03,15.0,15.010000228881836,15.0,15.010000228881836,5.940501689910889,51500.0
2006-04-04,15.0,15.010000228881836,15.0,15.0,5.936542510986328,38200.0
2006-04-05,15.0,15.020000457763672,15.0,15.010000228881836,5.940501689910889,92600.0
2006-04-06,15.0,15.199999809265137,15.0,15.020000457763672,5.944460391998291,47500.0
2006-04-07,15.010000228881836,15.029999732971191,15.0,15.020000457763672,5.944460391998291,37400.0
2006-04-10,15.020000457763672,15.039999961853027,15.0,15.0,5.936542510986328,77400.0
2006-04-11,15.010000228881836,15.010000228881836,14.600000381469727,14.699999809265137,5.817813873291016,93400.0
2006-04-12,14.600000381469727,14.800000190734863,14.5600004196167,14.630000114440918,5.790111541748047,37900.0
2006-04-13,14.550000190734863,14.600000381469727,14.529999732971191,14.600000381469727,5.778238296508789,60900.0
2006-04-17,14.609999656677246,14.699999809265137,14.529999732971191,14.699999809265137,5.817813873291016,25100.0
2006-04-18,14.649999618530273,14.800000190734863,14.649999618530273,14.75,5.837601661682129,19100.0
2006-04-19,14.699999809265137,14.850000381469727,14.670000076293945,14.680000305175781,5.8098978996276855,4900.0
2006-04-20,14.680000305175781,14.850000381469727,14.680000305175781,14.779999732971191,5.8494744300842285,15200.0
2006-04-21,14.710000038146973,14.859999656677246,14.710000038146973,14.859999656677246,5.881133079528809,4300.0
2006-04-24,14.890000343322754,14.890000343322754,14.84000015258789,14.869999885559082,5.912448406219482,7700.0
2006-04-25,14.770000457763672,15.0,14.770000457763672,14.899999618530273,5.924373149871826,48400.0
2006-04-26,14.850000381469727,14.850000381469727,14.800000190734863,14.800000190734863,5.884617805480957,18600.0
2006-04-27,14.8100004196167,14.8100004196167,14.510000228881836,14.600000381469727,5.805095672607422,32300.0
2006-04-28,14.609999656677246,14.699999809265137,14.600000381469727,14.600000381469727,5.805095672607422,5000.0
2006-05-01,14.600000381469727,14.649999618530273,14.600000381469727,14.649999618530273,5.824975490570068,6100.0
2006-05-02,14.770000457763672,14.989999771118164,14.649999618530273,14.989999771118164,5.9601664543151855,32500.0
2006-05-03,14.890000343322754,14.890000343322754,14.800000190734863,14.850000381469727,5.904498100280762,4500.0
2006-05-04,14.800000190734863,14.850000381469727,14.800000190734863,14.850000381469727,5.904498100280762,1400.0
2006-05-05,14.8100004196167,14.84000015258789,14.710000038146973,14.75,5.864736557006836,12700.0
2006-05-08,14.789999961853027,14.789999961853027,14.710000038146973,14.710000038146973,5.8488311767578125,17900.0
2006-05-09,14.710000038146973,14.75,14.270000457763672,14.550000190734863,5.785215377807617,50700.0
2006-05-10,14.520000457763672,14.649999618530273,14.359999656677246,14.420000076293945,5.733525276184082,24500.0
2006-05-11,14.40999984741211,14.470000267028809,14.359999656677246,14.359999656677246,5.737019062042236,25100.0
2006-05-12,14.359999656677246,14.359999656677246,14.210000038146973,14.260000228881836,5.697067737579346,33000.0
2006-05-15,14.220000267028809,14.350000381469727,14.210000038146973,14.210000038146973,5.6770920753479,18100.0
2006-05-16,14.25,14.25,14.119999885559082,14.119999885559082,5.641139984130859,17900.0
2006-05-17,14.119999885559082,14.1899995803833,14.119999885559082,14.119999885559082,5.641139984130859,20500.0
2006-05-18,14.119999885559082,14.119999885559082,14.109999656677246,14.109999656677246,5.637144088745117,7300.0
2006-05-19,14.149999618530273,14.1899995803833,14.109999656677246,14.109999656677246,5.637144088745117,6900.0
2006-05-22,14.109999656677246,14.199999809265137,14.039999961853027,14.0600004196167,5.617163181304932,20000.0
2006-05-23,14.0600004196167,14.109999656677246,14.0600004196167,14.09000015258789,5.629151821136475,10200.0
2006-05-24,14.09000015258789,14.09000015258789,13.899999618530273,13.90999984741211,5.557241916656494,20900.0
2006-05-25,13.859999656677246,13.859999656677246,13.4399995803833,13.850000381469727,5.533270359039307,44100.0
2006-05-26,13.949999809265137,14.050000190734863,13.949999809265137,14.039999961853027,5.609177112579346,2700.0
2006-05-30,13.960000038146973,13.979999542236328,13.819999694824219,13.850000381469727,5.533270359039307,11800.0
2006-05-31,13.850000381469727,13.930000305175781,13.600000381469727,13.739999771118164,5.489323616027832,24600.0
2006-06-01,13.739999771118164,13.739999771118164,13.619999885559082,13.739999771118164,5.489323616027832,14900.0
2006-06-02,13.699999809265137,13.819999694824219,13.699999809265137,13.819999694824219,5.5212836265563965,24400.0
2006-06-05,13.819999694824219,14.050000190734863,13.619999885559082,13.890000343322754,5.549250602722168,30100.0
2006-06-06,13.850000381469727,14.050000190734863,13.649999618530273,13.720000267028809,5.481330394744873,86600.0
2006-06-07,13.920000076293945,14.020000457763672,13.800000190734863,13.960000038146973,5.577216148376465,40900.0
2006-06-08,13.84000015258789,13.970000267028809,13.789999961853027,13.949999809265137,5.5732221603393555,45700.0
2006-06-09,13.949999809265137,13.970000267028809,13.899999618530273,13.970000267028809,5.581212997436523,6400.0
2006-06-12,13.970000267028809,13.970000267028809,13.75,13.75,5.493317127227783,36500.0
2006-06-13,13.75,13.75,13.710000038146973,13.720000267028809,5.508877277374268,12000.0
2006-06-14,13.800000190734863,13.800000190734863,13.680000305175781,13.710000038146973,5.504859924316406,19600.0
2006-06-15,13.710000038146973,13.770000457763672,13.529999732971191,13.539999961853027,5.436601638793945,42100.0
2006-06-16,13.390000343322754,13.449999809265137,13.289999961853027,13.380000114440918,5.372357368469238,45700.0
2006-06-19,13.399999618530273,13.449999809265137,13.3100004196167,13.380000114440918,5.372357368469238,22600.0
2006-06-20,13.449999809265137,13.550000190734863,13.40999984741211,13.489999771118164,5.416526794433594,38900.0
2006-06-21,13.59000015258789,13.59000015258789,13.3100004196167,13.380000114440918,5.372357368469238,49400.0
2006-06-22,13.300000190734863,13.369999885559082,13.199999809265137,13.25,5.32016134262085,38000.0
2006-06-23,13.34000015258789,13.34000015258789,12.970000267028809,12.979999542236328,5.211750030517578,58400.0
2006-06-26,13.0,13.079999923706055,12.920000076293945,12.920000076293945,5.187656879425049,61200.0
2006-06-27,12.920000076293945,13.100000381469727,12.90999984741211,13.020000457763672,5.227811336517334,51400.0
2006-06-28,13.069999694824219,13.069999694824219,12.930000305175781,13.020000457763672,5.227811336517334,45300.0
2006-06-29,13.020000457763672,13.069999694824219,12.920000076293945,12.989999771118164,5.215766906738281,61100.0
2006-06-30,12.949999809265137,13.0,12.920000076293945,12.960000038146973,5.203718185424805,69100.0
2006-07-03,12.9399995803833,12.960000038146973,12.899999618530273,12.899999618530273,5.179629325866699,32000.0
2006-07-05,12.899999618530273,12.989999771118164,12.869999885559082,12.989999771118164,5.215766906738281,102200.0
2006-07-06,13.0,13.15999984741211,13.0,13.149999618530273,5.280008792877197,19900.0
2006-07-07,13.149999618530273,13.300000190734863,13.149999618530273,13.25,5.32016134262085,28600.0
2006-07-10,13.300000190734863,13.489999771118164,13.300000190734863,13.460000038146973,5.404479503631592,34800.0
2006-07-11,13.550000190734863,13.550000190734863,13.380000114440918,13.399999618530273,5.380390644073486,48200.0
2006-07-12,13.399999618530273,13.420000076293945,13.260000228881836,13.3100004196167,5.371810436248779,22000.0
2006-07-13,13.300000190734863,13.470000267028809,13.279999732971191,13.399999618530273,5.408137321472168,38800.0
2006-07-14,13.40999984741211,13.40999984741211,13.140000343322754,13.279999732971191,5.35970401763916,29200.0
2006-07-17,13.329999923706055,13.380000114440918,13.239999771118164,13.350000381469727,5.3879570960998535,26500.0
2006-07-18,13.390000343322754,13.5,13.300000190734863,13.350000381469727,5.3879570960998535,25400.0
2006-07-19,13.5,13.710000038146973,13.399999618530273,13.430000305175781,5.420243263244629,42200.0
2006-07-20,13.449999809265137,13.600000381469727,13.260000228881836,13.460000038146973,5.432349681854248,58500.0
2006-07-21,13.4399995803833,13.539999961853027,13.399999618530273,13.5,5.448495388031006,29700.0
2006-07-24,13.5,13.550000190734863,13.430000305175781,13.539999961853027,5.4646382331848145,20200.0
2006-07-25,13.40999984741211,13.539999961853027,13.399999618530273,13.430000305175781,5.420243263244629,51100.0
2006-07-26,13.449999809265137,13.619999885559082,13.449999809265137,13.550000190734863,5.4686760902404785,39400.0
2006-07-27,13.600000381469727,13.649999618530273,13.569999694824219,13.619999885559082,5.496921062469482,23300.0
2006-07-28,13.600000381469727,13.800000190734863,13.600000381469727,13.75,5.549391746520996,37300.0
2006-07-31,13.739999771118164,13.979999542236328,13.739999771118164,13.930000305175781,5.622039794921875,58500.0
2006-08-01,13.850000381469727,14.050000190734863,13.850000381469727,14.0,5.650291442871094,35700.0
2006-08-02,14.100000381469727,14.100000381469727,13.979999542236328,14.09000015258789,5.686612129211426,29000.0
2006-08-03,14.0600004196167,14.130000114440918,14.050000190734863,14.119999885559082,5.698722839355469,32700.0
2006-08-04,14.220000267028809,14.329999923706055,14.15999984741211,14.3100004196167,5.77540397644043,35500.0
2006-08-07,14.210000038146973,14.3100004196167,14.039999961853027,14.25,5.751189708709717,42900.0
2006-08-08,14.300000190734863,14.34000015258789,14.199999809265137,14.34000015258789,5.78751277923584,23400.0
2006-08-09,14.489999771118164,14.489999771118164,14.300000190734863,14.350000381469727,5.7915496826171875,14700.0
2006-08-10,14.350000381469727,14.420000076293945,14.3100004196167,14.3100004196167,5.77540397644043,43000.0
2006-08-11,14.300000190734863,14.350000381469727,14.210000038146973,14.300000190734863,5.799229621887207,23300.0
2006-08-14,14.210000038146973,14.300000190734863,14.199999809265137,14.25,5.778951168060303,16300.0
2006-08-15,14.25,14.40999984741211,14.039999961853027,14.140000343322754,5.734345436096191,42700.0
2006-08-16,14.199999809265137,14.270000457763672,14.199999809265137,14.25,5.778951168060303,20600.0
2006-08-17,14.25,14.25,14.079999923706055,14.079999923706055,5.710010528564453,52500.0
2006-08-18,14.149999618530273,14.199999809265137,14.069999694824219,14.1899995803833,5.754619598388672,17800.0
2006-08-21,14.220000267028809,14.220000267028809,14.079999923706055,14.079999923706055,5.710010528564453,45200.0
2006-08-22,14.010000228881836,14.199999809265137,14.010000228881836,14.050000190734863,5.6978440284729,36400.0
2006-08-23,14.100000381469727,14.109999656677246,14.0,14.050000190734863,5.6978440284729,50400.0
2006-08-24,14.100000381469727,14.239999771118164,14.100000381469727,14.1899995803833,5.754619598388672,31900.0
2006-08-25,14.239999771118164,14.300000190734863,14.210000038146973,14.289999961853027,5.795175075531006,19400.0
2006-08-28,14.239999771118164,14.369999885559082,14.15999984741211,14.3100004196167,5.803282737731934,44200.0
2006-08-29,14.3100004196167,14.350000381469727,14.199999809265137,14.220000267028809,5.766783714294434,46800.0
2006-08-30,14.279999732971191,14.3100004196167,14.239999771118164,14.300000190734863,5.799229621887207,19900.0
2006-08-31,14.199999809265137,14.260000228881836,14.199999809265137,14.239999771118164,5.774898529052734,31900.0
2006-09-01,14.220000267028809,14.3100004196167,14.220000267028809,14.300000190734863,5.799229621887207,13300.0
2006-09-05,14.25,14.420000076293945,14.1899995803833,14.350000381469727,5.819505214691162,57700.0
2006-09-06,14.329999923706055,14.430000305175781,14.270000457763672,14.270000457763672,5.787064075469971,25600.0
2006-09-07,14.100000381469727,14.239999771118164,14.0,14.239999771118164,5.774898529052734,51100.0
2006-09-08,14.25,14.319999694824219,14.199999809265137,14.25,5.778951168060303,27200.0
2006-09-11,14.239999771118164,14.720000267028809,14.239999771118164,14.399999618530273,5.839783191680908,48100.0
2006-09-12,14.5,14.5,14.239999771118164,14.329999923706055,5.811395168304443,72900.0
2006-09-13,14.260000228881836,14.399999618530273,14.069999694824219,14.15999984741211,5.770136833190918,64800.0
2006-09-14,14.1899995803833,14.220000267028809,14.09000015258789,14.149999618530273,5.766059398651123,38500.0
2006-09-15,14.199999809265137,14.479999542236328,14.180000305175781,14.479999542236328,5.900539875030518,57200.0
2006-09-18,14.539999961853027,14.539999961853027,14.390000343322754,14.479999542236328,5.900539875030518,34800.0
2006-09-19,14.529999732971191,14.550000190734863,14.390000343322754,14.479999542236328,5.900539875030518,36100.0
2006-09-20,14.5600004196167,14.579999923706055,14.430000305175781,14.579999923706055,5.941286087036133,83900.0
2006-09-21,14.550000190734863,14.680000305175781,14.520000457763672,14.550000190734863,5.929060459136963,76600.0
2006-09-22,14.600000381469727,14.6899995803833,14.569999694824219,14.649999618530273,5.969809055328369,28400.0
2006-09-25,14.640000343322754,14.850000381469727,14.640000343322754,14.729999542236328,6.002411842346191,35900.0
2006-09-26,14.729999542236328,14.739999771118164,14.649999618530273,14.720000267028809,5.998332977294922,37800.0
2006-09-27,14.739999771118164,14.850000381469727,14.710000038146973,14.850000381469727,6.051307201385498,37500.0
2006-09-28,14.899999618530273,14.899999618530273,14.760000228881836,14.800000190734863,6.030935764312744,45200.0
2006-09-29,14.819999694824219,14.850000381469727,14.760000228881836,14.760000228881836,6.014636516571045,28600.0
2006-10-02,14.75,14.850000381469727,14.680000305175781,14.699999809265137,5.990187168121338,40400.0
2006-10-03,14.699999809265137,14.789999961853027,14.65999984741211,14.770000457763672,6.018709182739258,45900.0
2006-10-04,14.770000457763672,14.789999961853027,14.649999618530273,14.699999809265137,5.990187168121338,38200.0
2006-10-05,14.640000343322754,14.770000457763672,14.630000114440918,14.75,6.010560035705566,22400.0
2006-10-06,14.739999771118164,14.800000190734863,14.649999618530273,14.75,6.010560035705566,26100.0
2006-10-09,14.800000190734863,14.920000076293945,14.75,14.800000190734863,6.030935764312744,30900.0
2006-10-10,14.800000190734863,14.850000381469727,14.710000038146973,14.770000457763672,6.018709182739258,30600.0
2006-10-11,14.75,14.829999923706055,14.75,14.760000228881836,6.014636516571045,18600.0
2006-10-12,14.699999809265137,14.760000228881836,14.600000381469727,14.670000076293945,6.005936622619629,29100.0
2006-10-13,14.65999984741211,14.65999984741211,14.600000381469727,14.630000114440918,5.989561080932617,29000.0
2006-10-16,14.649999618530273,14.710000038146973,14.619999885559082,14.640000343322754,5.993654251098633,21900.0
2006-10-17,14.729999542236328,14.75,14.619999885559082,14.670000076293945,6.005936622619629,14800.0
2006-10-18,14.75,14.850000381469727,14.600000381469727,14.619999885559082,5.985463619232178,36000.0
2006-10-19,14.6899995803833,14.720000267028809,14.520000457763672,14.539999961853027,5.952713966369629,35300.0
2006-10-20,14.600000381469727,14.670000076293945,14.579999923706055,14.65999984741211,6.0018391609191895,28800.0
2006-10-23,14.649999618530273,14.649999618530273,14.4399995803833,14.5,5.936336994171143,34200.0
2006-10-24,14.510000228881836,14.510000228881836,14.420000076293945,14.420000076293945,5.903580665588379,18700.0
2006-10-25,14.430000305175781,14.539999961853027,14.430000305175781,14.489999771118164,5.9322428703308105,21300.0
2006-10-26,14.5,14.680000305175781,14.449999809265137,14.680000305175781,6.010026454925537,35900.0
2006-10-27,14.6899995803833,14.75,14.619999885559082,14.710000038146973,6.022312164306641,36800.0
2006-10-30,14.779999732971191,14.779999732971191,14.649999618530273,14.65999984741211,6.0018391609191895,15900.0
2006-10-31,14.680000305175781,14.729999542236328,14.649999618530273,14.699999809265137,6.018218994140625,28800.0
2006-11-01,14.670000076293945,14.800000190734863,14.670000076293945,14.800000190734863,6.059158802032471,55100.0
2006-11-02,14.800000190734863,14.899999618530273,14.75,14.869999885559082,6.087811470031738,40500.0
2006-11-03,14.699999809265137,14.84000015258789,14.699999809265137,14.789999961853027,6.055060863494873,22200.0
2006-11-06,14.819999694824219,14.979999542236328,14.789999961853027,14.869999885559082,6.087811470031738,62500.0
2006-11-07,14.899999618530273,14.949999809265137,14.779999732971191,14.850000381469727,6.079625129699707,56000.0
2006-11-08,14.850000381469727,14.869999885559082,14.850000381469727,14.850000381469727,6.079625129699707,5300.0
2006-11-09,14.75,14.84000015258789,14.75,14.770000457763672,6.046875,25100.0
2006-11-10,14.800000190734863,14.920000076293945,14.600000381469727,14.819999694824219,6.067344665527344,48500.0
2006-11-13,14.760000228881836,14.760000228881836,14.350000381469727,14.649999618530273,6.025697708129883,174900.0
2006-11-14,14.649999618530273,14.800000190734863,14.600000381469727,14.729999542236328,6.05860710144043,70400.0
2006-11-15,14.800000190734863,14.829999923706055,14.65999984741211,14.720000267028809,6.054490089416504,38100.0
2006-11-16,14.760000228881836,14.850000381469727,14.670000076293945,14.760000228881836,6.070947170257568,33600.0
2006-11-17,14.800000190734863,14.850000381469727,14.649999618530273,14.649999618530273,6.025697708129883,39600.0
2006-11-20,14.729999542236328,14.75,14.609999656677246,14.640000343322754,6.02158784866333,39400.0
2006-11-21,14.609999656677246,14.699999809265137,14.529999732971191,14.670000076293945,6.033929824829102,41300.0
2006-11-22,14.729999542236328,14.779999732971191,14.640000343322754,14.729999542236328,6.05860710144043,30300.0
2006-11-24,14.779999732971191,14.84000015258789,14.75,14.789999961853027,6.083281517028809,16100.0
2006-11-27,14.75,14.850000381469727,14.710000038146973,14.770000457763672,6.075058937072754,22200.0
2006-11-28,14.649999618530273,14.880000114440918,14.649999618530273,14.880000114440918,6.120302677154541,28800.0
2006-11-29,14.899999618530273,14.949999809265137,14.859999656677246,14.930000305175781,6.140867233276367,36600.0
2006-11-30,14.930000305175781,14.979999542236328,14.930000305175781,14.979999542236328,6.1614298820495605,14900.0
2006-12-01,14.899999618530273,15.0,14.899999618530273,14.960000038146973,6.153204917907715,57400.0
2006-12-04,14.970000267028809,15.300000190734863,14.970000267028809,15.020000457763672,6.177888870239258,68300.0
2006-12-05,15.1899995803833,15.199999809265137,15.039999961853027,15.079999923706055,6.202567100524902,49100.0
2006-12-06,15.020000457763672,15.09000015258789,14.989999771118164,15.079999923706055,6.202567100524902,33100.0
2006-12-07,15.100000381469727,15.100000381469727,15.020000457763672,15.020000457763672,6.177888870239258,15000.0
2006-12-08,15.050000190734863,15.0600004196167,14.970000267028809,14.970000267028809,6.157322883605957,34500.0
2006-12-11,15.0,15.079999923706055,14.979999542236328,15.0,6.169658660888672,47100.0
2006-12-12,15.0600004196167,15.0600004196167,14.970000267028809,15.0600004196167,6.194338321685791,35600.0
2006-12-13,14.850000381469727,15.0,14.720000267028809,14.880000114440918,6.148369789123535,51900.0
2006-12-14,14.890000343322754,14.890000343322754,14.710000038146973,14.819999694824219,6.123579025268555,60300.0
2006-12-15,14.850000381469727,15.050000190734863,14.819999694824219,14.949999809265137,6.17729377746582,39200.0
2006-12-18,14.949999809265137,15.029999732971191,14.930000305175781,14.949999809265137,6.17729377746582,50200.0
2006-12-19,14.869999885559082,14.960000038146973,14.869999885559082,14.90999984741211,6.160766124725342,43800.0
2006-12-20,14.84000015258789,15.0,14.720000267028809,14.779999732971191,6.107048511505127,60300.0
2006-12-21,14.850000381469727,14.880000114440918,14.789999961853027,14.880000114440918,6.148369789123535,36100.0
2006-12-22,14.970000267028809,14.970000267028809,14.84000015258789,14.859999656677246,6.140105724334717,25200.0
2006-12-26,14.850000381469727,14.949999809265137,14.850000381469727,14.949999809265137,6.17729377746582,16900.0
2006-12-27,14.949999809265137,15.029999732971191,14.90999984741211,15.0,6.197954177856445,28600.0
2006-12-28,15.0,15.020000457763672,14.920000076293945,14.979999542236328,6.1896867752075195,19700.0
2006-12-29,14.989999771118164,15.0,14.920000076293945,14.960000038146973,6.181423187255859,28800.0
2007-01-03,14.90999984741211,15.0,14.819999694824219,14.869999885559082,6.1442341804504395,20700.0
2007-01-04,14.770000457763672,14.9399995803833,14.729999542236328,14.930000305175781,6.169028282165527,36500.0
2007-01-05,14.930000305175781,14.979999542236328,14.880000114440918,14.979999542236328,6.1896867752075195,41200.0
2007-01-08,14.960000038146973,14.979999542236328,14.850000381469727,14.930000305175781,6.169028282165527,24000.0
2007-01-09,14.899999618530273,14.979999542236328,14.819999694824219,14.880000114440918,6.148369789123535,60500.0
2007-01-10,14.850000381469727,14.920000076293945,14.819999694824219,14.850000381469727,6.135970115661621,66100.0
2007-01-11,14.829999923706055,14.930000305175781,14.739999771118164,14.8100004196167,6.147912502288818,18800.0
2007-01-12,14.8100004196167,14.90999984741211,14.739999771118164,14.779999732971191,6.135451793670654,20500.0
2007-01-16,14.819999694824219,14.869999885559082,14.75,14.800000190734863,6.1437554359436035,56200.0
2007-01-17,14.800000190734863,14.829999923706055,14.699999809265137,14.779999732971191,6.135451793670654,52600.0
2007-01-18,14.699999809265137,14.800000190734863,14.670000076293945,14.800000190734863,6.1437554359436035,27400.0
2007-01-19,14.800000190734863,14.859999656677246,14.739999771118164,14.819999694824219,6.152059555053711,43900.0
2007-01-22,14.84000015258789,14.920000076293945,14.800000190734863,14.8100004196167,6.147912502288818,58500.0
2007-01-23,14.84000015258789,14.880000114440918,14.720000267028809,14.760000228881836,6.1271514892578125,40700.0
2007-01-24,14.75,14.84000015258789,14.729999542236328,14.800000190734863,6.1437554359436035,36000.0
2007-01-25,14.710000038146973,14.819999694824219,14.710000038146973,14.760000228881836,6.1271514892578125,45300.0
2007-01-26,14.720000267028809,14.800000190734863,14.670000076293945,14.720000267028809,6.110546588897705,19800.0
2007-01-29,14.729999542236328,14.789999961853027,14.6899995803833,14.720000267028809,6.110546588897705,27900.0
2007-01-30,14.699999809265137,14.850000381469727,14.699999809265137,14.84000015258789,6.160362243652344,23000.0
2007-01-31,14.880000114440918,14.890000343322754,14.789999961853027,14.869999885559082,6.172811508178711,47400.0
2007-02-01,14.869999885559082,14.869999885559082,14.779999732971191,14.779999732971191,6.135451793670654,37600.0
2007-02-02,14.800000190734863,14.869999885559082,14.760000228881836,14.800000190734863,6.1437554359436035,27400.0
2007-02-05,14.829999923706055,14.869999885559082,14.760000228881836,14.800000190734863,6.1437554359436035,28700.0
2007-02-06,14.84000015258789,14.880000114440918,14.800000190734863,14.869999885559082,6.172811508178711,25400.0
2007-02-07,14.8100004196167,14.970000267028809,14.800000190734863,14.970000267028809,6.214328765869141,64400.0
2007-02-08,14.970000267028809,15.020000457763672,14.880000114440918,14.949999809265137,6.206029891967773,52800.0
2007-02-09,14.930000305175781,14.960000038146973,14.880000114440918,14.9399995803833,6.201874256134033,17800.0
2007-02-12,14.930000305175781,14.979999542236328,14.869999885559082,14.930000305175781,6.197721481323242,44500.0
2007-02-13,14.869999885559082,14.949999809265137,14.850000381469727,14.920000076293945,6.222220420837402,40900.0
2007-02-14,14.9399995803833,14.960000038146973,14.84000015258789,14.960000038146973,6.238901615142822,25900.0
2007-02-15,14.989999771118164,14.989999771118164,14.9399995803833,14.949999809265137,6.234735488891602,19400.0
2007-02-16,14.989999771118164,15.050000190734863,14.949999809265137,15.039999961853027,6.272270679473877,40400.0
2007-02-20,15.0,15.0,14.949999809265137,14.960000038146973,6.238901615142822,19000.0
2007-02-21,14.989999771118164,15.0,14.800000190734863,14.829999923706055,6.184690952301025,43300.0
2007-02-22,14.829999923706055,14.850000381469727,14.75,14.779999732971191,6.163834571838379,32000.0
2007-02-23,14.729999542236328,14.920000076293945,14.720000267028809,14.90999984741211,6.218054294586182,51500.0
2007-02-26,14.90999984741211,15.010000228881836,14.869999885559082,14.979999542236328,6.247246265411377,41700.0
2007-02-27,14.960000038146973,15.010000228881836,14.930000305175781,15.0,6.25558614730835,32900.0
2007-02-28,15.0,15.050000190734863,14.930000305175781,15.010000228881836,6.259761333465576,14300.0
2007-03-01,15.039999961853027,15.050000190734863,14.949999809265137,15.0,6.25558614730835,24100.0
2007-03-02,14.899999618530273,14.899999618530273,14.479999542236328,14.550000190734863,6.0679192543029785,137300.0
2007-03-05,14.550000190734863,14.550000190734863,13.899999618530273,14.0,5.83854866027832,146100.0
2007-03-06,14.100000381469727,14.289999961853027,13.9399995803833,13.970000267028809,5.8260393142700195,57200.0
2007-03-07,13.970000267028809,14.100000381469727,13.970000267028809,14.050000190734863,5.859399318695068,37800.0
2007-03-08,14.029999732971191,14.09000015258789,14.020000457763672,14.079999923706055,5.8719072341918945,42100.0
2007-03-09,14.079999923706055,14.130000114440918,14.010000228881836,14.050000190734863,5.859399318695068,39600.0
2007-03-12,14.050000190734863,14.119999885559082,14.050000190734863,14.119999885559082,5.8885908126831055,31000.0
2007-03-13,14.079999923706055,14.109999656677246,14.0,14.020000457763672,5.869752883911133,59100.0
2007-03-14,14.039999961853027,14.079999923706055,13.9399995803833,14.020000457763672,5.869752883911133,64900.0
2007-03-15,13.970000267028809,14.050000190734863,13.869999885559082,13.869999885559082,5.806950092315674,70700.0
2007-03-16,13.890000343322754,14.020000457763672,13.890000343322754,13.979999542236328,5.853002548217773,58500.0
2007-03-19,13.989999771118164,13.989999771118164,13.850000381469727,13.979999542236328,5.853002548217773,49800.0
2007-03-20,13.960000038146973,14.020000457763672,13.930000305175781,13.960000038146973,5.844629764556885,83500.0
2007-03-21,13.920000076293945,13.979999542236328,13.859999656677246,13.90999984741211,5.823697566986084,38900.0
2007-03-22,13.90999984741211,13.920000076293945,13.8100004196167,13.819999694824219,5.786018371582031,51100.0
2007-03-23,13.829999923706055,13.850000381469727,13.800000190734863,13.800000190734863,5.777645587921143,26900.0
2007-03-26,13.789999961853027,13.890000343322754,13.75,13.890000343322754,5.81532096862793,49500.0
2007-03-27,13.859999656677246,13.880000114440918,13.739999771118164,13.770000457763672,5.765082359313965,44800.0
2007-03-28,13.770000457763672,13.829999923706055,13.729999542236328,13.789999961853027,5.773458003997803,40000.0
2007-03-29,13.739999771118164,13.829999923706055,13.710000038146973,13.800000190734863,5.777645587921143,76400.0
2007-03-30,13.84000015258789,13.960000038146973,13.770000457763672,13.9399995803833,5.8362603187561035,94000.0
2007-04-02,13.9399995803833,13.989999771118164,13.930000305175781,13.9399995803833,5.8362603187561035,20300.0
2007-04-03,13.960000038146973,14.050000190734863,13.930000305175781,13.930000305175781,5.832070827484131,53300.0
2007-04-04,13.899999618530273,14.0,13.890000343322754,13.899999618530273,5.819509983062744,32300.0
2007-04-05,13.899999618530273,13.9399995803833,13.880000114440918,13.880000114440918,5.811140537261963,51000.0
2007-04-09,13.869999885559082,13.930000305175781,13.800000190734863,13.800000190734863,5.777645587921143,36100.0
2007-04-10,13.800000190734863,13.890000343322754,13.800000190734863,13.859999656677246,5.802762031555176,30400.0
2007-04-11,13.880000114440918,13.890000343322754,13.75,13.760000228881836,5.76090145111084,47800.0
2007-04-12,13.699999809265137,13.770000457763672,13.649999618530273,13.670000076293945,5.746182918548584,40800.0
2007-04-13,13.729999542236328,13.729999542236328,13.630000114440918,13.630000114440918,5.729368209838867,33200.0
2007-04-16,13.630000114440918,13.680000305175781,13.630000114440918,13.680000305175781,5.750391006469727,38100.0
2007-04-17,13.649999618530273,13.65999984741211,13.529999732971191,13.529999732971191,5.68733549118042,97800.0
2007-04-18,13.569999694824219,13.619999885559082,13.529999732971191,13.5600004196167,5.699944496154785,37300.0
2007-04-19,13.529999732971191,13.600000381469727,13.489999771118164,13.600000381469727,5.716758728027344,87400.0
2007-04-20,13.59000015258789,13.619999885559082,13.5600004196167,13.579999923706055,5.708352088928223,25200.0
2007-04-23,13.579999923706055,13.619999885559082,13.5,13.5,5.674724102020264,54500.0
2007-04-24,13.529999732971191,13.600000381469727,13.529999732971191,13.539999961853027,5.691539287567139,28800.0
2007-04-25,13.5600004196167,13.600000381469727,13.550000190734863,13.579999923706055,5.708352088928223,64600.0
2007-04-26,13.600000381469727,13.649999618530273,13.569999694824219,13.600000381469727,5.716758728027344,60200.0
2007-04-27,13.619999885559082,13.680000305175781,13.619999885559082,13.680000305175781,5.750391006469727,62300.0
2007-04-30,13.65999984741211,13.789999961853027,13.65999984741211,13.789999961853027,5.796628475189209,61900.0
2007-05-01,13.75,13.829999923706055,13.75,13.770000457763672,5.788218021392822,101700.0
2007-05-02,13.789999961853027,13.850000381469727,13.739999771118164,13.800000190734863,5.8008317947387695,88900.0
2007-05-03,13.65999984741211,13.800000190734863,13.65999984741211,13.789999961853027,5.796628475189209,42400.0
2007-05-04,13.800000190734863,13.899999618530273,13.779999732971191,13.819999694824219,5.809238433837891,72100.0
2007-05-07,13.819999694824219,13.930000305175781,13.819999694824219,13.930000305175781,5.855475425720215,35300.0
2007-05-08,13.880000114440918,13.979999542236328,13.880000114440918,13.979999542236328,5.876491546630859,104400.0
2007-05-09,13.979999542236328,14.029999732971191,13.890000343322754,14.010000228881836,5.889105796813965,102200.0
2007-05-10,13.989999771118164,14.039999961853027,13.989999771118164,14.020000457763672,5.893310070037842,23300.0
2007-05-11,13.90999984741211,13.970000267028809,13.899999618530273,13.930000305175781,5.878535270690918,76700.0
2007-05-14,13.930000305175781,13.960000038146973,13.899999618530273,13.899999618530273,5.865878105163574,56900.0
2007-05-15,13.84000015258789,13.930000305175781,13.829999923706055,13.84000015258789,5.840559005737305,45000.0
2007-05-16,13.829999923706055,13.899999618530273,13.8100004196167,13.869999885559082,5.8532185554504395,36900.0
2007-05-17,13.880000114440918,13.899999618530273,13.800000190734863,13.800000190734863,5.823678016662598,40200.0
2007-05-18,13.850000381469727,13.899999618530273,13.800000190734863,13.880000114440918,5.857439041137695,38000.0
2007-05-21,13.850000381469727,13.880000114440918,13.760000228881836,13.789999961853027,5.8194580078125,69800.0
2007-05-22,13.8100004196167,13.8100004196167,13.710000038146973,13.710000038146973,5.785693168640137,42700.0
2007-05-23,13.800000190734863,13.800000190734863,13.609999656677246,13.699999809265137,5.7814788818359375,41000.0
2007-05-24,13.699999809265137,13.729999542236328,13.600000381469727,13.600000381469727,5.7392754554748535,47300.0
2007-05-25,13.550000190734863,13.680000305175781,13.550000190734863,13.640000343322754,5.756155967712402,27500.0
2007-05-29,13.739999771118164,13.739999771118164,13.619999885559082,13.640000343322754,5.756155967712402,70400.0
2007-05-30,13.65999984741211,13.6899995803833,13.619999885559082,13.649999618530273,5.760376453399658,61700.0
2007-05-31,13.649999618530273,13.710000038146973,13.609999656677246,13.710000038146973,5.785693168640137,108200.0
2007-06-01,13.739999771118164,13.739999771118164,13.569999694824219,13.579999923706055,5.730833530426025,46900.0
2007-06-04,13.600000381469727,13.649999618530273,13.539999961853027,13.539999961853027,5.713955402374268,30600.0
2007-06-05,13.539999961853027,13.670000076293945,13.479999542236328,13.479999542236328,5.68863582611084,46800.0
2007-06-06,13.489999771118164,13.520000457763672,13.460000038146973,13.470000267028809,5.684417724609375,50400.0
2007-06-07,13.510000228881836,13.510000228881836,13.25,13.399999618530273,5.6548752784729,75300.0
2007-06-08,13.300000190734863,13.390000343322754,13.239999771118164,13.329999923706055,5.6253342628479,57800.0
2007-06-11,13.369999885559082,13.369999885559082,13.170000076293945,13.220000267028809,5.578911781311035,65800.0
2007-06-12,13.170000076293945,13.1899995803833,13.020000457763672,13.09000015258789,5.524054527282715,54600.0
2007-06-13,12.949999809265137,13.079999923706055,12.949999809265137,12.979999542236328,5.500748634338379,46500.0
2007-06-14,13.0,13.029999732971191,12.9399995803833,12.9399995803833,5.483792304992676,40200.0
2007-06-15,12.9399995803833,13.029999732971191,12.800000190734863,12.920000076293945,5.475316047668457,66600.0
2007-06-18,12.949999809265137,12.970000267028809,12.829999923706055,12.869999885559082,5.454128742218018,51000.0
2007-06-19,12.869999885559082,13.0,12.859999656677246,12.920000076293945,5.475316047668457,75700.0
2007-06-20,12.869999885559082,13.020000457763672,12.869999885559082,12.979999542236328,5.500748634338379,52400.0
2007-06-21,12.979999542236328,13.029999732971191,12.970000267028809,13.010000228881836,5.513460636138916,73200.0
2007-06-22,13.010000228881836,13.020000457763672,12.880000114440918,12.970000267028809,5.496504783630371,43500.0
2007-06-25,12.989999771118164,12.989999771118164,12.880000114440918,12.960000038146973,5.49226713180542,56600.0
2007-06-26,12.9399995803833,12.960000038146973,12.880000114440918,12.90999984741211,5.471081256866455,40600.0
2007-06-27,12.930000305175781,13.0,12.920000076293945,12.970000267028809,5.496504783630371,46400.0
2007-06-28,12.949999809265137,13.020000457763672,12.949999809265137,12.979999542236328,5.500748634338379,21400.0
2007-06-29,13.010000228881836,13.050000190734863,13.0,13.020000457763672,5.517696857452393,31300.0
2007-07-02,13.0,13.09000015258789,13.0,13.039999961853027,5.526169300079346,52300.0
2007-07-03,13.09000015258789,13.170000076293945,13.039999961853027,13.149999618530273,5.572789192199707,30000.0
2007-07-05,13.149999618530273,13.149999618530273,13.020000457763672,13.020000457763672,5.517696857452393,25600.0
2007-07-06,13.029999732971191,13.069999694824219,13.0,13.029999732971191,5.521932601928711,52600.0
2007-07-09,13.029999732971191,13.069999694824219,12.850000381469727,13.0,5.509219646453857,67800.0
2007-07-10,13.0,13.119999885559082,12.989999771118164,13.020000457763672,5.517696857452393,41500.0
2007-07-11,13.010000228881836,13.09000015258789,12.949999809265137,13.039999961853027,5.526169300079346,64100.0
2007-07-12,13.050000190734863,13.050000190734863,12.949999809265137,12.960000038146973,5.515533447265625,19000.0
2007-07-13,12.979999542236328,12.979999542236328,12.869999885559082,12.90999984741211,5.494253635406494,53100.0
2007-07-16,12.829999923706055,12.9399995803833,12.829999923706055,12.869999885559082,5.477231502532959,54500.0
2007-07-17,12.8100004196167,12.850000381469727,12.729999542236328,12.739999771118164,5.42190408706665,45500.0
2007-07-18,12.779999732971191,12.779999732971191,12.65999984741211,12.699999809265137,5.404880523681641,61100.0
2007-07-19,12.65999984741211,12.699999809265137,12.630000114440918,12.670000076293945,5.392112731933594,30700.0
2007-07-20,12.670000076293945,12.789999961853027,12.640000343322754,12.729999542236328,5.417649269104004,31200.0
2007-07-23,12.789999961853027,12.789999961853027,12.680000305175781,12.729999542236328,5.417649269104004,42600.0
2007-07-24,12.770000457763672,12.770000457763672,12.65999984741211,12.720000267028809,5.413393020629883,58700.0
2007-07-25,12.670000076293945,12.75,12.630000114440918,12.710000038146973,5.409133434295654,51400.0
2007-07-26,12.6899995803833,12.779999732971191,12.670000076293945,12.779999732971191,5.438928604125977,59800.0
2007-07-27,12.779999732971191,12.800000190734863,12.739999771118164,12.800000190734863,5.447439193725586,15300.0
2007-07-30,12.800000190734863,12.829999923706055,12.699999809265137,12.699999809265137,5.404880523681641,54300.0
2007-07-31,12.8100004196167,12.819999694824219,12.630000114440918,12.739999771118164,5.42190408706665,32400.0
2007-08-01,12.75,12.75,12.640000343322754,12.680000305175781,5.396367073059082,20700.0
2007-08-02,12.75,12.760000228881836,12.680000305175781,12.760000228881836,5.430418968200684,19000.0
2007-08-03,12.729999542236328,12.800000190734863,12.720000267028809,12.720000267028809,5.413393020629883,36700.0
2007-08-06,12.699999809265137,12.760000228881836,12.6899995803833,12.729999542236328,5.417649269104004,8900.0
2007-08-07,12.720000267028809,12.720000267028809,12.619999885559082,12.619999885559082,5.3708319664001465,40100.0
2007-08-08,12.609999656677246,12.609999656677246,12.449999809265137,12.510000228881836,5.324019908905029,56100.0
2007-08-09,12.569999694824219,12.569999694824219,12.020000457763672,12.279999732971191,5.226139068603516,46800.0
2007-08-10,12.289999961853027,12.380000114440918,12.109999656677246,12.15999984741211,5.175066947937012,52900.0
2007-08-13,12.149999618530273,12.149999618530273,12.050000190734863,12.0600004196167,5.15582799911499,24800.0
2007-08-14,12.069999694824219,12.130000114440918,12.020000457763672,12.039999961853027,5.147275447845459,23700.0
2007-08-15,11.949999809265137,12.0600004196167,11.710000038146973,11.789999961853027,5.040401935577393,90300.0
2007-08-16,11.59000015258789,11.6899995803833,11.399999618530273,11.510000228881836,4.920696258544922,67400.0
2007-08-17,11.630000114440918,11.850000381469727,11.569999694824219,11.829999923706055,5.057498455047607,41600.0
2007-08-20,11.739999771118164,11.800000190734863,11.550000190734863,11.649999618530273,4.980549335479736,37400.0
2007-08-21,11.619999885559082,11.739999771118164,11.5600004196167,11.699999809265137,5.001921653747559,68400.0
2007-08-22,11.699999809265137,11.75,11.619999885559082,11.649999618530273,4.980549335479736,45700.0
2007-08-23,11.699999809265137,11.869999885559082,11.640000343322754,11.859999656677246,5.0703253746032715,75400.0
2007-08-24,11.890000343322754,11.9399995803833,11.75,11.850000381469727,5.066055774688721,54500.0
2007-08-27,11.869999885559082,11.869999885559082,11.699999809265137,11.770000457763672,5.031847953796387,87200.0
2007-08-28,11.75,11.760000228881836,11.640000343322754,11.670000076293945,4.989097595214844,56600.0
2007-08-29,11.699999809265137,11.9399995803833,11.699999809265137,11.880000114440918,5.078878879547119,95400.0
2007-08-30,12.050000190734863,12.100000381469727,11.899999618530273,12.09000015258789,5.168654441833496,96300.0
2007-08-31,12.220000267028809,12.25,12.149999618530273,12.25,5.237056255340576,31400.0
2007-09-04,12.25,12.289999961853027,12.1899995803833,12.260000228881836,5.241331577301025,50500.0
2007-09-05,12.25,12.329999923706055,12.210000038146973,12.300000190734863,5.258434295654297,38800.0
2007-09-06,12.25,12.5,12.25,12.470000267028809,5.331109523773193,39200.0
2007-09-07,12.359999656677246,12.789999961853027,12.359999656677246,12.75,5.450814723968506,78200.0
2007-09-10,12.760000228881836,12.880000114440918,12.739999771118164,12.880000114440918,5.5063910484313965,25700.0
2007-09-11,12.880000114440918,13.069999694824219,12.880000114440918,12.949999809265137,5.536316871643066,27500.0
2007-09-12,12.9399995803833,12.9399995803833,12.789999961853027,12.789999961853027,5.491235733032227,48000.0
2007-09-13,12.649999618530273,12.779999732971191,12.600000381469727,12.609999656677246,5.4139556884765625,40400.0
2007-09-14,12.520000457763672,12.600000381469727,12.420000076293945,12.569999694824219,5.396783351898193,53300.0
2007-09-17,12.5600004196167,12.5600004196167,12.399999618530273,12.479999542236328,5.358142375946045,31400.0
2007-09-18,12.479999542236328,12.479999542236328,12.369999885559082,12.470000267028809,5.353847980499268,27600.0
2007-09-19,12.399999618530273,12.479999542236328,12.210000038146973,12.34000015258789,5.298035621643066,73500.0
2007-09-20,12.34000015258789,12.34000015258789,12.170000076293945,12.279999732971191,5.272275447845459,61200.0
2007-09-21,12.3100004196167,12.40999984741211,12.220000267028809,12.220000267028809,5.246515274047852,56600.0
2007-09-24,12.3100004196167,12.3100004196167,12.119999885559082,12.149999618530273,5.216459274291992,87600.0
2007-09-25,12.140000343322754,12.25,12.140000343322754,12.25,5.259392738342285,69900.0
2007-09-26,12.220000267028809,12.289999961853027,12.220000267028809,12.270000457763672,5.2679829597473145,62000.0
2007-09-27,12.270000457763672,12.319999694824219,12.1899995803833,12.319999694824219,5.289445400238037,105000.0
2007-09-28,12.34000015258789,12.380000114440918,12.300000190734863,12.350000381469727,5.302330017089844,43000.0
2007-10-01,12.359999656677246,12.399999618530273,12.34000015258789,12.399999618530273,5.323793411254883,42500.0
2007-10-02,12.34000015258789,12.390000343322754,12.329999923706055,12.34000015258789,5.298035621643066,24600.0
2007-10-03,12.359999656677246,12.399999618530273,12.260000228881836,12.34000015258789,5.298035621643066,52600.0
2007-10-04,12.34000015258789,12.449999809265137,12.289999961853027,12.380000114440918,5.315205097198486,32700.0
2007-10-05,12.420000076293945,12.430000305175781,12.329999923706055,12.430000305175781,5.336674690246582,43600.0
2007-10-08,12.430000305175781,12.430000305175781,12.300000190734863,12.390000343322754,5.319502353668213,35900.0
2007-10-09,12.380000114440918,12.399999618530273,12.300000190734863,12.350000381469727,5.302330017089844,68500.0
2007-10-10,12.300000190734863,12.460000038146973,12.300000190734863,12.460000038146973,5.349554061889648,40200.0
2007-10-11,12.300000190734863,12.350000381469727,12.25,12.25,5.282713413238525,41900.0
2007-10-12,12.350000381469727,12.350000381469727,12.239999771118164,12.289999961853027,5.299964904785156,29200.0
2007-10-15,12.390000343322754,12.390000343322754,12.25,12.25,5.282713413238525,26800.0
2007-10-16,12.25,12.260000228881836,12.119999885559082,12.15999984741211,5.243900775909424,59400.0
2007-10-17,12.180000305175781,12.1899995803833,12.109999656677246,12.15999984741211,5.243900775909424,39500.0
2007-10-18,12.170000076293945,12.1899995803833,12.109999656677246,12.149999618530273,5.239589214324951,26100.0
2007-10-19,12.15999984741211,12.199999809265137,12.069999694824219,12.100000381469727,5.2180280685424805,263800.0
2007-10-22,12.109999656677246,12.1899995803833,12.109999656677246,12.130000114440918,5.230964183807373,70800.0
2007-10-23,12.170000076293945,12.199999809265137,12.130000114440918,12.199999809265137,5.261147975921631,44800.0
2007-10-24,12.289999961853027,12.289999961853027,12.149999618530273,12.229999542236328,5.274085998535156,52900.0
2007-10-25,12.199999809265137,12.199999809265137,12.0600004196167,12.149999618530273,5.239589214324951,62100.0
2007-10-26,12.109999656677246,12.149999618530273,12.09000015258789,12.140000343322754,5.235275745391846,26000.0
2007-10-29,12.140000343322754,12.149999618530273,11.979999542236328,12.039999961853027,5.1921491622924805,63600.0
2007-10-30,12.069999694824219,12.079999923706055,12.0,12.010000228881836,5.179216384887695,53300.0
2007-10-31,12.050000190734863,12.140000343322754,12.0,12.140000343322754,5.235275745391846,59000.0
2007-11-01,12.140000343322754,12.140000343322754,12.0600004196167,12.130000114440918,5.230964183807373,23800.0
2007-11-02,12.119999885559082,12.119999885559082,11.960000038146973,12.069999694824219,5.205089569091797,23700.0
2007-11-05,12.100000381469727,12.119999885559082,11.850000381469727,11.949999809265137,5.1533403396606445,70700.0
2007-11-06,12.020000457763672,12.050000190734863,11.880000114440918,11.960000038146973,5.157650470733643,47900.0
2007-11-07,12.039999961853027,12.0600004196167,11.779999732971191,11.8100004196167,5.092966079711914,61100.0
2007-11-08,11.699999809265137,11.8100004196167,11.65999984741211,11.8100004196167,5.092966079711914,44600.0
2007-11-09,11.699999809265137,11.75,11.569999694824219,11.609999656677246,5.006715297698975,43000.0
2007-11-12,11.609999656677246,11.630000114440918,11.5,11.609999656677246,5.006715297698975,38700.0
2007-11-13,11.510000228881836,11.619999885559082,11.470000267028809,11.550000190734863,5.004552841186523,72700.0
2007-11-14,11.550000190734863,11.550000190734863,11.430000305175781,11.460000038146973,4.965556621551514,52200.0
2007-11-15,11.4399995803833,11.449999809265137,11.300000190734863,11.3100004196167,4.900559902191162,56300.0
2007-11-16,11.260000228881836,11.399999618530273,11.220000267028809,11.329999923706055,4.909228801727295,63200.0
2007-11-19,11.140000343322754,11.449999809265137,11.140000343322754,11.359999656677246,4.922224998474121,86900.0
2007-11-20,11.199999809265137,11.449999809265137,11.199999809265137,11.329999923706055,4.909228801727295,101200.0
2007-11-21,11.4399995803833,11.470000267028809,11.329999923706055,11.34000015258789,4.913560390472412,57800.0
2007-11-23,11.350000381469727,11.430000305175781,11.350000381469727,11.420000076293945,4.9482245445251465,17600.0
2007-11-26,11.420000076293945,11.520000457763672,11.420000076293945,11.520000457763672,4.99155330657959,106600.0
2007-11-27,11.420000076293945,11.569999694824219,11.420000076293945,11.569999694824219,5.013217926025391,79800.0
2007-11-28,11.520000457763672,11.75,11.510000228881836,11.5600004196167,5.008884429931641,130900.0
2007-11-29,11.59000015258789,11.670000076293945,11.4399995803833,11.510000228881836,4.987220287322998,171600.0
2007-11-30,11.319999694824219,11.729999542236328,11.319999694824219,11.649999618530273,5.047881603240967,135200.0
2007-12-03,11.699999809265137,11.770000457763672,11.65999984741211,11.760000228881836,5.095541000366211,73900.0
2007-12-04,11.800000190734863,11.850000381469727,11.699999809265137,11.850000381469727,5.134544372558594,82600.0
2007-12-05,12.100000381469727,12.100000381469727,11.800000190734863,11.829999923706055,5.125871181488037,49000.0
2007-12-06,11.75,11.850000381469727,11.75,11.770000457763672,5.099876880645752,68400.0
2007-12-07,11.800000190734863,11.800000190734863,11.619999885559082,11.670000076293945,5.056545257568359,102000.0
2007-12-10,11.739999771118164,11.760000228881836,11.609999656677246,11.699999809265137,5.069545269012451,142700.0
2007-12-11,11.729999542236328,11.789999961853027,11.65999984741211,11.729999542236328,5.082544803619385,107100.0
2007-12-12,11.65999984741211,11.729999542236328,11.600000381469727,11.6899995803833,5.089071273803711,134400.0
2007-12-13,11.65999984741211,11.6899995803833,11.449999809265137,11.449999809265137,4.9845967292785645,127800.0
2007-12-14,11.5,11.630000114440918,11.380000114440918,11.4399995803833,4.98024320602417,105400.0
2007-12-17,11.4399995803833,11.529999732971191,11.380000114440918,11.5,5.006359577178955,142600.0
2007-12-18,11.470000267028809,11.5600004196167,11.449999809265137,11.510000228881836,5.01071310043335,113200.0
2007-12-19,11.529999732971191,11.5600004196167,11.4399995803833,11.529999732971191,5.019420623779297,141900.0
2007-12-20,11.470000267028809,11.539999961853027,11.399999618530273,11.520000457763672,5.015069484710693,139400.0
2007-12-21,11.5,11.510000228881836,11.420000076293945,11.5,5.006359577178955,146500.0
2007-12-24,11.529999732971191,11.819999694824219,11.479999542236328,11.579999923706055,5.041189670562744,163400.0
2007-12-26,11.600000381469727,11.619999885559082,11.5,11.569999694824219,5.0368332862854,174800.0
2007-12-27,11.59000015258789,11.600000381469727,11.449999809265137,11.539999961853027,5.023775100708008,152000.0
2007-12-28,11.640000343322754,11.649999618530273,11.539999961853027,11.59000015258789,5.045541286468506,191400.0
2007-12-31,11.600000381469727,11.739999771118164,11.579999923706055,11.739999771118164,5.110842704772949,124500.0
2008-01-02,11.770000457763672,11.859999656677246,11.720000267028809,11.859999656677246,5.163081645965576,54100.0
2008-01-03,11.979999542236328,12.010000228881836,11.930000305175781,11.989999771118164,5.219675540924072,86600.0
2008-01-04,12.039999961853027,12.210000038146973,12.039999961853027,12.149999618530273,5.289330005645752,140400.0
2008-01-07,12.199999809265137,12.300000190734863,12.149999618530273,12.270000457763672,5.341569423675537,71100.0
2008-01-08,12.220000267028809,12.34000015258789,12.210000038146973,12.279999732971191,5.345922946929932,99400.0
2008-01-09,12.289999961853027,12.329999923706055,12.239999771118164,12.260000228881836,5.337215900421143,52200.0
2008-01-10,12.329999923706055,12.34000015258789,12.300000190734863,12.34000015258789,5.372041702270508,50400.0
2008-01-11,12.34000015258789,12.399999618530273,12.329999923706055,12.399999618530273,5.398161888122559,31000.0
2008-01-14,12.430000305175781,12.430000305175781,12.359999656677246,12.369999885559082,5.385105133056641,47500.0
2008-01-15,12.380000114440918,12.520000457763672,12.380000114440918,12.4399995803833,5.4155755043029785,51800.0
2008-01-16,12.489999771118164,12.539999961853027,12.4399995803833,12.510000228881836,5.446048259735107,36000.0
2008-01-17,12.449999809265137,12.470000267028809,12.350000381469727,12.350000381469727,5.400140762329102,47400.0
2008-01-18,12.229999542236328,12.430000305175781,12.199999809265137,12.220000267028809,5.343295574188232,72000.0
2008-01-22,12.010000228881836,12.270000457763672,12.010000228881836,12.270000457763672,5.365157604217529,54700.0
2008-01-23,12.350000381469727,12.430000305175781,12.289999961853027,12.420000076293945,5.430744171142578,58300.0
2008-01-24,12.470000267028809,12.520000457763672,12.420000076293945,12.460000038146973,5.448235511779785,39600.0
2008-01-25,12.489999771118164,12.489999771118164,12.319999694824219,12.380000114440918,5.41325569152832,28500.0
2008-01-28,12.380000114440918,12.380000114440918,12.25,12.3100004196167,5.382648468017578,76700.0
2008-01-29,12.350000381469727,12.350000381469727,12.260000228881836,12.3100004196167,5.382648468017578,32300.0
2008-01-30,12.289999961853027,12.300000190734863,12.170000076293945,12.260000228881836,5.3607869148254395,56000.0
2008-01-31,12.199999809265137,12.289999961853027,12.1899995803833,12.220000267028809,5.343295574188232,35800.0
2008-02-01,12.149999618530273,12.3100004196167,12.149999618530273,12.279999732971191,5.3695292472839355,29000.0
2008-02-04,12.300000190734863,12.300000190734863,12.229999542236328,12.270000457763672,5.365157604217529,29300.0
2008-02-05,12.270000457763672,12.3100004196167,12.260000228881836,12.270000457763672,5.365157604217529,16800.0
2008-02-06,12.300000190734863,12.329999923706055,12.279999732971191,12.3100004196167,5.382648468017578,17400.0
2008-02-07,12.300000190734863,12.329999923706055,12.1899995803833,12.1899995803833,5.330175876617432,41400.0
2008-02-08,12.1899995803833,12.270000457763672,12.15999984741211,12.260000228881836,5.3607869148254395,30300.0
2008-02-11,12.25,12.380000114440918,12.229999542236328,12.380000114440918,5.41325569152832,38400.0
2008-02-12,12.430000305175781,12.460000038146973,12.390000343322754,12.460000038146973,5.448235511779785,39900.0
2008-02-13,12.430000305175781,12.430000305175781,12.210000038146973,12.210000038146973,5.3625922203063965,54000.0
2008-02-14,12.149999618530273,12.149999618530273,11.739999771118164,11.739999771118164,5.156170845031738,90600.0
2008-02-15,11.640000343322754,11.739999771118164,11.420000076293945,11.710000038146973,5.142995357513428,100500.0
2008-02-19,11.800000190734863,11.949999809265137,11.710000038146973,11.949999809265137,5.248399257659912,68900.0
2008-02-20,11.9399995803833,11.9399995803833,11.829999923706055,11.850000381469727,5.204481601715088,48100.0
2008-02-21,11.800000190734863,11.850000381469727,11.670000076293945,11.680000305175781,5.129817962646484,55200.0
2008-02-22,11.680000305175781,11.739999771118164,11.550000190734863,11.619999885559082,5.103468894958496,32400.0
2008-02-25,11.640000343322754,11.779999732971191,11.640000343322754,11.6899995803833,5.1342082023620605,32700.0
2008-02-26,11.75,11.75,11.699999809265137,11.739999771118164,5.156170845031738,27900.0
2008-02-27,11.729999542236328,11.729999542236328,11.579999923706055,11.670000076293945,5.12542724609375,38800.0
2008-02-28,11.609999656677246,11.65999984741211,11.1899995803833,11.199999809265137,4.919003963470459,163000.0
2008-02-29,11.149999618530273,11.15999984741211,10.800000190734863,10.850000381469727,4.765285491943359,192300.0
2008-03-03,10.920000076293945,11.130000114440918,10.829999923706055,11.050000190734863,4.853124618530273,219900.0
2008-03-04,11.109999656677246,11.3100004196167,11.109999656677246,11.3100004196167,4.967319011688232,99700.0
2008-03-05,11.399999618530273,11.520000457763672,11.369999885559082,11.420000076293945,5.015626430511475,55400.0
2008-03-06,11.449999809265137,11.520000457763672,11.300000190734863,11.3100004196167,4.967319011688232,50300.0
2008-03-07,11.470000267028809,11.470000267028809,11.369999885559082,11.380000114440918,4.9980597496032715,37500.0
2008-03-10,11.390000343322754,11.529999732971191,11.3100004196167,11.329999923706055,4.976099967956543,101900.0
2008-03-11,11.460000038146973,11.529999732971191,11.3100004196167,11.420000076293945,5.015626430511475,61800.0
2008-03-12,11.279999732971191,11.430000305175781,11.199999809265137,11.25,4.964875221252441,29400.0
2008-03-13,11.25,11.25,10.989999771118164,11.210000038146973,4.947222709655762,47700.0
2008-03-14,11.210000038146973,11.210000038146973,11.029999732971191,11.039999961853027,4.872198104858398,18900.0
2008-03-17,11.010000228881836,11.109999656677246,10.899999618530273,10.90999984741211,4.814823627471924,37300.0
2008-03-18,10.90999984741211,11.119999885559082,10.90999984741211,11.010000228881836,4.8589582443237305,47100.0
2008-03-19,11.050000190734863,11.100000381469727,10.930000305175781,10.9399995803833,4.828063011169434,44800.0
2008-03-20,10.930000305175781,11.170000076293945,10.779999732971191,10.9399995803833,4.828063011169434,86700.0
2008-03-24,11.039999961853027,11.130000114440918,11.020000457763672,11.079999923706055,4.8898491859436035,21500.0
2008-03-25,11.119999885559082,11.180000305175781,11.010000228881836,11.109999656677246,4.9030890464782715,43400.0
2008-03-26,11.100000381469727,11.289999961853027,11.100000381469727,11.260000228881836,4.969287395477295,37200.0
2008-03-27,11.1899995803833,11.34000015258789,11.180000305175781,11.239999771118164,4.960461616516113,38200.0
2008-03-28,11.239999771118164,11.300000190734863,11.199999809265137,11.260000228881836,4.969287395477295,22100.0
2008-03-31,11.300000190734863,11.34000015258789,11.25,11.289999961853027,4.982529163360596,31800.0
2008-04-01,11.25,11.390000343322754,11.25,11.380000114440918,5.022244453430176,24700.0
2008-04-02,11.399999618530273,11.399999618530273,11.300000190734863,11.319999694824219,4.9957709312438965,25100.0
2008-04-03,11.369999885559082,11.420000076293945,11.300000190734863,11.329999923706055,5.000182628631592,40500.0
2008-04-04,11.369999885559082,11.420000076293945,11.359999656677246,11.380000114440918,5.022244453430176,9100.0
2008-04-07,11.4399995803833,11.550000190734863,11.4399995803833,11.510000228881836,5.079617500305176,36300.0
2008-04-08,11.550000190734863,11.569999694824219,11.399999618530273,11.449999809265137,5.053142070770264,35400.0
2008-04-09,11.470000267028809,11.550000190734863,11.470000267028809,11.550000190734863,5.097275257110596,24200.0
2008-04-10,11.550000190734863,11.739999771118164,11.550000190734863,11.739999771118164,5.181124687194824,39700.0
2008-04-11,11.699999809265137,11.850000381469727,11.630000114440918,11.850000381469727,5.2542829513549805,51400.0
2008-04-14,11.850000381469727,11.9399995803833,11.84000015258789,11.90999984741211,5.280886173248291,28000.0
2008-04-15,11.829999923706055,11.930000305175781,11.800000190734863,11.880000114440918,5.267585277557373,47600.0
2008-04-16,11.930000305175781,11.949999809265137,11.890000343322754,11.899999618530273,5.276454448699951,34600.0
2008-04-17,11.899999618530273,12.069999694824219,11.899999618530273,12.069999694824219,5.351832389831543,28300.0
2008-04-18,12.149999618530273,12.149999618530273,12.0,12.029999732971191,5.334095001220703,27300.0
2008-04-21,11.989999771118164,12.039999961853027,11.899999618530273,11.930000305175781,5.289757251739502,37000.0
2008-04-22,11.850000381469727,11.989999771118164,11.8100004196167,11.8100004196167,5.236551761627197,61200.0
2008-04-23,11.890000343322754,11.979999542236328,11.829999923706055,11.970000267028809,5.307496070861816,46900.0
2008-04-24,11.930000305175781,11.970000267028809,11.880000114440918,11.899999618530273,5.276454448699951,16400.0
2008-04-25,11.899999618530273,11.920000076293945,11.850000381469727,11.869999885559082,5.263153076171875,23100.0
2008-04-28,11.949999809265137,11.949999809265137,11.699999809265137,11.699999809265137,5.187773704528809,64000.0
2008-04-29,11.699999809265137,11.720000267028809,11.600000381469727,11.600000381469727,5.143435955047607,60500.0
2008-04-30,11.619999885559082,11.6899995803833,11.619999885559082,11.630000114440918,5.156734466552734,30600.0
2008-05-01,11.720000267028809,11.729999542236328,11.649999618530273,11.710000038146973,5.1922101974487305,31500.0
2008-05-02,11.649999618530273,11.75,11.619999885559082,11.640000343322754,5.161167621612549,19600.0
2008-05-05,11.75,11.760000228881836,11.619999885559082,11.65999984741211,5.170040130615234,41000.0
2008-05-06,11.680000305175781,11.6899995803833,11.630000114440918,11.65999984741211,5.170040130615234,19900.0
2008-05-07,11.670000076293945,11.729999542236328,11.65999984741211,11.65999984741211,5.170040130615234,28800.0
2008-05-08,11.65999984741211,11.699999809265137,11.649999618530273,11.670000076293945,5.174473285675049,14700.0
2008-05-09,11.5600004196167,11.6899995803833,11.5600004196167,11.670000076293945,5.174473285675049,27500.0
2008-05-12,11.680000305175781,11.760000228881836,11.680000305175781,11.760000228881836,5.21437931060791,26600.0
2008-05-13,11.789999961853027,11.789999961853027,11.569999694824219,11.619999885559082,5.176511287689209,60200.0
2008-05-14,11.649999618530273,11.65999984741211,11.5600004196167,11.619999885559082,5.176511287689209,29900.0
2008-05-15,11.75,11.75,11.529999732971191,11.600000381469727,5.167605400085449,58300.0
2008-05-16,11.640000343322754,11.65999984741211,11.600000381469727,11.619999885559082,5.176511287689209,38700.0
2008-05-19,11.640000343322754,11.699999809265137,11.600000381469727,11.699999809265137,5.212150573730469,22300.0
2008-05-20,11.699999809265137,11.729999542236328,11.649999618530273,11.729999542236328,5.225513935089111,34300.0
2008-05-21,11.739999771118164,11.819999694824219,11.739999771118164,11.819999694824219,5.265608787536621,39100.0
2008-05-22,11.819999694824219,12.0,11.819999694824219,12.0,5.345799446105957,123400.0
2008-05-23,11.970000267028809,11.970000267028809,11.899999618530273,11.899999618530273,5.301249027252197,8000.0
2008-05-27,11.949999809265137,11.970000267028809,11.869999885559082,11.970000267028809,5.332433700561523,16500.0
2008-05-28,11.970000267028809,11.979999542236328,11.920000076293945,11.920000076293945,5.310156345367432,27300.0
2008-05-29,11.979999542236328,11.989999771118164,11.90999984741211,11.930000305175781,5.31461238861084,29500.0
2008-05-30,11.930000305175781,12.039999961853027,11.819999694824219,11.819999694824219,5.265608787536621,24000.0
2008-06-02,11.890000343322754,11.949999809265137,11.850000381469727,11.90999984741211,5.305700778961182,21500.0
2008-06-03,11.90999984741211,11.989999771118164,11.84000015258789,11.869999885559082,5.287884712219238,25300.0
2008-06-04,11.829999923706055,11.869999885559082,11.680000305175781,11.699999809265137,5.212150573730469,68000.0
2008-06-05,11.699999809265137,11.800000190734863,11.680000305175781,11.770000457763672,5.2433366775512695,11000.0
2008-06-06,11.770000457763672,11.8100004196167,11.75,11.75,5.234428882598877,19600.0
2008-06-09,11.850000381469727,11.850000381469727,11.720000267028809,11.739999771118164,5.229973316192627,34100.0
2008-06-10,11.75,11.789999961853027,11.699999809265137,11.710000038146973,5.216608047485352,19400.0
2008-06-11,11.739999771118164,11.770000457763672,11.609999656677246,11.640000343322754,5.185420513153076,38100.0
2008-06-12,11.600000381469727,11.600000381469727,11.539999961853027,11.539999961853027,5.165280818939209,16100.0
2008-06-13,11.600000381469727,11.600000381469727,11.449999809265137,11.470000267028809,5.133948802947998,21900.0
2008-06-16,11.539999961853027,11.539999961853027,11.430000305175781,11.430000305175781,5.116045951843262,30500.0
2008-06-17,11.449999809265137,11.460000038146973,11.350000381469727,11.40999984741211,5.10709285736084,29600.0
2008-06-18,11.279999732971191,11.319999694824219,11.180000305175781,11.239999771118164,5.03100061416626,63100.0
2008-06-19,11.260000228881836,11.260000228881836,11.069999694824219,11.069999694824219,4.954911708831787,102000.0
2008-06-20,11.119999885559082,11.119999885559082,10.949999809265137,11.09000015258789,4.963863372802734,60400.0
2008-06-23,10.989999771118164,11.010000228881836,10.949999809265137,10.989999771118164,4.919104099273682,54900.0
2008-06-24,10.989999771118164,11.119999885559082,10.989999771118164,11.0600004196167,4.950433731079102,47200.0
2008-06-25,11.069999694824219,11.270000457763672,11.0600004196167,11.170000076293945,4.999670028686523,43400.0
2008-06-26,11.239999771118164,11.25,11.069999694824219,11.100000381469727,4.968339920043945,25300.0
2008-06-27,11.170000076293945,11.1899995803833,11.079999923706055,11.109999656677246,4.972813129425049,24100.0
2008-06-30,11.1899995803833,11.1899995803833,11.100000381469727,11.130000114440918,4.981762409210205,18800.0
2008-07-01,11.15999984741211,11.15999984741211,11.039999961853027,11.109999656677246,4.972813129425049,24300.0
2008-07-02,11.1899995803833,11.239999771118164,11.0,11.199999809265137,5.013097763061523,39600.0
2008-07-03,11.170000076293945,11.25,11.170000076293945,11.220000267028809,5.02204704284668,21600.0
2008-07-07,11.229999542236328,11.289999961853027,11.210000038146973,11.210000038146973,5.017573833465576,32300.0
2008-07-08,11.210000038146973,11.399999618530273,11.210000038146973,11.380000114440918,5.093660831451416,25600.0
2008-07-09,11.34000015258789,11.470000267028809,11.300000190734863,11.430000305175781,5.116045951843262,25900.0
2008-07-10,11.449999809265137,11.470000267028809,11.420000076293945,11.4399995803833,5.120521545410156,24400.0
2008-07-11,11.460000038146973,11.460000038146973,11.3100004196167,11.3100004196167,5.086788654327393,37800.0
2008-07-14,11.289999961853027,11.329999923706055,11.239999771118164,11.25,5.059802055358887,79600.0
2008-07-15,11.270000457763672,11.270000457763672,10.789999961853027,11.180000305175781,5.028318881988525,36300.0
2008-07-16,11.34000015258789,11.34000015258789,11.119999885559082,11.1899995803833,5.032817840576172,21600.0
2008-07-17,11.279999732971191,11.489999771118164,11.199999809265137,11.279999732971191,5.073297023773193,28700.0
2008-07-18,11.1899995803833,11.220000267028809,11.029999732971191,11.039999961853027,4.965353965759277,38800.0
2008-07-21,11.09000015258789,11.09000015258789,10.949999809265137,10.970000267028809,4.933867931365967,7900.0
2008-07-22,10.989999771118164,11.020000457763672,10.979999542236328,10.989999771118164,4.942865371704102,8200.0
2008-07-23,10.989999771118164,11.0600004196167,10.970000267028809,10.989999771118164,4.942865371704102,10600.0
2008-07-24,11.069999694824219,11.069999694824219,10.90999984741211,10.90999984741211,4.906887054443359,9300.0
2008-07-25,10.979999542236328,11.079999923706055,10.979999542236328,11.020000457763672,4.956358432769775,9700.0
2008-07-28,11.09000015258789,11.1899995803833,10.920000076293945,10.979999542236328,4.938365936279297,38300.0
2008-07-29,10.979999542236328,11.119999885559082,10.979999542236328,11.079999923706055,4.983344078063965,12800.0
2008-07-30,11.0600004196167,11.109999656677246,11.010000228881836,11.0600004196167,4.974348545074463,21100.0
2008-07-31,11.050000190734863,11.079999923706055,11.020000457763672,11.020000457763672,4.956358432769775,17900.0
2008-08-01,11.0600004196167,11.109999656677246,10.680000305175781,10.970000267028809,4.933867931365967,22500.0
2008-08-04,10.949999809265137,10.960000038146973,10.899999618530273,10.960000038146973,4.929370403289795,7500.0
2008-08-05,10.979999542236328,10.979999542236328,10.739999771118164,10.800000190734863,4.857411861419678,37400.0
2008-08-06,10.800000190734863,10.850000381469727,10.569999694824219,10.739999771118164,4.830428600311279,84800.0
2008-08-07,10.680000305175781,10.699999809265137,10.649999618530273,10.65999984741211,4.794443130493164,21400.0
2008-08-08,10.699999809265137,10.880000114440918,10.600000381469727,10.880000114440918,4.8933892250061035,13300.0
2008-08-11,11.029999732971191,11.0600004196167,10.8100004196167,10.890000343322754,4.897889137268066,39900.0
2008-08-12,10.890000343322754,10.9399995803833,10.8100004196167,10.869999885559082,4.888894557952881,19500.0
2008-08-13,10.880000114440918,10.880000114440918,10.819999694824219,10.880000114440918,4.918278217315674,11000.0
2008-08-14,10.9399995803833,10.9399995803833,10.869999885559082,10.869999885559082,4.913755893707275,2800.0
2008-08-15,10.899999618530273,10.970000267028809,10.850000381469727,10.880000114440918,4.918278217315674,11000.0
2008-08-18,10.949999809265137,11.020000457763672,10.899999618530273,10.920000076293945,4.936356544494629,22800.0
2008-08-19,10.920000076293945,10.9399995803833,10.850000381469727,10.859999656677246,4.909236431121826,14300.0
2008-08-20,10.930000305175781,10.9399995803833,10.850000381469727,10.890000343322754,4.9227986335754395,25800.0
2008-08-21,10.930000305175781,10.930000305175781,10.8100004196167,10.84000015258789,4.9001946449279785,31600.0
2008-08-22,10.899999618530273,10.899999618530273,10.760000228881836,10.789999961853027,4.877594947814941,14900.0
2008-08-25,10.869999885559082,10.90999984741211,10.850000381469727,10.90999984741211,4.931839942932129,18200.0
2008-08-26,10.90999984741211,10.989999771118164,10.829999923706055,10.899999618530273,4.927315711975098,41400.0
2008-08-27,10.9399995803833,10.949999809265137,10.850000381469727,10.920000076293945,4.936356544494629,39100.0
2008-08-28,10.9399995803833,10.979999542236328,10.869999885559082,10.949999809265137,4.949918746948242,24100.0
2008-08-29,10.9399995803833,11.0,10.930000305175781,10.979999542236328,4.963480472564697,15100.0
2008-09-02,10.989999771118164,11.039999961853027,10.970000267028809,11.039999961853027,4.990602493286133,10800.0
2008-09-03,11.0600004196167,11.0600004196167,10.960000038146973,11.0,4.9725260734558105,21000.0
2008-09-04,11.010000228881836,11.010000228881836,10.869999885559082,10.899999618530273,4.927315711975098,17100.0
2008-09-05,10.899999618530273,11.029999732971191,10.899999618530273,10.960000038146973,4.954441070556641,31600.0
2008-09-08,10.979999542236328,11.0600004196167,10.949999809265137,11.0600004196167,4.999648094177246,29000.0
2008-09-09,11.09000015258789,11.140000343322754,11.039999961853027,11.09000015258789,5.013205528259277,27300.0
2008-09-10,11.109999656677246,11.109999656677246,10.970000267028809,11.0,4.9725260734558105,37000.0
2008-09-11,10.960000038146973,10.989999771118164,10.859999656677246,10.859999656677246,4.933907508850098,28800.0
2008-09-12,10.880000114440918,10.920000076293945,10.84000015258789,10.899999618530273,4.9520769119262695,21900.0
2008-09-15,10.899999618530273,10.899999618530273,10.569999694824219,10.680000305175781,4.852128982543945,23000.0
2008-09-16,10.579999923706055,10.600000381469727,10.300000190734863,10.470000267028809,4.756722450256348,46800.0
2008-09-17,10.369999885559082,10.369999885559082,9.829999923706055,9.920000076293945,4.506847858428955,36300.0
2008-09-18,9.850000381469727,9.869999885559082,8.779999732971191,9.260000228881836,4.206998348236084,104800.0
2008-09-19,9.350000381469727,9.739999771118164,9.350000381469727,9.649999618530273,4.384181022644043,55200.0
2008-09-22,9.670000076293945,9.75,9.630000114440918,9.699999809265137,4.406896114349365,48800.0
2008-09-23,9.699999809265137,9.75,9.3100004196167,9.550000190734863,4.338745594024658,48500.0
2008-09-24,9.600000381469727,9.630000114440918,9.449999809265137,9.579999923706055,4.352379322052002,41700.0
2008-09-25,9.479999542236328,9.479999542236328,8.819999694824219,8.84000015258789,4.016180992126465,47200.0
2008-09-26,8.850000381469727,9.1899995803833,8.819999694824219,9.100000381469727,4.134302139282227,46300.0
2008-09-29,9.199999809265137,9.210000038146973,8.84000015258789,8.84000015258789,4.016180992126465,45700.0
2008-09-30,9.09000015258789,9.09000015258789,8.649999618530273,8.84000015258789,4.016180992126465,46900.0
2008-10-01,9.0,9.289999961853027,8.789999961853027,9.15999984741211,4.16156005859375,61300.0
2008-10-02,9.15999984741211,9.15999984741211,8.970000267028809,9.010000228881836,4.093415260314941,41100.0
2008-10-03,9.0,9.079999923706055,8.920000076293945,8.949999809265137,4.066155433654785,32600.0
2008-10-06,9.020000457763672,9.020000457763672,7.75,8.170000076293945,3.711787223815918,82600.0
2008-10-07,8.229999542236328,8.420000076293945,8.0600004196167,8.25,3.7481329441070557,58500.0
2008-10-08,8.0,8.100000381469727,7.559999942779541,7.809999942779541,3.548231363296509,72800.0
2008-10-09,7.849999904632568,7.949999809265137,7.099999904632568,7.849999904632568,3.566406726837158,48200.0
2008-10-10,7.690000057220459,8.119999885559082,6.150000095367432,7.420000076293945,3.3948302268981934,121000.0
2008-10-13,7.420000076293945,7.420000076293945,7.25,7.369999885559082,3.3719570636749268,71300.0
2008-10-14,7.619999885559082,7.710000038146973,7.25,7.329999923706055,3.353654146194458,46800.0
2008-10-15,7.300000190734863,7.300000190734863,6.960000038146973,6.96999979019165,3.188946008682251,15900.0
2008-10-16,6.869999885559082,7.03000020980835,6.389999866485596,6.820000171661377,3.1203181743621826,45400.0
2008-10-17,6.800000190734863,6.96999979019165,6.760000228881836,6.869999885559082,3.1431946754455566,38500.0
2008-10-20,7.0,7.329999923706055,7.0,7.28000020980835,3.330780506134033,62800.0
2008-10-21,7.28000020980835,7.300000190734863,7.179999828338623,7.289999961853027,3.335355520248413,45100.0
2008-10-22,7.340000152587891,7.480000019073486,7.25,7.480000019073486,3.422285795211792,98400.0
2008-10-23,7.539999961853027,8.170000076293945,7.539999961853027,8.100000381469727,3.7059500217437744,115700.0
2008-10-24,8.050000190734863,8.1899995803833,7.829999923706055,8.170000076293945,3.7379753589630127,84100.0
2008-10-27,8.239999771118164,9.569999694824219,7.96999979019165,8.239999771118164,3.770005226135254,94200.0
2008-10-28,8.520000457763672,8.529999732971191,8.199999809265137,8.319999694824219,3.806607484817505,28700.0
2008-10-29,8.319999694824219,8.789999961853027,8.020000457763672,8.020000457763672,3.669349193572998,67100.0
2008-10-30,8.109999656677246,8.25,7.849999904632568,8.100000381469727,3.7059500217437744,59900.0
2008-10-31,8.100000381469727,9.0,8.010000228881836,8.399999618530273,3.8432068824768066,95800.0
2008-11-03,8.380000114440918,8.380000114440918,7.889999866485596,7.889999866485596,3.6098718643188477,24900.0
2008-11-04,7.889999866485596,8.15999984741211,7.880000114440918,8.15999984741211,3.73340106010437,45200.0
2008-11-05,8.359999656677246,8.460000038146973,8.140000343322754,8.369999885559082,3.829481840133667,53800.0
2008-11-06,8.369999885559082,8.550000190734863,8.319999694824219,8.4399995803833,3.8615076541900635,52600.0
2008-11-07,8.4399995803833,8.4399995803833,8.239999771118164,8.390000343322754,3.8386318683624268,34000.0
2008-11-10,8.6899995803833,8.800000190734863,8.399999618530273,8.5,3.88895845413208,27600.0
2008-11-11,8.5,8.5,8.0600004196167,8.069999694824219,3.6922245025634766,29800.0
2008-11-12,8.220000267028809,8.220000267028809,7.420000076293945,7.420000076293945,3.4181272983551025,66800.0
2008-11-13,7.599999904632568,7.909999847412109,7.460000038146973,7.659999847412109,3.5286877155303955,14000.0
2008-11-14,7.860000133514404,8.0,7.659999847412109,7.800000190734863,3.5931804180145264,14800.0
2008-11-17,7.849999904632568,7.889999866485596,7.679999828338623,7.829999923706055,3.607001543045044,22300.0
2008-11-18,7.849999904632568,7.849999904632568,7.619999885559082,7.769999980926514,3.579362392425537,16200.0
2008-11-19,7.550000190734863,7.820000171661377,7.389999866485596,7.550000190734863,3.4780142307281494,42400.0
2008-11-20,7.510000228881836,7.699999809265137,7.260000228881836,7.329999923706055,3.3766696453094482,31100.0
2008-11-21,7.239999771118164,7.550000190734863,6.550000190734863,6.820000171661377,3.141731023788452,74100.0
2008-11-24,7.119999885559082,7.230000019073486,6.909999847412109,7.199999809265137,3.316781759262085,51200.0
2008-11-25,7.25,7.389999866485596,7.190000057220459,7.320000171661377,3.3720648288726807,28400.0
2008-11-26,7.300000190734863,7.489999771118164,7.159999847412109,7.489999771118164,3.4503772258758545,30600.0
2008-11-28,7.449999809265137,7.449999809265137,7.320000171661377,7.369999885559082,3.395095109939575,5400.0
2008-12-01,7.400000095367432,7.5,7.239999771118164,7.239999771118164,3.3352105617523193,25800.0
2008-12-02,7.239999771118164,7.289999961853027,7.039999961853027,7.050000190734863,3.247682571411133,31800.0
2008-12-03,7.090000152587891,7.099999904632568,6.679999828338623,6.739999771118164,3.104879379272461,58200.0
2008-12-04,6.739999771118164,6.75,6.599999904632568,6.670000076293945,3.0726304054260254,37100.0
2008-12-05,6.650000095367432,6.699999809265137,6.0,6.570000171661377,3.0265657901763916,44200.0
2008-12-08,6.5,6.690000057220459,6.429999828338623,6.480000019073486,2.985105514526367,39500.0
2008-12-09,6.429999828338623,6.460000038146973,6.170000076293945,6.260000228881836,2.883759021759033,18400.0
2008-12-10,6.300000190734863,6.550000190734863,6.260000228881836,6.269999980926514,2.888364553451538,37700.0
2008-12-11,6.190000057220459,6.239999771118164,6.0,6.130000114440918,2.8488616943359375,26800.0
2008-12-12,6.0,6.03000020980835,5.420000076293945,5.929999828338623,2.7559146881103516,63900.0
2008-12-15,5.869999885559082,6.0,5.840000152587891,5.900000095367432,2.741971015930176,21400.0
2008-12-16,5.900000095367432,5.900000095367432,5.699999809265137,5.849999904632568,2.718735456466675,42300.0
2008-12-17,5.760000228881836,6.800000190734863,5.710000038146973,6.53000020980835,3.0347580909729004,134100.0
2008-12-18,6.650000095367432,6.710000038146973,6.320000171661377,6.599999904632568,3.0672903060913086,53900.0
2008-12-19,6.550000190734863,6.800000190734863,6.53000020980835,6.599999904632568,3.0672903060913086,57800.0
2008-12-22,6.539999961853027,6.769999980926514,6.539999961853027,6.619999885559082,3.0765864849090576,62200.0
2008-12-23,6.610000133514404,6.659999847412109,6.599999904632568,6.639999866485596,3.0858821868896484,34300.0
2008-12-24,6.730000019073486,6.730000019073486,6.630000114440918,6.630000114440918,3.081233501434326,29600.0
2008-12-26,6.699999809265137,6.75,6.650000095367432,6.699999809265137,3.1137633323669434,63700.0
2008-12-29,6.75,6.849999904632568,6.639999866485596,6.710000038146973,3.118413209915161,67100.0
2008-12-30,6.630000114440918,6.869999885559082,6.610000133514404,6.75,3.13700270652771,86200.0
2008-12-31,6.71999979019165,6.849999904632568,6.690000057220459,6.800000190734863,3.1602373123168945,63300.0
2009-01-02,6.809999942779541,7.199999809265137,6.809999942779541,7.179999828338623,3.336839437484741,36000.0
2009-01-05,7.28000020980835,7.630000114440918,7.25,7.619999885559082,3.541325092315674,32900.0
2009-01-06,7.639999866485596,8.010000228881836,7.639999866485596,7.78000020980835,3.6156842708587646,55100.0
2009-01-07,7.730000019073486,7.849999904632568,7.639999866485596,7.699999809265137,3.578507423400879,43900.0
2009-01-08,7.659999847412109,8.079999923706055,7.659999847412109,7.980000019073486,3.7086315155029297,39000.0
2009-01-09,8.170000076293945,8.170000076293945,7.860000133514404,7.980000019073486,3.7086315155029297,76600.0
2009-01-12,8.0,8.029999732971191,7.909999847412109,7.949999809265137,3.6946918964385986,48500.0
2009-01-13,7.900000095367432,8.119999885559082,7.900000095367432,8.0600004196167,3.7719085216522217,24800.0
2009-01-14,8.109999656677246,8.119999885559082,7.960000038146973,8.079999923706055,3.7812659740448,28200.0
2009-01-15,8.119999885559082,8.180000305175781,8.0600004196167,8.149999618530273,3.814025640487671,30500.0
2009-01-16,8.149999618530273,8.329999923706055,8.149999618530273,8.300000190734863,3.884222984313965,27100.0
2009-01-20,8.350000381469727,8.380000114440918,8.15999984741211,8.15999984741211,3.8187050819396973,23200.0
2009-01-21,8.09000015258789,8.1899995803833,8.039999961853027,8.100000381469727,3.7906291484832764,12300.0
2009-01-22,8.0600004196167,8.069999694824219,7.800000190734863,7.900000095367432,3.6970317363739014,27200.0
2009-01-23,7.860000133514404,7.900000095367432,7.760000228881836,7.760000228881836,3.63151216506958,11400.0
2009-01-26,7.769999980926514,7.820000171661377,7.75,7.769999980926514,3.6361942291259766,43600.0
2009-01-27,7.769999980926514,7.869999885559082,7.75,7.849999904632568,3.6736321449279785,29000.0
2009-01-28,7.940000057220459,8.1899995803833,7.940000057220459,8.170000076293945,3.8233838081359863,26200.0
2009-01-29,8.130000114440918,8.199999809265137,8.130000114440918,8.199999809265137,3.83742618560791,18100.0
2009-01-30,8.229999542236328,8.569999694824219,8.119999885559082,8.130000114440918,3.8046653270721436,24900.0
2009-02-02,8.1899995803833,8.25,8.050000190734863,8.100000381469727,3.7906291484832764,38000.0
2009-02-03,8.109999656677246,8.210000038146973,8.109999656677246,8.210000038146973,3.842104196548462,14000.0
2009-02-04,8.210000038146973,8.369999885559082,8.199999809265137,8.25,3.860823631286621,34200.0
2009-02-05,8.25,8.420000076293945,8.199999809265137,8.420000076293945,3.9403786659240723,22800.0
2009-02-06,8.420000076293945,8.520000457763672,8.420000076293945,8.520000457763672,3.987179756164551,25100.0
2009-02-09,8.520000457763672,8.579999923706055,8.489999771118164,8.5600004196167,4.0058979988098145,23800.0
2009-02-10,8.550000190734863,8.59000015258789,8.5,8.569999694824219,4.010577201843262,8300.0
2009-02-11,8.520000457763672,8.550000190734863,8.420000076293945,8.470000267028809,3.989380121231079,30800.0
2009-02-12,8.460000038146973,8.550000190734863,8.399999618530273,8.449999809265137,3.9799587726593018,33700.0
2009-02-13,8.520000457763672,8.520000457763672,8.449999809265137,8.479999542236328,3.9940919876098633,5000.0
2009-02-17,8.449999809265137,8.539999961853027,8.369999885559082,8.369999885559082,3.9422812461853027,36400.0
2009-02-18,8.5,8.5,8.25,8.279999732971191,3.899892568588257,32900.0
2009-02-19,8.239999771118164,8.239999771118164,8.0,8.0,3.7680108547210693,38400.0
2009-02-20,7.980000019073486,7.980000019073486,7.710000038146973,7.75,3.650259017944336,30700.0
2009-02-23,7.840000152587891,7.880000114440918,7.380000114440918,7.75,3.650259017944336,51700.0
2009-02-24,7.789999961853027,7.929999828338623,7.25,7.829999923706055,3.6879401206970215,46400.0
2009-02-25,7.940000057220459,8.199999809265137,7.840000152587891,7.96999979019165,3.753880262374878,23800.0
2009-02-26,8.100000381469727,8.319999694824219,8.079999923706055,8.220000267028809,3.871630907058716,30600.0
2009-02-27,8.220000267028809,8.300000190734863,8.079999923706055,8.079999923706055,3.805689573287964,13100.0
2009-03-02,8.130000114440918,8.130000114440918,7.880000114440918,7.909999847412109,3.725618600845337,33000.0
2009-03-03,7.96999979019165,7.96999979019165,7.659999847412109,7.739999771118164,3.6455509662628174,29100.0
2009-03-04,7.739999771118164,7.980000019073486,7.739999771118164,7.920000076293945,3.7303314208984375,26600.0
2009-03-05,7.769999980926514,7.889999866485596,7.769999980926514,7.820000171661377,3.683231830596924,18500.0
2009-03-06,7.900000095367432,7.940000057220459,7.860000133514404,7.880000114440918,3.711489200592041,9700.0
2009-03-09,7.860000133514404,7.960000038146973,7.769999980926514,7.769999980926514,3.6596810817718506,19800.0
2009-03-10,7.809999942779541,8.020000457763672,7.809999942779541,7.869999885559082,3.706780195236206,35400.0
2009-03-11,7.889999866485596,8.029999732971191,7.840000152587891,7.909999847412109,3.725618600845337,29000.0
2009-03-12,7.820000171661377,8.050000190734863,7.820000171661377,7.980000019073486,3.7849085330963135,18500.0
2009-03-13,7.949999809265137,8.210000038146973,7.909999847412109,7.989999771118164,3.7896525859832764,16500.0
2009-03-16,8.079999923706055,8.199999809265137,8.020000457763672,8.050000190734863,3.8181076049804688,26800.0
2009-03-17,7.980000019073486,7.980000019073486,7.800000190734863,7.840000152587891,3.7185065746307373,21400.0
2009-03-18,7.840000152587891,7.900000095367432,7.840000152587891,7.900000095367432,3.746964693069458,9200.0
2009-03-19,7.880000114440918,7.989999771118164,7.880000114440918,7.960000038146973,3.7754220962524414,7000.0
2009-03-20,7.989999771118164,8.079999923706055,7.989999771118164,8.069999694824219,3.827594757080078,16400.0
2009-03-23,8.0600004196167,8.329999923706055,8.0600004196167,8.229999542236328,3.9034833908081055,39600.0
2009-03-24,8.229999542236328,8.279999732971191,8.050000190734863,8.100000381469727,3.841825008392334,33500.0
2009-03-25,8.119999885559082,8.199999809265137,8.069999694824219,8.079999923706055,3.8323371410369873,22700.0
2009-03-26,8.119999885559082,8.300000190734863,8.119999885559082,8.220000267028809,3.8987388610839844,50300.0
2009-03-27,8.229999542236328,8.260000228881836,8.199999809265137,8.239999771118164,3.9082281589508057,29000.0
2009-03-30,8.270000457763672,8.270000457763672,8.0600004196167,8.079999923706055,3.8323371410369873,17900.0
2009-03-31,8.100000381469727,8.130000114440918,8.020000457763672,8.09000015258789,3.837080478668213,11600.0
2009-04-01,8.079999923706055,8.170000076293945,8.079999923706055,8.170000076293945,3.875025987625122,5700.0
2009-04-02,8.199999809265137,8.390000343322754,8.15999984741211,8.3100004196167,3.9414284229278564,25100.0
2009-04-03,8.300000190734863,8.3100004196167,8.229999542236328,8.289999961853027,3.9319398403167725,14200.0
2009-04-06,8.229999542236328,8.319999694824219,8.229999542236328,8.319999694824219,3.946169376373291,7800.0
2009-04-07,8.319999694824219,8.319999694824219,8.300000190734863,8.319999694824219,3.946169376373291,2900.0
2009-04-08,8.3100004196167,8.369999885559082,8.260000228881836,8.359999656677246,3.965144157409668,19100.0
2009-04-09,8.359999656677246,8.399999618530273,8.350000381469727,8.369999885559082,3.9698851108551025,10200.0
2009-04-13,8.5,8.5,8.25,8.369999885559082,3.9961423873901367,29300.0
2009-04-14,8.34000015258789,8.399999618530273,8.329999923706055,8.369999885559082,3.9961423873901367,10100.0
2009-04-15,8.319999694824219,8.369999885559082,8.15999984741211,8.15999984741211,3.895883560180664,40200.0
2009-04-16,8.170000076293945,8.3100004196167,8.170000076293945,8.3100004196167,3.967499256134033,21700.0
2009-04-17,8.3100004196167,8.520000457763672,8.3100004196167,8.479999542236328,4.048659801483154,40500.0
2009-04-20,8.40999984741211,8.449999809265137,8.3100004196167,8.399999618530273,4.010467529296875,30000.0
2009-04-21,8.399999618530273,8.520000457763672,8.350000381469727,8.510000228881836,4.06298303604126,37800.0
2009-04-22,8.5,8.6899995803833,8.34000015258789,8.4399995803833,4.029565334320068,87400.0
2009-04-23,8.460000038146973,8.699999809265137,8.460000038146973,8.619999885559082,4.115502834320068,47700.0
2009-04-24,8.680000305175781,8.6899995803833,8.600000381469727,8.630000114440918,4.12027645111084,21700.0
2009-04-27,8.600000381469727,8.630000114440918,8.539999961853027,8.619999885559082,4.115502834320068,20700.0
2009-04-28,8.619999885559082,8.930000305175781,8.569999694824219,8.579999923706055,4.096408367156982,52900.0
2009-04-29,8.59000015258789,8.699999809265137,8.59000015258789,8.630000114440918,4.12027645111084,22300.0
2009-04-30,8.649999618530273,8.8100004196167,8.649999618530273,8.8100004196167,4.2062177658081055,24200.0
2009-05-01,8.859999656677246,8.859999656677246,8.729999542236328,8.859999656677246,4.23008918762207,23000.0
2009-05-04,8.770000457763672,8.899999618530273,8.770000457763672,8.880000114440918,4.239635944366455,33700.0
2009-05-05,8.859999656677246,8.960000038146973,8.859999656677246,8.930000305175781,4.2635111808776855,16800.0
2009-05-06,8.930000305175781,9.0,8.819999694824219,9.0,4.296928882598877,16700.0
2009-05-07,8.970000267028809,9.050000190734863,8.960000038146973,9.010000228881836,4.301702976226807,8400.0
2009-05-08,9.010000228881836,9.1899995803833,9.010000228881836,9.1899995803833,4.3876447677612305,28800.0
2009-05-11,9.149999618530273,9.149999618530273,9.09000015258789,9.09000015258789,4.33989953994751,18300.0
2009-05-12,9.09000015258789,9.109999656677246,9.09000015258789,9.100000381469727,4.344674110412598,5300.0
2009-05-13,9.029999732971191,9.130000114440918,8.970000267028809,8.970000267028809,4.308649063110352,25700.0
2009-05-14,8.970000267028809,9.0,8.960000038146973,8.989999771118164,4.318252086639404,11600.0
2009-05-15,9.029999732971191,9.09000015258789,8.960000038146973,9.09000015258789,4.366288185119629,8000.0
2009-05-18,9.020000457763672,9.180000305175781,9.020000457763672,9.170000076293945,4.4047160148620605,31200.0
2009-05-19,9.119999885559082,9.3100004196167,9.109999656677246,9.3100004196167,4.471961498260498,24500.0
2009-05-20,9.300000190734863,9.350000381469727,9.25,9.300000190734863,4.467159748077393,34800.0
2009-05-21,9.34000015258789,9.34000015258789,9.170000076293945,9.1899995803833,4.414322853088379,27200.0
2009-05-22,9.170000076293945,9.84000015258789,9.15999984741211,9.300000190734863,4.467159748077393,87600.0
2009-05-26,9.199999809265137,9.350000381469727,9.199999809265137,9.25,4.44314432144165,35100.0
2009-05-27,9.260000228881836,9.350000381469727,9.229999542236328,9.289999961853027,4.462356090545654,23300.0
2009-05-28,9.359999656677246,9.359999656677246,9.1899995803833,9.270000457763672,4.452749729156494,20000.0
2009-05-29,9.220000267028809,9.390000343322754,9.1899995803833,9.390000343322754,4.51038932800293,28400.0
2009-06-01,9.420000076293945,9.420000076293945,9.239999771118164,9.239999771118164,4.438338756561279,33200.0
2009-06-02,9.210000038146973,9.260000228881836,9.180000305175781,9.239999771118164,4.438338756561279,30400.0
2009-06-03,9.1899995803833,9.270000457763672,9.079999923706055,9.130000114440918,4.385502815246582,34300.0
2009-06-04,9.09000015258789,9.229999542236328,9.079999923706055,9.220000267028809,4.42873477935791,25800.0
2009-06-05,9.1899995803833,9.1899995803833,9.100000381469727,9.149999618530273,4.395109176635742,26400.0
2009-06-08,9.180000305175781,9.25,9.119999885559082,9.170000076293945,4.4047160148620605,29700.0
2009-06-09,9.140000343322754,9.15999984741211,9.119999885559082,9.15999984741211,4.399913787841797,4400.0
2009-06-10,9.109999656677246,9.149999618530273,9.109999656677246,9.140000343322754,4.390305042266846,19500.0
2009-06-11,9.100000381469727,9.119999885559082,9.039999961853027,9.039999961853027,4.368558883666992,10200.0
2009-06-12,9.010000228881836,9.010000228881836,8.84000015258789,8.890000343322754,4.296070098876953,25000.0
2009-06-15,8.84000015258789,8.84000015258789,8.75,8.760000228881836,4.233248710632324,24600.0
2009-06-16,8.760000228881836,8.890000343322754,8.720000267028809,8.890000343322754,4.296070098876953,44000.0
2009-06-17,8.90999984741211,9.0,8.819999694824219,8.829999923706055,4.267077445983887,9900.0
2009-06-18,8.75,8.979999542236328,8.75,8.920000076293945,4.310567378997803,23200.0
2009-06-19,8.880000114440918,8.880000114440918,8.800000190734863,8.829999923706055,4.267077445983887,24100.0
2009-06-22,8.770000457763672,8.789999961853027,8.760000228881836,8.779999732971191,4.242912769317627,10400.0
2009-06-23,8.779999732971191,8.789999961853027,8.699999809265137,8.770000457763672,4.238083362579346,26600.0
2009-06-24,8.729999542236328,8.890000343322754,8.729999542236328,8.800000190734863,4.252579689025879,32700.0
2009-06-25,8.75,8.899999618530273,8.75,8.8100004196167,4.257412910461426,15500.0
2009-06-26,8.760000228881836,8.880000114440918,8.760000228881836,8.819999694824219,4.262242794036865,17900.0
2009-06-29,8.800000190734863,8.890000343322754,8.800000190734863,8.869999885559082,4.286406517028809,18500.0
2009-06-30,8.800000190734863,8.9399995803833,8.800000190734863,8.850000381469727,4.2767415046691895,27600.0
2009-07-01,8.819999694824219,8.899999618530273,8.819999694824219,8.84000015258789,4.271908760070801,10800.0
2009-07-02,8.739999771118164,8.890000343322754,8.739999771118164,8.869999885559082,4.286406517028809,20200.0
2009-07-06,8.899999618530273,8.899999618530273,8.760000228881836,8.850000381469727,4.2767415046691895,24700.0
2009-07-07,8.8100004196167,8.880000114440918,8.800000190734863,8.880000114440918,4.291238784790039,9900.0
2009-07-08,8.819999694824219,9.0,8.819999694824219,8.949999809265137,4.325066566467285,29800.0
2009-07-09,8.9399995803833,9.09000015258789,8.9399995803833,9.09000015258789,4.392722129821777,20200.0
2009-07-10,9.020000457763672,9.09000015258789,9.0,9.079999923706055,4.387887001037598,22000.0
2009-07-13,9.029999732971191,9.119999885559082,8.970000267028809,8.970000267028809,4.361149787902832,12700.0
2009-07-14,8.979999542236328,9.0600004196167,8.970000267028809,9.0,4.375732421875,14600.0
2009-07-15,8.989999771118164,9.09000015258789,8.949999809265137,9.079999923706055,4.414628505706787,19400.0
2009-07-16,9.0600004196167,9.079999923706055,9.020000457763672,9.050000190734863,4.400043964385986,13500.0
2009-07-17,9.039999961853027,9.079999923706055,9.020000457763672,9.020000457763672,4.385455131530762,20600.0
2009-07-20,9.020000457763672,9.149999618530273,9.020000457763672,9.09000015258789,4.419491291046143,27700.0
2009-07-21,9.050000190734863,9.130000114440918,9.029999732971191,9.109999656677246,4.429213523864746,18400.0
2009-07-22,9.069999694824219,9.119999885559082,9.039999961853027,9.09000015258789,4.419491291046143,9400.0
2009-07-23,9.119999885559082,9.180000305175781,9.100000381469727,9.180000305175781,4.463248252868652,24700.0
2009-07-24,9.180000305175781,9.199999809265137,9.140000343322754,9.149999618530273,4.448663711547852,8500.0
2009-07-27,9.15999984741211,9.229999542236328,9.140000343322754,9.1899995803833,4.468111515045166,24900.0
2009-07-28,9.15999984741211,9.199999809265137,9.149999618530273,9.170000076293945,4.4583868980407715,14800.0
2009-07-29,9.079999923706055,9.199999809265137,9.079999923706055,9.119999885559082,4.434080123901367,31500.0
2009-07-30,9.140000343322754,9.229999542236328,9.140000343322754,9.220000267028809,4.4826979637146,46400.0
2009-07-31,9.1899995803833,9.25,9.1899995803833,9.25,4.497282028198242,8500.0
2009-08-03,9.4399995803833,9.4399995803833,9.25,9.329999923706055,4.536175727844238,37900.0
2009-08-04,9.350000381469727,9.390000343322754,9.34000015258789,9.350000381469727,4.545901298522949,37500.0
2009-08-05,9.350000381469727,9.359999656677246,9.300000190734863,9.300000190734863,4.521592617034912,31800.0
2009-08-06,9.09000015258789,9.319999694824219,9.09000015258789,9.270000457763672,4.507005214691162,64200.0
2009-08-07,9.239999771118164,9.319999694824219,9.149999618530273,9.300000190734863,4.521592617034912,11900.0
2009-08-10,9.220000267028809,9.329999923706055,9.220000267028809,9.270000457763672,4.507005214691162,7000.0
2009-08-11,9.239999771118164,9.399999618530273,9.239999771118164,9.399999618530273,4.5702104568481445,26700.0
2009-08-12,9.329999923706055,9.34000015258789,9.260000228881836,9.270000457763672,4.533532619476318,26900.0
2009-08-13,9.270000457763672,9.270000457763672,9.220000267028809,9.220000267028809,4.509078025817871,19700.0
2009-08-14,9.229999542236328,9.369999885559082,9.229999542236328,9.300000190734863,4.548205375671387,29900.0
2009-08-17,9.279999732971191,9.3100004196167,9.260000228881836,9.279999732971191,4.538422107696533,12500.0
2009-08-18,9.279999732971191,9.479999542236328,9.279999732971191,9.479999542236328,4.636234283447266,17100.0
2009-08-19,9.4399995803833,9.5,9.430000305175781,9.479999542236328,4.636234283447266,17400.0
2009-08-20,9.5,9.59000015258789,9.470000267028809,9.470000267028809,4.631343364715576,34600.0
2009-08-21,9.470000267028809,9.520000457763672,9.460000038146973,9.520000457763672,4.655795097351074,21100.0
2009-08-24,9.510000228881836,9.550000190734863,9.5,9.529999732971191,4.660686016082764,20400.0
2009-08-25,9.550000190734863,9.649999618530273,9.5,9.600000381469727,4.694919109344482,35600.0
2009-08-26,9.579999923706055,9.630000114440918,9.5,9.510000228881836,4.650906085968018,40400.0
2009-08-27,9.550000190734863,9.59000015258789,9.489999771118164,9.5600004196167,4.675357341766357,46200.0
2009-08-28,9.529999732971191,9.630000114440918,9.529999732971191,9.630000114440918,4.709591388702393,11800.0
2009-08-31,9.619999885559082,9.720000267028809,9.579999923706055,9.699999809265137,4.743825912475586,18000.0
2009-09-01,10.260000228881836,10.260000228881836,9.680000305175781,9.760000228881836,4.773170471191406,22900.0
2009-09-02,9.729999542236328,9.779999732971191,9.710000038146973,9.729999542236328,4.758497714996338,11900.0
2009-09-03,9.729999542236328,9.859999656677246,9.729999542236328,9.800000190734863,4.792731761932373,64400.0
2009-09-04,9.800000190734863,10.09000015258789,9.800000190734863,10.09000015258789,4.9345574378967285,56700.0
2009-09-08,10.149999618530273,10.149999618530273,10.0600004196167,10.140000343322754,4.95900821685791,29700.0
2009-09-09,10.180000305175781,10.180000305175781,10.069999694824219,10.119999885559082,4.949226379394531,22100.0
2009-09-10,10.109999656677246,10.180000305175781,10.109999656677246,10.109999656677246,4.944336891174316,22600.0
2009-09-11,10.0600004196167,10.149999618530273,10.0600004196167,10.119999885559082,4.977536201477051,35700.0
2009-09-14,10.140000343322754,10.149999618530273,10.069999694824219,10.149999618530273,4.992293834686279,17300.0
2009-09-15,10.119999885559082,10.1899995803833,10.119999885559082,10.170000076293945,5.002129554748535,15600.0
2009-09-16,10.220000267028809,10.229999542236328,10.170000076293945,10.210000038146973,5.021804332733154,71000.0
2009-09-17,10.1899995803833,10.279999732971191,10.1899995803833,10.279999732971191,5.0562310218811035,31300.0
2009-09-18,10.279999732971191,10.390000343322754,10.210000038146973,10.359999656677246,5.095582962036133,52000.0
2009-09-21,10.430000305175781,10.4399995803833,10.319999694824219,10.350000381469727,5.090662956237793,28200.0
2009-09-22,10.34000015258789,10.420000076293945,10.329999923706055,10.420000076293945,5.125094890594482,50600.0
2009-09-23,10.420000076293945,10.449999809265137,10.350000381469727,10.359999656677246,5.095582962036133,29000.0
2009-09-24,10.350000381469727,10.449999809265137,10.300000190734863,10.300000190734863,5.066066741943359,46900.0
2009-09-25,10.300000190734863,10.34000015258789,10.25,10.34000015258789,5.085743427276611,45100.0
2009-09-28,10.350000381469727,10.350000381469727,10.270000457763672,10.34000015258789,5.085743427276611,33700.0
2009-09-29,10.289999961853027,10.350000381469727,10.289999961853027,10.329999923706055,5.080826282501221,33900.0
2009-09-30,10.279999732971191,10.350000381469727,10.279999732971191,10.329999923706055,5.080826282501221,33500.0
2009-10-01,10.380000114440918,10.380000114440918,10.289999961853027,10.3100004196167,5.070989608764648,48800.0
2009-10-02,10.300000190734863,10.380000114440918,10.300000190734863,10.380000114440918,5.105416774749756,36100.0
2009-10-05,10.369999885559082,10.5600004196167,10.369999885559082,10.5600004196167,5.193950653076172,81900.0
2009-10-06,10.479999542236328,10.609999656677246,10.479999542236328,10.579999923706055,5.203786849975586,20800.0
2009-10-07,10.529999732971191,10.65999984741211,10.529999732971191,10.649999618530273,5.238219738006592,28200.0
2009-10-08,10.649999618530273,10.699999809265137,10.649999618530273,10.6899995803833,5.257893085479736,10500.0
2009-10-09,10.720000267028809,10.720000267028809,10.5,10.5,5.1644392013549805,44900.0
2009-10-12,10.5,10.5,10.229999542236328,10.25,5.041477203369141,123400.0
2009-10-13,10.180000305175781,10.260000228881836,9.949999809265137,10.220000267028809,5.055078506469727,52100.0
2009-10-14,10.239999771118164,10.239999771118164,9.890000343322754,9.90999984741211,4.90174674987793,108200.0
2009-10-15,9.789999961853027,9.84000015258789,9.649999618530273,9.770000457763672,4.832499027252197,111600.0
2009-10-16,9.770000457763672,9.960000038146973,9.770000457763672,9.930000305175781,4.911639213562012,55500.0
2009-10-19,9.920000076293945,10.010000228881836,9.90999984741211,10.0,4.946261405944824,33100.0
2009-10-20,10.0600004196167,10.119999885559082,10.020000457763672,10.119999885559082,5.005617141723633,26500.0
2009-10-21,10.119999885559082,10.130000114440918,10.050000190734863,10.109999656677246,5.00067138671875,35200.0
2009-10-22,10.149999618530273,10.180000305175781,10.100000381469727,10.100000381469727,4.995726585388184,21500.0
2009-10-23,10.170000076293945,10.199999809265137,10.069999694824219,10.100000381469727,4.995726585388184,18200.0
2009-10-26,10.130000114440918,10.149999618530273,10.100000381469727,10.130000114440918,5.010564804077148,26000.0
2009-10-27,10.149999618530273,10.149999618530273,9.90999984741211,10.010000228881836,4.95120906829834,69200.0
2009-10-28,10.039999961853027,10.039999961853027,9.90999984741211,9.90999984741211,4.90174674987793,35900.0
2009-10-29,9.9399995803833,9.960000038146973,9.880000114440918,9.899999618530273,4.896799564361572,40900.0
2009-10-30,9.989999771118164,9.989999771118164,9.8100004196167,9.880000114440918,4.886906147003174,32200.0
2009-11-02,10.1899995803833,10.1899995803833,9.859999656677246,9.970000267028809,4.93142557144165,14300.0
2009-11-03,10.0,10.09000015258789,9.979999542236328,10.09000015258789,4.990779876708984,53600.0
2009-11-04,10.119999885559082,10.119999885559082,9.970000267028809,9.989999771118164,4.941316604614258,52300.0
2009-11-05,9.930000305175781,10.0,9.920000076293945,9.979999542236328,4.9363694190979,47900.0
2009-11-06,10.0,10.020000457763672,9.989999771118164,10.010000228881836,4.95120906829834,27500.0
2009-11-09,10.0600004196167,10.069999694824219,10.0,10.050000190734863,4.970994472503662,33100.0
2009-11-10,10.029999732971191,10.0600004196167,9.979999542236328,9.989999771118164,4.969749450683594,20800.0
2009-11-11,9.989999771118164,10.020000457763672,9.920000076293945,9.930000305175781,4.9399027824401855,27400.0
2009-11-12,9.899999618530273,9.920000076293945,9.850000381469727,9.899999618530273,4.924975872039795,22000.0
2009-11-13,9.859999656677246,9.949999809265137,9.850000381469727,9.850000381469727,4.900104999542236,26600.0
2009-11-16,9.869999885559082,9.899999618530273,9.850000381469727,9.899999618530273,4.924975872039795,28400.0
2009-11-17,9.899999618530273,9.920000076293945,9.850000381469727,9.880000114440918,4.9150261878967285,26500.0
2009-11-18,9.880000114440918,9.890000343322754,9.779999732971191,9.890000343322754,4.920005798339844,52400.0
2009-11-19,9.899999618530273,9.9399995803833,9.890000343322754,9.930000305175781,4.9399027824401855,37600.0
2009-11-20,9.930000305175781,9.949999809265137,9.859999656677246,9.949999809265137,4.9498515129089355,37900.0
2009-11-23,10.029999732971191,10.029999732971191,9.850000381469727,9.850000381469727,4.900104999542236,30300.0
2009-11-24,9.970000267028809,9.970000267028809,9.729999542236328,9.75,4.850356578826904,53800.0
2009-11-25,9.859999656677246,9.880000114440918,9.789999961853027,9.880000114440918,4.9150261878967285,22500.0
2009-11-27,9.850000381469727,9.850000381469727,9.850000381469727,9.850000381469727,4.900104999542236,1900.0
2009-11-30,9.899999618530273,9.9399995803833,9.899999618530273,9.920000076293945,4.934929847717285,26600.0
2009-12-01,10.199999809265137,10.199999809265137,9.90999984741211,9.930000305175781,4.9399027824401855,34000.0
2009-12-02,10.010000228881836,10.010000228881836,9.869999885559082,9.890000343322754,4.920005798339844,48600.0
2009-12-03,9.899999618530273,9.930000305175781,9.84000015258789,9.869999885559082,4.910053730010986,56800.0
2009-12-04,9.9399995803833,9.9399995803833,9.829999923706055,9.890000343322754,4.920005798339844,32600.0
2009-12-07,9.90999984741211,9.920000076293945,9.800000190734863,9.859999656677246,4.905080318450928,82900.0
2009-12-08,9.84000015258789,9.90999984741211,9.789999961853027,9.8100004196167,4.880206108093262,149500.0
2009-12-09,9.890000343322754,9.890000343322754,9.8100004196167,9.819999694824219,4.885179042816162,69300.0
2009-12-10,9.850000381469727,9.930000305175781,9.850000381469727,9.890000343322754,4.920005798339844,59400.0
2009-12-11,9.890000343322754,9.920000076293945,9.890000343322754,9.890000343322754,4.949784755706787,81600.0
2009-12-14,9.90999984741211,9.979999542236328,9.890000343322754,9.949999809265137,4.97981071472168,53900.0
2009-12-15,9.979999542236328,9.979999542236328,9.869999885559082,9.869999885559082,4.9397711753845215,65500.0
2009-12-16,9.930000305175781,9.979999542236328,9.880000114440918,9.9399995803833,4.974807262420654,57300.0
2009-12-17,9.960000038146973,9.970000267028809,9.859999656677246,9.899999618530273,4.954784393310547,52100.0
2009-12-18,9.989999771118164,10.029999732971191,9.850000381469727,10.029999732971191,5.019850254058838,59600.0
2009-12-21,10.050000190734863,10.0600004196167,9.970000267028809,10.020000457763672,5.014843463897705,76400.0
2009-12-22,10.069999694824219,10.09000015258789,10.020000457763672,10.050000190734863,5.029858589172363,35700.0
2009-12-23,10.050000190734863,10.109999656677246,10.020000457763672,10.09000015258789,5.049879550933838,57000.0
2009-12-24,10.09000015258789,10.109999656677246,10.050000190734863,10.109999656677246,5.059889793395996,7100.0
2009-12-28,10.109999656677246,10.170000076293945,10.100000381469727,10.15999984741211,5.084914684295654,46600.0
2009-12-29,10.119999885559082,10.149999618530273,10.100000381469727,10.130000114440918,5.069897651672363,54600.0
2009-12-30,10.170000076293945,10.210000038146973,10.119999885559082,10.210000038146973,5.1099371910095215,24600.0
2009-12-31,10.270000457763672,10.270000457763672,10.15999984741211,10.220000267028809,5.114940643310547,17800.0
2010-01-04,10.180000305175781,10.220000267028809,10.170000076293945,10.199999809265137,5.10493278503418,34600.0
2010-01-05,10.199999809265137,10.220000267028809,10.170000076293945,10.220000267028809,5.114940643310547,11000.0
2010-01-06,10.260000228881836,10.260000228881836,10.170000076293945,10.180000305175781,5.094923496246338,18800.0
2010-01-07,10.260000228881836,10.270000457763672,10.140000343322754,10.149999618530273,5.079906463623047,45500.0
2010-01-08,10.1899995803833,10.210000038146973,10.109999656677246,10.1899995803833,5.09992790222168,22200.0
2010-01-11,10.25,10.270000457763672,10.15999984741211,10.229999542236328,5.119947910308838,23600.0
2010-01-12,10.260000228881836,10.289999961853027,10.15999984741211,10.289999961853027,5.149972915649414,32900.0
2010-01-13,10.300000190734863,10.300000190734863,10.220000267028809,10.289999961853027,5.179925918579102,26200.0
2010-01-14,10.329999923706055,10.34000015258789,10.289999961853027,10.34000015258789,5.2050957679748535,26800.0
2010-01-15,10.329999923706055,10.350000381469727,10.289999961853027,10.34000015258789,5.2050957679748535,20900.0
2010-01-19,10.359999656677246,10.399999618530273,10.289999961853027,10.380000114440918,5.22523307800293,46600.0
2010-01-20,10.460000038146973,10.460000038146973,10.369999885559082,10.420000076293945,5.245368957519531,46500.0
2010-01-21,10.4399995803833,10.489999771118164,10.380000114440918,10.380000114440918,5.22523307800293,21200.0
2010-01-22,10.449999809265137,10.489999771118164,10.420000076293945,10.479999542236328,5.275571346282959,39500.0
2010-01-25,10.479999542236328,10.489999771118164,10.199999809265137,10.289999961853027,5.179925918579102,79100.0
2010-01-26,10.350000381469727,10.350000381469727,10.260000228881836,10.34000015258789,5.2050957679748535,26700.0
2010-01-27,10.380000114440918,10.390000343322754,10.289999961853027,10.3100004196167,5.189995765686035,40400.0
2010-01-28,10.359999656677246,10.359999656677246,10.199999809265137,10.199999809265137,5.134622573852539,25700.0
2010-01-29,10.279999732971191,10.279999732971191,10.1899995803833,10.199999809265137,5.134622573852539,27100.0
2010-02-01,10.289999961853027,10.3100004196167,10.220000267028809,10.3100004196167,5.189995765686035,24500.0
2010-02-02,10.34000015258789,10.4399995803833,10.300000190734863,10.4399995803833,5.25543737411499,29300.0
2010-02-03,10.420000076293945,10.430000305175781,10.380000114440918,10.430000305175781,5.250404357910156,23800.0
2010-02-04,10.40999984741211,10.4399995803833,10.359999656677246,10.390000343322754,5.230270862579346,56500.0
2010-02-05,10.430000305175781,10.4399995803833,10.329999923706055,10.380000114440918,5.22523307800293,39100.0
2010-02-08,10.390000343322754,10.390000343322754,10.300000190734863,10.329999923706055,5.200063228607178,49400.0
2010-02-09,10.369999885559082,10.380000114440918,10.260000228881836,10.329999923706055,5.200063228607178,57900.0
2010-02-10,10.220000267028809,10.289999961853027,10.210000038146973,10.279999732971191,5.20487117767334,51800.0
2010-02-11,10.220000267028809,10.25,10.1899995803833,10.1899995803833,5.159305095672607,75400.0
2010-02-12,10.239999771118164,10.239999771118164,10.15999984741211,10.180000305175781,5.154241561889648,61600.0
2010-02-16,10.210000038146973,10.25,10.210000038146973,10.220000267028809,5.174493312835693,24100.0
2010-02-17,10.239999771118164,10.289999961853027,10.220000267028809,10.229999542236328,5.179557800292969,34500.0
2010-02-18,10.329999923706055,10.329999923706055,10.220000267028809,10.25,5.189681529998779,38600.0
2010-02-19,10.279999732971191,10.289999961853027,10.199999809265137,10.210000038146973,5.169434070587158,33600.0
2010-02-22,10.239999771118164,10.239999771118164,10.170000076293945,10.1899995803833,5.159305095672607,48200.0
2010-02-23,10.229999542236328,10.25,10.170000076293945,10.229999542236328,5.179557800292969,37300.0
2010-02-24,10.270000457763672,10.279999732971191,10.170000076293945,10.229999542236328,5.179557800292969,37400.0
2010-02-25,10.229999542236328,10.239999771118164,10.180000305175781,10.229999542236328,5.179557800292969,30000.0
2010-02-26,10.270000457763672,10.34000015258789,10.229999542236328,10.319999694824219,5.225124835968018,22500.0
2010-03-01,10.380000114440918,10.380000114440918,10.279999732971191,10.359999656677246,5.245377540588379,13600.0
2010-03-02,10.369999885559082,10.390000343322754,10.260000228881836,10.350000381469727,5.240314960479736,25600.0
2010-03-03,10.369999885559082,10.369999885559082,10.329999923706055,10.359999656677246,5.245377540588379,22500.0
2010-03-04,10.369999885559082,10.390000343322754,10.359999656677246,10.390000343322754,5.260570049285889,13800.0
2010-03-05,10.390000343322754,10.420000076293945,10.369999885559082,10.420000076293945,5.275757312774658,22100.0
2010-03-08,10.420000076293945,10.470000267028809,10.399999618530273,10.449999809265137,5.290944576263428,23400.0
2010-03-09,10.479999542236328,10.489999771118164,10.420000076293945,10.470000267028809,5.301072597503662,30300.0
2010-03-10,10.479999542236328,10.489999771118164,10.420000076293945,10.479999542236328,5.306133270263672,40100.0
2010-03-11,10.470000267028809,10.470000267028809,10.40999984741211,10.449999809265137,5.321158409118652,18000.0
2010-03-12,10.449999809265137,10.449999809265137,10.390000343322754,10.399999618530273,5.2956953048706055,28800.0
2010-03-15,10.4399995803833,10.460000038146973,10.329999923706055,10.329999923706055,5.2600531578063965,36200.0
2010-03-16,10.380000114440918,10.460000038146973,10.329999923706055,10.460000038146973,5.326247215270996,40500.0
2010-03-17,10.479999542236328,10.529999732971191,10.420000076293945,10.4399995803833,5.316065311431885,52600.0
2010-03-18,10.489999771118164,10.520000457763672,10.460000038146973,10.489999771118164,5.341526031494141,35100.0
2010-03-19,10.520000457763672,10.5600004196167,10.449999809265137,10.520000457763672,5.356800556182861,39100.0
2010-03-22,10.550000190734863,10.550000190734863,10.470000267028809,10.470000267028809,5.3313398361206055,13500.0
2010-03-23,10.489999771118164,10.489999771118164,10.420000076293945,10.449999809265137,5.321158409118652,32400.0
2010-03-24,10.479999542236328,10.529999732971191,10.460000038146973,10.489999771118164,5.341526031494141,23000.0
2010-03-25,10.569999694824219,10.600000381469727,10.430000305175781,10.430000305175781,5.31097412109375,47200.0
2010-03-26,10.520000457763672,10.520000457763672,10.390000343322754,10.420000076293945,5.305881023406982,24900.0
2010-03-29,10.420000076293945,10.510000228881836,10.40999984741211,10.430000305175781,5.31097412109375,29700.0
2010-03-30,10.470000267028809,10.510000228881836,10.4399995803833,10.449999809265137,5.321158409118652,14300.0
2010-03-31,10.489999771118164,10.520000457763672,10.449999809265137,10.5,5.346616744995117,16600.0
2010-04-01,10.619999885559082,10.619999885559082,10.460000038146973,10.569999694824219,5.382260799407959,12600.0
2010-04-05,10.569999694824219,10.569999694824219,10.529999732971191,10.569999694824219,5.382260799407959,25600.0
2010-04-06,10.59000015258789,10.59000015258789,10.489999771118164,10.529999732971191,5.361891746520996,23700.0
2010-04-07,10.5600004196167,10.5600004196167,10.520000457763672,10.529999732971191,5.361891746520996,21400.0
2010-04-08,10.569999694824219,10.579999923706055,10.489999771118164,10.579999923706055,5.3873515129089355,28800.0
2010-04-09,10.579999923706055,10.609999656677246,10.5600004196167,10.579999923706055,5.3873515129089355,26500.0
2010-04-12,10.600000381469727,10.649999618530273,10.569999694824219,10.600000381469727,5.397536277770996,22500.0
2010-04-13,10.539999961853027,10.649999618530273,10.539999961853027,10.609999656677246,5.433125972747803,27000.0
2010-04-14,10.609999656677246,10.720000267028809,10.600000381469727,10.710000038146973,5.484335422515869,35000.0
2010-04-15,10.720000267028809,10.720000267028809,10.609999656677246,10.670000076293945,5.463847637176514,20300.0
2010-04-16,10.680000305175781,10.720000267028809,10.65999984741211,10.699999809265137,5.479213237762451,16900.0
2010-04-19,10.710000038146973,10.779999732971191,10.699999809265137,10.729999542236328,5.494574546813965,26800.0
2010-04-20,10.75,10.800000190734863,10.720000267028809,10.800000190734863,5.530417442321777,16200.0
2010-04-21,10.8100004196167,10.819999694824219,10.760000228881836,10.760000228881836,5.509934902191162,10100.0
2010-04-22,10.789999961853027,10.850000381469727,10.789999961853027,10.850000381469727,5.556024074554443,21500.0
2010-04-23,10.899999618530273,10.920000076293945,10.84000015258789,10.920000076293945,5.591868877410889,51100.0
2010-04-26,10.930000305175781,10.949999809265137,10.850000381469727,10.880000114440918,5.571384906768799,25200.0
2010-04-27,10.880000114440918,10.970000267028809,10.850000381469727,10.970000267028809,5.6174750328063965,40100.0
2010-04-28,10.960000038146973,10.960000038146973,10.890000343322754,10.9399995803833,5.602110862731934,19200.0
2010-04-29,10.920000076293945,10.960000038146973,10.880000114440918,10.90999984741211,5.586749076843262,23400.0
2010-04-30,10.960000038146973,10.960000038146973,10.770000457763672,10.770000457763672,5.515059471130371,20800.0
2010-05-03,10.850000381469727,10.890000343322754,10.770000457763672,10.84000015258789,5.550902366638184,32100.0
2010-05-04,10.850000381469727,10.859999656677246,10.800000190734863,10.859999656677246,5.561147212982178,16000.0
2010-05-05,10.859999656677246,10.880000114440918,10.819999694824219,10.850000381469727,5.556024074554443,19700.0
2010-05-06,10.84000015258789,10.880000114440918,10.59000015258789,10.630000114440918,5.4433674812316895,28800.0
2010-05-07,10.640000343322754,10.789999961853027,10.59000015258789,10.699999809265137,5.479213237762451,38400.0
2010-05-10,10.75,10.90999984741211,10.75,10.890000343322754,5.576508522033691,27600.0
2010-05-11,10.869999885559082,10.90999984741211,10.819999694824219,10.819999694824219,5.540660381317139,22600.0
2010-05-12,10.699999809265137,10.84000015258789,10.6899995803833,10.800000190734863,5.561001777648926,42300.0
2010-05-13,10.84000015258789,10.880000114440918,10.800000190734863,10.880000114440918,5.602194786071777,30400.0
2010-05-14,10.880000114440918,10.880000114440918,10.760000228881836,10.800000190734863,5.561001777648926,29200.0
2010-05-17,10.760000228881836,10.760000228881836,10.699999809265137,10.739999771118164,5.5301032066345215,44200.0
2010-05-18,10.75,10.819999694824219,10.75,10.819999694824219,5.571300506591797,24500.0
2010-05-19,10.84000015258789,10.84000015258789,10.699999809265137,10.720000267028809,5.5198073387146,46300.0
2010-05-20,10.720000267028809,10.720000267028809,10.510000228881836,10.609999656677246,5.463169097900391,37000.0
2010-05-21,10.600000381469727,10.770000457763672,10.550000190734863,10.75,5.53525447845459,38200.0
2010-05-24,10.779999732971191,10.789999961853027,10.75,10.789999961853027,5.555853366851807,21000.0
2010-05-25,10.739999771118164,10.770000457763672,10.65999984741211,10.729999542236328,5.524953842163086,27400.0
2010-05-26,10.770000457763672,10.829999923706055,10.600000381469727,10.680000305175781,5.499209880828857,62300.0
2010-05-27,10.710000038146973,10.8100004196167,10.649999618530273,10.8100004196167,5.5661516189575195,59800.0
2010-05-28,10.8100004196167,10.819999694824219,10.770000457763672,10.8100004196167,5.5661516189575195,22700.0
2010-06-01,10.869999885559082,10.869999885559082,10.739999771118164,10.829999923706055,5.576449394226074,19800.0
2010-06-02,10.8100004196167,10.84000015258789,10.800000190734863,10.829999923706055,5.576449394226074,22700.0
2010-06-03,10.819999694824219,10.819999694824219,10.770000457763672,10.789999961853027,5.555853366851807,31200.0
2010-06-04,10.770000457763672,10.829999923706055,10.760000228881836,10.829999923706055,5.576449394226074,28400.0
2010-06-07,10.829999923706055,10.850000381469727,10.739999771118164,10.819999694824219,5.571300506591797,46000.0
2010-06-08,10.800000190734863,10.850000381469727,10.800000190734863,10.850000381469727,5.586748123168945,25300.0
2010-06-09,10.800000190734863,10.869999885559082,10.800000190734863,10.819999694824219,5.571300506591797,13400.0
2010-06-10,10.8100004196167,10.890000343322754,10.8100004196167,10.859999656677246,5.591899871826172,22600.0
2010-06-11,10.789999961853027,10.829999923706055,10.75,10.800000190734863,5.591637134552002,18100.0
2010-06-14,10.789999961853027,10.800000190734863,10.739999771118164,10.760000228881836,5.570923328399658,25800.0
2010-06-15,10.800000190734863,10.8100004196167,10.710000038146973,10.75,5.5657501220703125,20800.0
2010-06-16,10.779999732971191,10.779999732971191,10.720000267028809,10.770000457763672,5.576106071472168,22000.0
2010-06-17,10.779999732971191,10.829999923706055,10.779999732971191,10.829999923706055,5.607168674468994,14000.0
2010-06-18,10.829999923706055,10.850000381469727,10.819999694824219,10.84000015258789,5.612346649169922,28100.0
2010-06-21,10.850000381469727,10.869999885559082,10.699999809265137,10.729999542236328,5.555391788482666,75500.0
2010-06-22,10.710000038146973,10.84000015258789,10.710000038146973,10.75,5.5657501220703125,40800.0
2010-06-23,10.760000228881836,10.859999656677246,10.760000228881836,10.859999656677246,5.62270450592041,18500.0
2010-06-24,10.890000343322754,10.890000343322754,10.770000457763672,10.859999656677246,5.62270450592041,26100.0
2010-06-25,10.850000381469727,10.90999984741211,10.829999923706055,10.869999885559082,5.6278791427612305,30200.0
2010-06-28,10.90999984741211,10.90999984741211,10.739999771118164,10.859999656677246,5.62270450592041,53000.0
2010-06-29,10.850000381469727,10.850000381469727,10.819999694824219,10.850000381469727,5.617524147033691,15200.0
2010-06-30,10.789999961853027,10.84000015258789,10.739999771118164,10.819999694824219,5.601991176605225,27400.0
2010-07-01,10.859999656677246,10.920000076293945,10.84000015258789,10.920000076293945,5.6537628173828125,25800.0
2010-07-02,10.920000076293945,10.970000267028809,10.899999618530273,10.899999618530273,5.6434125900268555,18600.0
2010-07-06,10.960000038146973,10.960000038146973,10.859999656677246,10.930000305175781,5.658944129943848,31100.0
2010-07-07,10.930000305175781,10.979999542236328,10.779999732971191,10.890000343322754,5.638232707977295,48900.0
2010-07-08,10.949999809265137,11.0,10.899999618530273,10.9399995803833,5.664120197296143,76200.0
2010-07-09,10.979999542236328,11.039999961853027,10.920000076293945,11.039999961853027,5.7158966064453125,36100.0
2010-07-12,11.0,11.09000015258789,10.90999984741211,11.050000190734863,5.721068859100342,68300.0
2010-07-13,11.100000381469727,11.100000381469727,11.020000457763672,11.020000457763672,5.736429691314697,5600.0
2010-07-14,11.079999923706055,11.09000015258789,10.979999542236328,10.989999771118164,5.720810413360596,45600.0
2010-07-15,11.029999732971191,11.09000015258789,10.979999542236328,11.09000015258789,5.772867679595947,40800.0
2010-07-16,11.109999656677246,11.1899995803833,11.100000381469727,11.1899995803833,5.8249192237854,41000.0
2010-07-19,11.1899995803833,11.199999809265137,11.119999885559082,11.149999618530273,5.804100513458252,74200.0
2010-07-20,11.180000305175781,11.25,11.15999984741211,11.25,5.856151103973389,37300.0
2010-07-21,11.289999961853027,11.329999923706055,11.25,11.329999923706055,5.897796630859375,40300.0
2010-07-22,11.390000343322754,11.479999542236328,11.319999694824219,11.369999885559082,5.918618202209473,67200.0
2010-07-23,11.399999618530273,11.430000305175781,11.260000228881836,11.260000228881836,5.861362457275391,43200.0
2010-07-26,11.350000381469727,11.350000381469727,11.199999809265137,11.210000038146973,5.835329532623291,31100.0
2010-07-27,11.270000457763672,11.270000457763672,11.0600004196167,11.170000076293945,5.814510345458984,48400.0
2010-07-28,11.229999542236328,11.229999542236328,11.100000381469727,11.15999984741211,5.809304237365723,32600.0
2010-07-29,11.149999618530273,11.199999809265137,11.109999656677246,11.170000076293945,5.814510345458984,54800.0
2010-07-30,11.170000076293945,11.3100004196167,11.170000076293945,11.289999961853027,5.87697696685791,31100.0
2010-08-02,11.390000343322754,11.4399995803833,11.270000457763672,11.4399995803833,5.955057144165039,75900.0
2010-08-03,11.430000305175781,11.4399995803833,11.149999618530273,11.430000305175781,5.949851036071777,35500.0
2010-08-04,11.420000076293945,11.479999542236328,11.420000076293945,11.479999542236328,5.975879192352295,18600.0
2010-08-05,11.479999542236328,11.5,11.470000267028809,11.5,5.986291408538818,23600.0
2010-08-06,11.520000457763672,11.579999923706055,11.460000038146973,11.579999923706055,6.0279316902160645,39300.0
2010-08-09,11.600000381469727,11.640000343322754,11.550000190734863,11.600000381469727,6.038345813751221,23800.0
2010-08-10,11.699999809265137,11.739999771118164,11.619999885559082,11.6899995803833,6.085197448730469,64000.0
2010-08-11,11.699999809265137,11.699999809265137,11.640000343322754,11.65999984741211,6.069575786590576,21100.0
2010-08-12,11.640000343322754,11.779999732971191,11.600000381469727,11.779999732971191,6.163762092590332,48900.0
2010-08-13,11.800000190734863,11.829999923706055,11.739999771118164,11.779999732971191,6.163762092590332,46400.0
2010-08-16,11.8100004196167,11.829999923706055,11.770000457763672,11.8100004196167,6.179460525512695,28400.0
2010-08-17,11.819999694824219,11.890000343322754,11.760000228881836,11.850000381469727,6.200389385223389,40600.0
2010-08-18,11.869999885559082,11.880000114440918,11.789999961853027,11.850000381469727,6.200389385223389,29300.0
2010-08-19,11.859999656677246,11.880000114440918,11.779999732971191,11.800000190734863,6.174225330352783,32800.0
2010-08-20,11.819999694824219,11.850000381469727,11.65999984741211,11.789999961853027,6.168995380401611,45200.0
2010-08-23,11.800000190734863,11.800000190734863,11.739999771118164,11.800000190734863,6.174225330352783,29100.0
2010-08-24,11.779999732971191,11.869999885559082,11.770000457763672,11.869999885559082,6.2108540534973145,32300.0
2010-08-25,11.880000114440918,11.9399995803833,11.850000381469727,11.9399995803833,6.247478485107422,32100.0
2010-08-26,11.9399995803833,12.050000190734863,11.9399995803833,12.050000190734863,6.3050336837768555,22800.0
2010-08-27,12.050000190734863,12.09000015258789,12.039999961853027,12.069999694824219,6.315497875213623,33000.0
2010-08-30,12.039999961853027,12.09000015258789,11.979999542236328,12.0,6.278871536254883,55200.0
2010-08-31,11.989999771118164,12.069999694824219,11.920000076293945,11.960000038146973,6.257945537567139,55700.0
2010-09-01,12.050000190734863,12.050000190734863,11.9399995803833,11.9399995803833,6.247478485107422,29900.0
2010-09-02,11.920000076293945,11.979999542236328,11.8100004196167,11.869999885559082,6.2108540534973145,43600.0
2010-09-03,11.890000343322754,11.899999618530273,11.75,11.770000457763672,6.158529758453369,45400.0
2010-09-07,11.760000228881836,11.850000381469727,11.760000228881836,11.84000015258789,6.195153713226318,20000.0
2010-09-08,11.850000381469727,11.880000114440918,11.770000457763672,11.770000457763672,6.158529758453369,28600.0
2010-09-09,11.850000381469727,11.869999885559082,11.800000190734863,11.869999885559082,6.2108540534973145,16500.0
2010-09-10,11.859999656677246,11.930000305175781,11.859999656677246,11.899999618530273,6.226551055908203,20000.0
2010-09-13,11.819999694824219,11.84000015258789,11.699999809265137,11.710000038146973,6.158705711364746,34100.0
2010-09-14,11.779999732971191,11.779999732971191,11.699999809265137,11.75,6.179739952087402,21900.0
2010-09-15,11.699999809265137,11.710000038146973,11.380000114440918,11.430000305175781,6.011443138122559,51000.0
2010-09-16,11.489999771118164,11.510000228881836,11.359999656677246,11.359999656677246,5.974627494812012,38300.0
2010-09-17,11.430000305175781,11.449999809265137,11.359999656677246,11.390000343322754,5.990403652191162,49000.0
2010-09-20,11.430000305175781,11.539999961853027,11.430000305175781,11.539999961853027,6.069294452667236,25000.0
2010-09-21,11.600000381469727,11.619999885559082,11.539999961853027,11.600000381469727,6.1008524894714355,17400.0
2010-09-22,11.670000076293945,11.760000228881836,11.609999656677246,11.6899995803833,6.148184776306152,41100.0
2010-09-23,11.710000038146973,11.710000038146973,11.630000114440918,11.710000038146973,6.158705711364746,15900.0
2010-09-24,11.779999732971191,11.779999732971191,11.430000305175781,11.529999732971191,6.06403923034668,80200.0
2010-09-27,11.539999961853027,11.579999923706055,11.489999771118164,11.550000190734863,6.074556827545166,41500.0
2010-09-28,11.569999694824219,11.569999694824219,11.510000228881836,11.539999961853027,6.069294452667236,13800.0
2010-09-29,11.510000228881836,11.619999885559082,11.5,11.609999656677246,6.106114387512207,60800.0
2010-09-30,11.630000114440918,11.65999984741211,11.550000190734863,11.630000114440918,6.116631031036377,35600.0
2010-10-01,11.680000305175781,11.699999809265137,11.609999656677246,11.6899995803833,6.148184776306152,21700.0
2010-10-04,11.649999618530273,11.699999809265137,11.640000343322754,11.649999618530273,6.127146244049072,12800.0
2010-10-05,11.630000114440918,11.65999984741211,11.59000015258789,11.630000114440918,6.116631031036377,29300.0
2010-10-06,11.619999885559082,11.640000343322754,11.550000190734863,11.609999656677246,6.106114387512207,37200.0
2010-10-07,11.600000381469727,11.649999618530273,11.569999694824219,11.649999618530273,6.127146244049072,18600.0
2010-10-08,11.569999694824219,11.640000343322754,11.5600004196167,11.600000381469727,6.1008524894714355,20500.0
2010-10-11,11.619999885559082,11.630000114440918,11.449999809265137,11.630000114440918,6.116631031036377,111200.0
2010-10-12,11.609999656677246,11.619999885559082,11.529999732971191,11.609999656677246,6.106114387512207,23600.0
2010-10-13,11.5600004196167,11.5600004196167,11.460000038146973,11.460000038146973,6.059054851531982,11800.0
2010-10-14,11.479999542236328,11.5,11.420000076293945,11.4399995803833,6.04848051071167,23600.0
2010-10-15,11.420000076293945,11.489999771118164,11.359999656677246,11.390000343322754,6.022044658660889,38700.0
2010-10-18,11.359999656677246,11.390000343322754,11.329999923706055,11.350000381469727,6.0008978843688965,66400.0
2010-10-19,11.350000381469727,11.390000343322754,11.329999923706055,11.390000343322754,6.022044658660889,16400.0
2010-10-20,11.369999885559082,11.420000076293945,11.34000015258789,11.390000343322754,6.022044658660889,5600.0
2010-10-21,11.350000381469727,11.479999542236328,11.350000381469727,11.4399995803833,6.04848051071167,17800.0
2010-10-22,11.460000038146973,11.460000038146973,11.350000381469727,11.390000343322754,6.022044658660889,19400.0
2010-10-25,11.40999984741211,11.510000228881836,11.359999656677246,11.460000038146973,6.059054851531982,32500.0
2010-10-26,11.460000038146973,11.470000267028809,11.399999618530273,11.4399995803833,6.04848051071167,18900.0
2010-10-27,11.369999885559082,11.470000267028809,11.369999885559082,11.460000038146973,6.059054851531982,26100.0
2010-10-28,11.470000267028809,11.470000267028809,11.390000343322754,11.40999984741211,6.032617568969727,19300.0
2010-10-29,11.329999923706055,11.470000267028809,11.329999923706055,11.470000267028809,6.064342021942139,35200.0
2010-11-01,11.529999732971191,11.529999732971191,11.40999984741211,11.430000305175781,6.043192386627197,15200.0
2010-11-02,11.430000305175781,11.520000457763672,11.430000305175781,11.520000457763672,6.0907793045043945,19200.0
2010-11-03,11.460000038146973,11.520000457763672,11.460000038146973,11.5,6.080204486846924,14900.0
2010-11-04,11.520000457763672,11.520000457763672,11.390000343322754,11.479999542236328,6.069629669189453,34100.0
2010-11-05,11.479999542236328,11.529999732971191,11.479999542236328,11.529999732971191,6.096063613891602,26000.0
2010-11-08,11.479999542236328,11.479999542236328,11.390000343322754,11.420000076293945,6.037908554077148,12700.0
2010-11-09,11.430000305175781,11.4399995803833,11.300000190734863,11.300000190734863,5.974466323852539,22600.0
2010-11-10,11.270000457763672,11.270000457763672,10.75,10.960000038146973,5.826152324676514,86200.0
2010-11-11,11.039999961853027,11.039999961853027,10.59000015258789,10.609999656677246,5.640096664428711,48500.0
2010-11-12,10.529999732971191,10.729999542236328,10.529999732971191,10.59000015258789,5.6294684410095215,48200.0
2010-11-15,10.609999656677246,10.609999656677246,10.350000381469727,10.350000381469727,5.501883029937744,83600.0
2010-11-16,10.300000190734863,10.479999542236328,9.859999656677246,10.34000015258789,5.496567249298096,216800.0
2010-11-17,10.289999961853027,10.550000190734863,10.289999961853027,10.479999542236328,5.570991039276123,82900.0
2010-11-18,10.449999809265137,10.449999809265137,10.15999984741211,10.260000228881836,5.454041957855225,68100.0
2010-11-19,10.220000267028809,10.40999984741211,10.220000267028809,10.390000343322754,5.523150444030762,44300.0
2010-11-22,10.4399995803833,10.699999809265137,10.40999984741211,10.699999809265137,5.687939167022705,64200.0
2010-11-23,10.699999809265137,10.779999732971191,10.5600004196167,10.569999694824219,5.618830680847168,61100.0
2010-11-24,10.600000381469727,10.699999809265137,10.470000267028809,10.5600004196167,5.6135149002075195,65400.0
2010-11-26,10.539999961853027,10.699999809265137,10.539999961853027,10.6899995803833,5.682617664337158,17100.0
2010-11-29,10.699999809265137,10.720000267028809,10.619999885559082,10.699999809265137,5.687939167022705,41400.0
2010-11-30,10.649999618530273,10.819999694824219,10.600000381469727,10.600000381469727,5.63477897644043,42400.0
2010-12-01,10.779999732971191,10.779999732971191,10.529999732971191,10.539999961853027,5.602885723114014,39600.0
2010-12-02,10.529999732971191,10.539999961853027,10.300000190734863,10.399999618530273,5.528463363647461,70400.0
2010-12-03,10.449999809265137,10.510000228881836,10.399999618530273,10.4399995803833,5.549726486206055,43500.0
2010-12-06,10.460000038146973,10.460000038146973,10.300000190734863,10.319999694824219,5.485934734344482,43800.0
2010-12-07,10.300000190734863,10.319999694824219,10.079999923706055,10.140000343322754,5.390253067016602,62400.0
2010-12-08,10.09000015258789,10.15999984741211,9.960000038146973,10.010000228881836,5.321145534515381,92700.0
2010-12-09,9.960000038146973,10.010000228881836,9.859999656677246,9.930000305175781,5.2786149978637695,92200.0
2010-12-10,9.819999694824219,9.970000267028809,9.819999694824219,9.960000038146973,5.294569492340088,128500.0
2010-12-13,9.890000343322754,9.890000343322754,9.8100004196167,9.829999923706055,5.2266082763671875,39300.0
2010-12-14,9.84000015258789,9.84000015258789,9.609999656677246,9.670000076293945,5.141540050506592,80900.0
2010-12-15,9.649999618530273,9.770000457763672,9.550000190734863,9.739999771118164,5.1787543296813965,86600.0
2010-12-16,9.770000457763672,10.069999694824219,9.729999542236328,10.0600004196167,5.3488993644714355,59100.0
2010-12-17,10.0600004196167,10.180000305175781,10.0600004196167,10.180000305175781,5.412704944610596,61500.0
2010-12-20,10.220000267028809,10.220000267028809,9.680000305175781,9.710000038146973,5.162805557250977,124200.0
2010-12-21,9.779999732971191,9.779999732971191,9.579999923706055,9.720000267028809,5.168125152587891,84100.0
2010-12-22,9.699999809265137,9.890000343322754,9.699999809265137,9.789999961853027,5.205341815948486,62200.0
2010-12-23,9.75,9.970000267028809,9.720000267028809,9.859999656677246,5.242562294006348,52600.0
2010-12-27,9.859999656677246,9.869999885559082,9.760000228881836,9.770000457763672,5.194707870483398,22600.0
2010-12-28,9.729999542236328,9.8100004196167,9.6899995803833,9.729999542236328,5.173436164855957,34300.0
2010-12-29,9.739999771118164,9.850000381469727,9.670000076293945,9.779999732971191,5.2000250816345215,67700.0
2010-12-30,9.75,9.850000381469727,9.729999542236328,9.850000381469727,5.237241744995117,54900.0
2010-12-31,9.930000305175781,10.109999656677246,9.829999923706055,10.079999923706055,5.359532833099365,41500.0
2011-01-03,10.100000381469727,10.140000343322754,9.949999809265137,9.970000267028809,5.301048755645752,58600.0
2011-01-04,10.079999923706055,10.100000381469727,9.9399995803833,10.0,5.3169989585876465,48700.0
2011-01-05,10.0,10.050000190734863,9.9399995803833,9.960000038146973,5.295733451843262,26900.0
2011-01-06,9.989999771118164,9.989999771118164,9.800000190734863,9.800000190734863,5.210658073425293,49500.0
2011-01-07,9.869999885559082,9.869999885559082,9.720000267028809,9.829999923706055,5.2266082763671875,34100.0
2011-01-10,9.789999961853027,9.829999923706055,9.699999809265137,9.770000457763672,5.194707870483398,28000.0
2011-01-11,9.789999961853027,9.789999961853027,9.65999984741211,9.729999542236328,5.173436164855957,38900.0
2011-01-12,9.670000076293945,9.670000076293945,9.529999732971191,9.539999961853027,5.1044206619262695,69700.0
2011-01-13,9.529999732971191,9.529999732971191,9.329999923706055,9.399999618530273,5.029508590698242,89000.0
2011-01-14,9.3100004196167,9.380000114440918,9.210000038146973,9.380000114440918,5.018806457519531,164400.0
2011-01-18,9.350000381469727,9.5,9.25,9.489999771118164,5.077661514282227,61900.0
2011-01-19,9.5,9.5,9.149999618530273,9.239999771118164,4.943900108337402,80900.0
2011-01-20,9.229999542236328,9.510000228881836,9.210000038146973,9.470000267028809,5.066963195800781,44500.0
2011-01-21,9.390000343322754,9.670000076293945,9.390000343322754,9.65999984741211,5.168623447418213,82800.0
2011-01-24,9.680000305175781,9.800000190734863,9.649999618530273,9.800000190734863,5.243531227111816,57000.0
2011-01-25,9.760000228881836,9.850000381469727,9.739999771118164,9.84000015258789,5.264934062957764,56400.0
2011-01-26,9.850000381469727,9.890000343322754,9.800000190734863,9.84000015258789,5.264934062957764,85200.0
2011-01-27,9.829999923706055,9.850000381469727,9.770000457763672,9.819999694824219,5.254234790802002,27600.0
2011-01-28,9.859999656677246,9.859999656677246,9.779999732971191,9.859999656677246,5.275636196136475,25400.0
2011-01-31,9.859999656677246,9.859999656677246,9.770000457763672,9.770000457763672,5.227479457855225,17600.0
2011-02-01,9.819999694824219,9.829999923706055,9.770000457763672,9.829999923706055,5.25958251953125,30200.0
2011-02-02,9.770000457763672,9.869999885559082,9.770000457763672,9.859999656677246,5.275636196136475,29400.0
2011-02-03,9.850000381469727,9.869999885559082,9.829999923706055,9.850000381469727,5.270284175872803,13300.0
2011-02-04,9.859999656677246,9.880000114440918,9.760000228881836,9.819999694824219,5.254234790802002,35400.0
2011-02-07,9.760000228881836,9.899999618530273,9.760000228881836,9.890000343322754,5.291688919067383,41100.0
2011-02-08,9.880000114440918,9.90999984741211,9.850000381469727,9.899999618530273,5.297035217285156,63100.0
2011-02-09,9.880000114440918,9.930000305175781,9.880000114440918,9.890000343322754,5.291688919067383,29200.0
2011-02-10,9.890000343322754,9.920000076293945,9.850000381469727,9.920000076293945,5.307740211486816,10800.0
2011-02-11,9.819999694824219,9.970000267028809,9.770000457763672,9.770000457763672,5.259823799133301,54400.0
2011-02-14,9.819999694824219,9.850000381469727,9.770000457763672,9.850000381469727,5.302892208099365,20900.0
2011-02-15,9.819999694824219,9.869999885559082,9.800000190734863,9.850000381469727,5.302892208099365,18700.0
2011-02-16,9.899999618530273,9.90999984741211,9.789999961853027,9.859999656677246,5.308277130126953,26100.0
2011-02-17,9.890000343322754,9.930000305175781,9.850000381469727,9.899999618530273,5.329809665679932,51600.0
2011-02-18,9.930000305175781,9.930000305175781,9.880000114440918,9.920000076293945,5.340579986572266,30100.0
2011-02-22,9.890000343322754,9.890000343322754,9.800000190734863,9.8100004196167,5.281359672546387,64800.0
2011-02-23,9.84000015258789,9.930000305175781,9.819999694824219,9.899999618530273,5.329809665679932,37500.0
2011-02-24,9.90999984741211,9.930000305175781,9.899999618530273,9.920000076293945,5.340579986572266,40700.0
2011-02-25,9.949999809265137,9.960000038146973,9.90999984741211,9.9399995803833,5.35134744644165,26800.0
2011-02-28,9.970000267028809,10.0,9.970000267028809,9.989999771118164,5.378262996673584,18400.0
2011-03-01,10.029999732971191,10.100000381469727,10.0,10.100000381469727,5.437485218048096,23100.0
2011-03-02,10.119999885559082,10.220000267028809,10.119999885559082,10.220000267028809,5.5020880699157715,26800.0
2011-03-03,10.220000267028809,10.229999542236328,10.149999618530273,10.1899995803833,5.485939025878906,40100.0
2011-03-04,10.15999984741211,10.229999542236328,10.15999984741211,10.1899995803833,5.485939025878906,15800.0
2011-03-07,10.220000267028809,10.25,10.149999618530273,10.239999771118164,5.51285457611084,54600.0
2011-03-08,10.199999809265137,10.359999656677246,10.199999809265137,10.3100004196167,5.550541877746582,49500.0
2011-03-09,10.300000190734863,10.34000015258789,10.279999732971191,10.289999961853027,5.5397725105285645,35200.0
2011-03-10,10.319999694824219,10.329999923706055,10.25,10.329999923706055,5.561306476593018,20200.0
2011-03-11,10.25,10.270000457763672,10.199999809265137,10.210000038146973,5.5301666259765625,14200.0
2011-03-14,10.239999771118164,10.25,10.220000267028809,10.220000267028809,5.535580635070801,23600.0
2011-03-15,10.119999885559082,10.180000305175781,10.119999885559082,10.180000305175781,5.513913631439209,28700.0
2011-03-16,10.1899995803833,10.270000457763672,10.170000076293945,10.199999809265137,5.524745464324951,28300.0
2011-03-17,10.220000267028809,10.270000457763672,10.210000038146973,10.260000228881836,5.557243347167969,22600.0
2011-03-18,10.279999732971191,10.350000381469727,10.270000457763672,10.350000381469727,5.605992317199707,45900.0
2011-03-21,10.34000015258789,10.399999618530273,10.329999923706055,10.359999656677246,5.611408710479736,27500.0
2011-03-22,10.359999656677246,10.359999656677246,10.279999732971191,10.300000190734863,5.578911781311035,29300.0
2011-03-23,10.289999961853027,10.420000076293945,10.289999961853027,10.329999923706055,5.595157146453857,33700.0
2011-03-24,10.369999885559082,10.369999885559082,10.25,10.279999732971191,5.568075180053711,17300.0
2011-03-25,10.289999961853027,10.289999961853027,10.1899995803833,10.210000038146973,5.5301666259765625,22900.0
2011-03-28,10.279999732971191,10.279999732971191,10.170000076293945,10.180000305175781,5.513913631439209,28200.0
2011-03-29,10.15999984741211,10.239999771118164,10.15999984741211,10.220000267028809,5.535580635070801,20700.0
2011-03-30,10.25,10.25,10.210000038146973,10.229999542236328,5.5409932136535645,13900.0
2011-03-31,10.229999542236328,10.270000457763672,10.210000038146973,10.229999542236328,5.5409932136535645,15400.0
2011-04-01,10.3100004196167,10.3100004196167,10.239999771118164,10.270000457763672,5.562664031982422,13700.0
2011-04-04,10.220000267028809,10.25,10.199999809265137,10.25,5.551827907562256,15700.0
2011-04-05,10.199999809265137,10.279999732971191,10.199999809265137,10.270000457763672,5.562664031982422,14000.0
2011-04-06,10.229999542236328,10.300000190734863,10.229999542236328,10.239999771118164,5.546415328979492,28400.0
2011-04-07,10.199999809265137,10.279999732971191,10.199999809265137,10.279999732971191,5.568075180053711,20700.0
2011-04-08,10.260000228881836,10.270000457763672,10.239999771118164,10.270000457763672,5.562664031982422,10600.0
2011-04-11,10.199999809265137,10.220000267028809,10.149999618530273,10.149999618530273,5.497666358947754,34200.0
2011-04-12,10.149999618530273,10.199999809265137,10.119999885559082,10.199999809265137,5.524745464324951,12000.0
2011-04-13,10.140000343322754,10.140000343322754,10.020000457763672,10.039999961853027,5.471614360809326,22800.0
2011-04-14,9.989999771118164,10.0600004196167,9.989999771118164,10.029999732971191,5.466162204742432,12000.0
2011-04-15,10.0,10.0600004196167,10.0,10.0,5.449813365936279,18600.0
2011-04-18,9.989999771118164,10.029999732971191,9.970000267028809,10.0,5.449813365936279,10100.0
2011-04-19,9.970000267028809,10.0600004196167,9.970000267028809,10.039999961853027,5.471614360809326,37000.0
2011-04-20,10.069999694824219,10.140000343322754,10.050000190734863,10.140000343322754,5.5261101722717285,12700.0
2011-04-21,10.119999885559082,10.170000076293945,10.109999656677246,10.149999618530273,5.531561374664307,30800.0
2011-04-25,10.149999618530273,10.180000305175781,10.119999885559082,10.149999618530273,5.531561374664307,26200.0
2011-04-26,10.109999656677246,10.149999618530273,10.09000015258789,10.130000114440918,5.520660400390625,20500.0
2011-04-27,10.140000343322754,10.180000305175781,10.119999885559082,10.140000343322754,5.5261101722717285,19300.0
2011-04-28,10.130000114440918,10.170000076293945,10.020000457763672,10.149999618530273,5.531561374664307,22100.0
2011-04-29,10.140000343322754,10.220000267028809,10.130000114440918,10.199999809265137,5.558807849884033,12000.0
2011-05-02,10.25,10.359999656677246,10.220000267028809,10.359999656677246,5.6460041999816895,38000.0
2011-05-03,10.34000015258789,10.550000190734863,10.319999694824219,10.550000190734863,5.749554634094238,36000.0
2011-05-04,10.5,10.550000190734863,10.40999984741211,10.4399995803833,5.689602851867676,21000.0
2011-05-05,10.390000343322754,10.539999961853027,10.390000343322754,10.539999961853027,5.744102954864502,11300.0
2011-05-06,10.539999961853027,10.640000343322754,10.5,10.640000343322754,5.798599720001221,26400.0
2011-05-09,10.609999656677246,10.640000343322754,10.550000190734863,10.640000343322754,5.798599720001221,34000.0
2011-05-10,10.619999885559082,10.630000114440918,10.520000457763672,10.59000015258789,5.771350860595703,32300.0
2011-05-11,10.5600004196167,10.609999656677246,10.520000457763672,10.5600004196167,5.755000591278076,16300.0
2011-05-12,10.539999961853027,10.550000190734863,10.479999542236328,10.510000228881836,5.7618560791015625,11000.0
2011-05-13,10.489999771118164,10.5600004196167,10.489999771118164,10.550000190734863,5.783786773681641,22600.0
2011-05-16,10.520000457763672,10.520000457763672,10.460000038146973,10.470000267028809,5.739927291870117,17300.0
2011-05-17,10.449999809265137,10.449999809265137,10.40999984741211,10.40999984741211,5.707031726837158,15800.0
2011-05-18,10.449999809265137,10.449999809265137,10.399999618530273,10.449999809265137,5.728961944580078,11900.0
2011-05-19,10.449999809265137,10.460000038146973,10.390000343322754,10.449999809265137,5.728961944580078,16800.0
2011-05-20,10.399999618530273,10.470000267028809,10.390000343322754,10.399999618530273,5.701548099517822,25800.0
2011-05-23,10.40999984741211,10.4399995803833,10.40999984741211,10.4399995803833,5.723478317260742,10100.0
2011-05-24,10.430000305175781,10.489999771118164,10.420000076293945,10.4399995803833,5.723478317260742,13800.0
2011-05-25,10.470000267028809,10.489999771118164,10.399999618530273,10.399999618530273,5.701548099517822,22700.0
2011-05-26,10.4399995803833,10.489999771118164,10.4399995803833,10.470000267028809,5.739927291870117,13000.0
2011-05-27,10.489999771118164,10.489999771118164,10.4399995803833,10.479999542236328,5.745407581329346,10400.0
2011-05-31,10.479999542236328,10.5,10.460000038146973,10.5,5.756372928619385,22500.0
2011-06-01,10.5,10.5,10.460000038146973,10.460000038146973,5.734442234039307,36300.0
2011-06-02,10.460000038146973,10.489999771118164,10.4399995803833,10.460000038146973,5.734442234039307,18000.0
2011-06-03,10.40999984741211,10.470000267028809,10.40999984741211,10.4399995803833,5.723478317260742,44300.0
2011-06-06,10.420000076293945,10.479999542236328,10.420000076293945,10.460000038146973,5.734442234039307,18100.0
2011-06-07,10.460000038146973,10.460000038146973,10.420000076293945,10.4399995803833,5.723478317260742,45200.0
2011-06-08,10.399999618530273,10.430000305175781,10.399999618530273,10.40999984741211,5.707031726837158,39000.0
2011-06-09,10.420000076293945,10.430000305175781,10.390000343322754,10.40999984741211,5.707031726837158,16200.0
2011-06-10,10.430000305175781,10.4399995803833,10.399999618530273,10.420000076293945,5.712514400482178,32900.0
2011-06-13,10.399999618530273,10.399999618530273,10.300000190734863,10.350000381469727,5.70837926864624,5400.0
2011-06-14,10.329999923706055,10.390000343322754,10.329999923706055,10.390000343322754,5.730440616607666,20700.0
2011-06-15,10.34000015258789,10.399999618530273,10.289999961853027,10.289999961853027,5.675288677215576,28300.0
2011-06-16,10.319999694824219,10.359999656677246,10.3100004196167,10.3100004196167,5.686316013336182,18900.0
2011-06-17,10.3100004196167,10.3100004196167,10.25,10.25,5.653222560882568,23000.0
2011-06-20,10.279999732971191,10.359999656677246,10.229999542236328,10.329999923706055,5.697346210479736,43100.0
2011-06-21,10.34000015258789,10.369999885559082,10.329999923706055,10.359999656677246,5.713892459869385,32700.0
2011-06-22,10.359999656677246,10.390000343322754,10.329999923706055,10.390000343322754,5.730440616607666,17000.0
2011-06-23,10.399999618530273,10.479999542236328,10.380000114440918,10.470000267028809,5.774563312530518,33200.0
2011-06-24,10.430000305175781,10.520000457763672,10.430000305175781,10.489999771118164,5.785594463348389,27200.0
2011-06-27,10.449999809265137,10.539999961853027,10.449999809265137,10.539999961853027,5.813169479370117,24300.0
2011-06-28,10.550000190734863,10.59000015258789,10.520000457763672,10.5600004196167,5.8241987228393555,34000.0
2011-06-29,10.59000015258789,10.630000114440918,10.520000457763672,10.529999732971191,5.807653427124023,27800.0
2011-06-30,10.569999694824219,10.569999694824219,10.449999809265137,10.470000267028809,5.774563312530518,25700.0
2011-07-01,10.460000038146973,10.5600004196167,10.460000038146973,10.550000190734863,5.818685531616211,34100.0
2011-07-05,10.579999923706055,10.699999809265137,10.5600004196167,10.6899995803833,5.89589786529541,50600.0
2011-07-06,10.699999809265137,10.739999771118164,10.670000076293945,10.729999542236328,5.917957782745361,14700.0
2011-07-07,10.779999732971191,10.8100004196167,10.739999771118164,10.770000457763672,5.940023422241211,28000.0
2011-07-08,10.710000038146973,10.800000190734863,10.710000038146973,10.779999732971191,5.945539474487305,26300.0
2011-07-11,10.779999732971191,10.859999656677246,10.779999732971191,10.859999656677246,5.989661693572998,22000.0
2011-07-12,10.880000114440918,10.880000114440918,10.8100004196167,10.8100004196167,5.962082386016846,11800.0
2011-07-13,10.789999961853027,10.8100004196167,10.75,10.760000228881836,5.969017505645752,7200.0
2011-07-14,10.779999732971191,10.779999732971191,10.5600004196167,10.579999923706055,5.8691630363464355,32600.0
2011-07-15,10.640000343322754,10.640000343322754,10.399999618530273,10.399999618530273,5.7693095207214355,72900.0
2011-07-18,10.460000038146973,10.460000038146973,10.380000114440918,10.449999809265137,5.797049045562744,46600.0
2011-07-19,10.479999542236328,10.529999732971191,10.430000305175781,10.5,5.824787616729736,29400.0
2011-07-20,10.550000190734863,10.5600004196167,10.489999771118164,10.550000190734863,5.8525238037109375,39300.0
2011-07-21,10.550000190734863,10.75,10.550000190734863,10.75,5.963471412658691,57000.0
2011-07-22,10.789999961853027,10.789999961853027,10.699999809265137,10.720000267028809,5.946833610534668,37900.0
2011-07-25,10.739999771118164,10.739999771118164,10.609999656677246,10.619999885559082,5.891355037689209,27100.0
2011-07-26,10.65999984741211,10.65999984741211,10.489999771118164,10.649999618530273,5.907997131347656,33800.0
2011-07-27,10.609999656677246,10.619999885559082,10.380000114440918,10.59000015258789,5.8747124671936035,48300.0
2011-07-28,10.539999961853027,10.600000381469727,10.489999771118164,10.59000015258789,5.8747124671936035,41400.0
2011-07-29,10.420000076293945,10.489999771118164,10.350000381469727,10.399999618530273,5.7693095207214355,41000.0
2011-08-01,10.4399995803833,10.550000190734863,10.4399995803833,10.539999961853027,5.8469743728637695,21000.0
2011-08-02,10.5,10.649999618530273,10.5,10.619999885559082,5.891355037689209,24500.0
2011-08-03,10.59000015258789,10.760000228881836,10.59000015258789,10.739999771118164,5.957923412322998,34900.0
2011-08-04,10.779999732971191,10.800000190734863,10.529999732971191,10.720000267028809,5.946833610534668,46900.0
2011-08-05,10.760000228881836,10.869999885559082,10.649999618530273,10.779999732971191,5.980113506317139,81000.0
2011-08-08,10.800000190734863,10.800000190734863,9.859999656677246,10.0600004196167,5.580699443817139,60800.0
2011-08-09,10.0600004196167,10.239999771118164,9.979999542236328,10.239999771118164,5.680552005767822,38100.0
2011-08-10,10.270000457763672,10.6899995803833,10.220000267028809,10.449999809265137,5.797049045562744,60000.0
2011-08-11,10.510000228881836,10.510000228881836,10.369999885559082,10.430000305175781,5.820765972137451,26300.0
2011-08-12,10.380000114440918,10.510000228881836,10.380000114440918,10.489999771118164,5.854249000549316,33300.0
2011-08-15,10.5600004196167,10.6899995803833,10.520000457763672,10.6899995803833,5.965866565704346,8600.0
2011-08-16,10.850000381469727,10.850000381469727,10.630000114440918,10.680000305175781,5.960285186767578,24200.0
2011-08-17,10.869999885559082,10.869999885559082,10.710000038146973,10.75,5.99935245513916,29700.0
2011-08-18,10.779999732971191,10.779999732971191,10.59000015258789,10.65999984741211,5.949122905731201,20200.0
2011-08-19,10.680000305175781,10.710000038146973,10.640000343322754,10.670000076293945,5.954704761505127,11800.0
2011-08-22,10.75,10.899999618530273,10.699999809265137,10.899999618530273,6.083061218261719,21400.0
2011-08-23,10.930000305175781,11.0,10.8100004196167,10.890000343322754,6.077483177185059,39400.0
2011-08-24,10.899999618530273,10.90999984741211,10.710000038146973,10.739999771118164,5.993771076202393,22100.0
2011-08-25,10.770000457763672,10.829999923706055,10.699999809265137,10.699999809265137,5.971446514129639,14000.0
2011-08-26,10.729999542236328,10.789999961853027,10.710000038146973,10.710000038146973,5.977025032043457,9900.0
2011-08-29,10.789999961853027,10.789999961853027,10.699999809265137,10.699999809265137,5.971446514129639,21200.0
2011-08-30,10.75,10.770000457763672,10.710000038146973,10.770000457763672,6.010517120361328,17100.0
2011-08-31,10.800000190734863,10.859999656677246,10.760000228881836,10.760000228881836,6.004934310913086,36000.0
2011-09-01,10.84000015258789,10.880000114440918,10.8100004196167,10.850000381469727,6.055161952972412,20500.0
2011-09-02,10.850000381469727,10.880000114440918,10.779999732971191,10.84000015258789,6.049576759338379,16700.0
2011-09-06,10.84000015258789,10.890000343322754,10.829999923706055,10.890000343322754,6.077483177185059,16000.0
2011-09-07,10.899999618530273,10.979999542236328,10.859999656677246,10.930000305175781,6.099803447723389,44100.0
2011-09-08,10.899999618530273,10.9399995803833,10.880000114440918,10.90999984741211,6.088646411895752,37000.0
2011-09-09,10.949999809265137,10.960000038146973,10.869999885559082,10.899999618530273,6.083061218261719,31400.0
2011-09-12,10.890000343322754,11.020000457763672,10.84000015258789,10.949999809265137,6.1109700202941895,65000.0
2011-09-13,11.039999961853027,11.050000190734863,10.989999771118164,11.0,6.174112319946289,50800.0
2011-09-14,11.050000190734863,11.050000190734863,10.869999885559082,10.920000076293945,6.129209995269775,40600.0
2011-09-15,10.880000114440918,10.880000114440918,10.720000267028809,10.760000228881836,6.039406776428223,26100.0
2011-09-16,10.8100004196167,10.829999923706055,10.760000228881836,10.800000190734863,6.06185245513916,15500.0
2011-09-19,10.829999923706055,10.829999923706055,10.75,10.779999732971191,6.050630569458008,18700.0
2011-09-20,10.760000228881836,10.84000015258789,10.760000228881836,10.84000015258789,6.0843048095703125,13700.0
2011-09-21,10.859999656677246,10.890000343322754,10.8100004196167,10.850000381469727,6.0899200439453125,17400.0
2011-09-22,10.800000190734863,10.949999809265137,10.789999961853027,10.949999809265137,6.146050453186035,85800.0
2011-09-23,11.029999732971191,11.029999732971191,10.899999618530273,11.010000228881836,6.1797261238098145,35100.0
2011-09-26,11.0600004196167,11.15999984741211,11.0,11.149999618530273,6.258307933807373,52800.0
2011-09-27,11.3100004196167,11.3100004196167,11.140000343322754,11.25,6.314429759979248,30600.0
2011-09-28,11.300000190734863,11.420000076293945,11.069999694824219,11.079999923706055,6.2190117835998535,72100.0
2011-09-29,11.149999618530273,11.170000076293945,10.979999542236328,11.020000457763672,6.185337543487549,21400.0
2011-09-30,11.079999923706055,11.119999885559082,10.9399995803833,11.119999885559082,6.241468906402588,26800.0
2011-10-03,11.170000076293945,11.1899995803833,11.100000381469727,11.140000343322754,6.25269079208374,19900.0
2011-10-04,11.149999618530273,11.149999618530273,10.890000343322754,11.0,6.174112319946289,33900.0
2011-10-05,10.970000267028809,11.5600004196167,10.850000381469727,11.0,6.174112319946289,36500.0
2011-10-06,11.010000228881836,11.09000015258789,10.869999885559082,10.979999542236328,6.162888526916504,37000.0
2011-10-07,10.970000267028809,11.020000457763672,10.850000381469727,11.020000457763672,6.185337543487549,25400.0
2011-10-10,11.0600004196167,11.119999885559082,10.970000267028809,11.100000381469727,6.230245113372803,17100.0
2011-10-11,11.09000015258789,11.170000076293945,11.069999694824219,11.069999694824219,6.213407039642334,19900.0
2011-10-12,11.079999923706055,11.100000381469727,10.789999961853027,10.84000015258789,6.119961738586426,66000.0
2011-10-13,10.760000228881836,10.890000343322754,10.710000038146973,10.789999961853027,6.091737270355225,54600.0
2011-10-14,10.899999618530273,10.949999809265137,10.859999656677246,10.859999656677246,6.131259918212891,32300.0
2011-10-17,10.880000114440918,10.960000038146973,10.75,10.770000457763672,6.080447673797607,27000.0
2011-10-18,10.760000228881836,10.84000015258789,10.65999984741211,10.729999542236328,6.057860374450684,69600.0
2011-10-19,10.649999618530273,10.699999809265137,10.640000343322754,10.699999809265137,6.040922164916992,65900.0
2011-10-20,10.680000305175781,10.770000457763672,10.670000076293945,10.770000457763672,6.080447673797607,71900.0
2011-10-21,10.75,10.899999618530273,10.75,10.84000015258789,6.119961738586426,62400.0
2011-10-24,10.84000015258789,10.9399995803833,10.8100004196167,10.9399995803833,6.17642068862915,52800.0
2011-10-25,10.850000381469727,11.0,10.850000381469727,10.979999542236328,6.1990065574646,52300.0
2011-10-26,10.949999809265137,11.0600004196167,10.949999809265137,11.010000228881836,6.215943336486816,46900.0
2011-10-27,11.079999923706055,11.140000343322754,11.010000228881836,11.109999656677246,6.272400856018066,46000.0
2011-10-28,11.100000381469727,11.119999885559082,11.0,11.029999732971191,6.227233409881592,21100.0
2011-10-31,10.970000267028809,11.079999923706055,10.970000267028809,11.0,6.210299015045166,40700.0
2011-11-01,11.0,11.079999923706055,10.979999542236328,11.050000190734863,6.238523006439209,61600.0
2011-11-02,11.029999732971191,11.029999732971191,10.890000343322754,10.890000343322754,6.148192405700684,61700.0
2011-11-03,10.90999984741211,10.970000267028809,10.899999618530273,10.970000267028809,6.193357944488525,24000.0
2011-11-04,10.90999984741211,11.0,10.90999984741211,10.949999809265137,6.182069778442383,68900.0
2011-11-07,10.890000343322754,11.050000190734863,10.890000343322754,11.0,6.210299015045166,63400.0
2011-11-08,10.989999771118164,11.229999542236328,10.989999771118164,11.180000305175781,6.311917781829834,185600.0
2011-11-09,11.149999618530273,11.210000038146973,11.0,11.039999961853027,6.2328782081604,164400.0
2011-11-10,11.069999694824219,11.109999656677246,10.930000305175781,11.109999656677246,6.309260845184326,81500.0
2011-11-11,11.109999656677246,11.289999961853027,11.09000015258789,11.289999961853027,6.41148042678833,66700.0
2011-11-14,11.289999961853027,11.380000114440918,11.260000228881836,11.3100004196167,6.422839164733887,53100.0
2011-11-15,11.350000381469727,11.369999885559082,11.199999809265137,11.279999732971191,6.405803680419922,49200.0
2011-11-16,11.229999542236328,11.380000114440918,11.229999542236328,11.289999961853027,6.41148042678833,61000.0
2011-11-17,11.279999732971191,11.359999656677246,11.079999923706055,11.170000076293945,6.343332767486572,79200.0
2011-11-18,11.239999771118164,11.5,11.210000038146973,11.220000267028809,6.371729373931885,79900.0
2011-11-21,11.149999618530273,11.420000076293945,11.149999618530273,11.399999618530273,6.47395133972168,45500.0
2011-11-22,11.390000343322754,11.399999618530273,11.34000015258789,11.380000114440918,6.462592601776123,42700.0
2011-11-23,11.319999694824219,11.380000114440918,11.319999694824219,11.359999656677246,6.451234340667725,25100.0
2011-11-25,11.420000076293945,11.420000076293945,11.390000343322754,11.40999984741211,6.479626178741455,22200.0
2011-11-28,11.5,11.529999732971191,11.380000114440918,11.399999618530273,6.47395133972168,23400.0
2011-11-29,11.369999885559082,11.420000076293945,11.34000015258789,11.34000015258789,6.439876079559326,44400.0
2011-11-30,11.489999771118164,11.520000457763672,11.34000015258789,11.479999542236328,6.519380569458008,86400.0
2011-12-01,11.539999961853027,11.5600004196167,11.4399995803833,11.489999771118164,6.525059700012207,48100.0
2011-12-02,11.5,11.600000381469727,11.5,11.5,6.5307393074035645,43700.0
2011-12-05,11.520000457763672,11.569999694824219,11.5,11.529999732971191,6.5477752685546875,34400.0
2011-12-06,11.510000228881836,11.579999923706055,11.489999771118164,11.579999923706055,6.576168060302734,44100.0
2011-12-07,11.579999923706055,11.619999885559082,11.539999961853027,11.600000381469727,6.587526321411133,39600.0
2011-12-08,11.579999923706055,11.640000343322754,11.5,11.529999732971191,6.5477752685546875,50300.0
2011-12-09,11.529999732971191,11.609999656677246,11.520000457763672,11.609999656677246,6.593204021453857,23600.0
2011-12-12,11.609999656677246,11.65999984741211,11.550000190734863,11.579999923706055,6.576168060302734,31000.0
2011-12-13,11.550000190734863,11.5600004196167,11.510000228881836,11.510000228881836,6.5364460945129395,43400.0
2011-12-14,11.5,11.550000190734863,11.5,11.520000457763672,6.542121887207031,20300.0
2011-12-15,11.520000457763672,11.579999923706055,11.520000457763672,11.579999923706055,6.576195240020752,42500.0
2011-12-16,11.579999923706055,11.640000343322754,11.5600004196167,11.640000343322754,6.610270977020264,23500.0
2011-12-19,11.680000305175781,11.710000038146973,11.619999885559082,11.699999809265137,6.644343852996826,36100.0
2011-12-20,11.680000305175781,11.800000190734863,11.680000305175781,11.739999771118164,6.667060375213623,33800.0
2011-12-21,11.770000457763672,11.770000457763672,11.699999809265137,11.729999542236328,6.661379814147949,33000.0
2011-12-22,11.699999809265137,11.800000190734863,11.670000076293945,11.75,6.6727399826049805,31700.0
2011-12-23,11.770000457763672,11.770000457763672,11.680000305175781,11.699999809265137,6.644343852996826,39000.0
2011-12-27,11.729999542236328,11.800000190734863,11.630000114440918,11.670000076293945,6.6273088455200195,77400.0
2011-12-28,11.670000076293945,11.720000267028809,11.550000190734863,11.600000381469727,6.58755350112915,40800.0
2011-12-29,11.5600004196167,11.640000343322754,11.550000190734863,11.600000381469727,6.58755350112915,41000.0
2011-12-30,11.579999923706055,11.720000267028809,11.579999923706055,11.670000076293945,6.6273088455200195,47600.0
2012-01-03,11.670000076293945,11.739999771118164,11.600000381469727,11.670000076293945,6.6273088455200195,40400.0
2012-01-04,11.649999618530273,11.670000076293945,11.609999656677246,11.609999656677246,6.59323263168335,35200.0
2012-01-05,11.569999694824219,11.699999809265137,11.569999694824219,11.640000343322754,6.610270977020264,27400.0
2012-01-06,11.630000114440918,11.75,11.630000114440918,11.75,6.6727399826049805,47800.0
2012-01-09,11.779999732971191,11.859999656677246,11.75,11.850000381469727,6.729527950286865,26500.0
2012-01-10,11.850000381469727,11.869999885559082,11.829999923706055,11.850000381469727,6.729527950286865,31300.0
2012-01-11,11.760000228881836,11.819999694824219,11.6899995803833,11.699999809265137,6.680710792541504,22400.0
2012-01-12,11.65999984741211,11.850000381469727,11.65999984741211,11.760000228881836,6.7149658203125,62300.0
2012-01-13,11.75,11.850000381469727,11.75,11.800000190734863,6.737809658050537,60800.0
2012-01-17,11.789999961853027,11.880000114440918,11.680000305175781,11.819999694824219,6.74922513961792,87400.0
2012-01-18,11.829999923706055,11.880000114440918,11.779999732971191,11.880000114440918,6.783488750457764,36900.0
2012-01-19,11.890000343322754,11.930000305175781,11.779999732971191,11.890000343322754,6.7891998291015625,74000.0
2012-01-20,11.920000076293945,11.970000267028809,11.859999656677246,11.970000267028809,6.834876537322998,88500.0
2012-01-23,12.020000457763672,12.15999984741211,12.020000457763672,12.140000343322754,6.931948661804199,67700.0
2012-01-24,12.15999984741211,12.15999984741211,12.020000457763672,12.109999656677246,6.914818286895752,73700.0
2012-01-25,12.109999656677246,12.119999885559082,12.039999961853027,12.100000381469727,6.909104824066162,83000.0
2012-01-26,12.119999885559082,12.210000038146973,12.119999885559082,12.210000038146973,6.97191858291626,44000.0
2012-01-27,12.239999771118164,12.449999809265137,12.239999771118164,12.449999809265137,7.108957767486572,68400.0
2012-01-30,12.460000038146973,12.65999984741211,12.3100004196167,12.520000457763672,7.148930549621582,130400.0
2012-01-31,12.569999694824219,12.680000305175781,12.569999694824219,12.649999618530273,7.223162651062012,41500.0
2012-02-01,12.6899995803833,12.890000343322754,12.670000076293945,12.75,7.280259609222412,101400.0
2012-02-02,12.6899995803833,12.739999771118164,12.5600004196167,12.600000381469727,7.194607734680176,75000.0
2012-02-03,12.630000114440918,12.670000076293945,12.5600004196167,12.670000076293945,7.234576225280762,38300.0
2012-02-06,12.600000381469727,12.649999618530273,12.569999694824219,12.640000343322754,7.2174482345581055,40200.0
2012-02-07,12.59000015258789,12.640000343322754,12.550000190734863,12.630000114440918,7.211735725402832,57800.0
2012-02-08,12.609999656677246,12.649999618530273,12.5,12.539999961853027,7.160347938537598,114800.0
2012-02-09,12.579999923706055,12.600000381469727,12.520000457763672,12.5600004196167,7.1717681884765625,56800.0
2012-02-10,12.449999809265137,12.520000457763672,12.449999809265137,12.479999542236328,7.126087665557861,42500.0
2012-02-13,12.479999542236328,12.510000228881836,12.460000038146973,12.510000228881836,7.180327892303467,28000.0
2012-02-14,12.5,12.510000228881836,12.4399995803833,12.460000038146973,7.151627540588379,40700.0
2012-02-15,12.470000267028809,12.489999771118164,12.300000190734863,12.319999694824219,7.071273326873779,68900.0
2012-02-16,12.319999694824219,12.34000015258789,12.079999923706055,12.079999923706055,6.9335246086120605,65100.0
2012-02-17,12.0600004196167,12.199999809265137,12.0600004196167,12.170000076293945,6.98518180847168,40300.0
2012-02-21,12.229999542236328,12.329999923706055,12.229999542236328,12.279999732971191,7.048315525054932,59000.0
2012-02-22,12.220000267028809,12.289999961853027,12.220000267028809,12.289999961853027,7.054056644439697,19400.0
2012-02-23,12.210000038146973,12.3100004196167,12.180000305175781,12.229999542236328,7.019622325897217,56100.0
2012-02-24,12.210000038146973,12.289999961853027,12.1899995803833,12.199999809265137,7.0023956298828125,68400.0
2012-02-27,12.220000267028809,12.25,12.15999984741211,12.239999771118164,7.025353908538818,66400.0
2012-02-28,12.210000038146973,12.3100004196167,12.199999809265137,12.210000038146973,7.008139133453369,46900.0
2012-02-29,12.199999809265137,12.270000457763672,12.199999809265137,12.270000457763672,7.042579650878906,54000.0
2012-03-01,12.25,12.300000190734863,12.239999771118164,12.300000190734863,7.059792995452881,61000.0
2012-03-02,12.300000190734863,12.34000015258789,12.300000190734863,12.34000015258789,7.082749843597412,29800.0
2012-03-05,12.319999694824219,12.329999923706055,12.270000457763672,12.270000457763672,7.042579650878906,32400.0
2012-03-06,12.229999542236328,12.239999771118164,12.170000076293945,12.220000267028809,7.013875961303711,41300.0
2012-03-07,12.180000305175781,12.270000457763672,12.180000305175781,12.270000457763672,7.042579650878906,49700.0
2012-03-08,12.239999771118164,12.289999961853027,12.229999542236328,12.289999961853027,7.054056644439697,63100.0
2012-03-09,12.279999732971191,12.390000343322754,12.25,12.390000343322754,7.111451625823975,52900.0
2012-03-12,12.329999923706055,12.399999618530273,12.329999923706055,12.380000114440918,7.105710983276367,37700.0
2012-03-13,12.300000190734863,12.359999656677246,12.300000190734863,12.350000381469727,7.126484394073486,11000.0
2012-03-14,12.350000381469727,12.350000381469727,12.119999885559082,12.140000343322754,7.005306243896484,66900.0
2012-03-15,12.100000381469727,12.100000381469727,11.699999809265137,11.789999961853027,6.803343296051025,102700.0
2012-03-16,11.800000190734863,11.800000190734863,11.25,11.6899995803833,6.745638370513916,84800.0
2012-03-19,11.5600004196167,11.800000190734863,11.5,11.75,6.780261039733887,48700.0
2012-03-20,11.6899995803833,11.920000076293945,11.6899995803833,11.800000190734863,6.809113502502441,51700.0
2012-03-21,11.869999885559082,11.979999542236328,11.850000381469727,11.899999618530273,6.866813659667969,40100.0
2012-03-22,11.960000038146973,11.989999771118164,11.859999656677246,11.989999771118164,6.918745040893555,46400.0
2012-03-23,12.0600004196167,12.15999984741211,12.029999732971191,12.15999984741211,7.016847610473633,48100.0
2012-03-26,12.149999618530273,12.149999618530273,12.029999732971191,12.039999961853027,6.947603225708008,40200.0
2012-03-27,11.989999771118164,12.050000190734863,11.90999984741211,12.029999732971191,6.941829681396484,47600.0
2012-03-28,12.069999694824219,12.220000267028809,12.050000190734863,12.220000267028809,7.0514678955078125,50300.0
2012-03-29,12.229999542236328,12.3100004196167,12.229999542236328,12.300000190734863,7.097631931304932,50500.0
2012-03-30,12.3100004196167,12.399999618530273,12.3100004196167,12.390000343322754,7.149567127227783,32500.0
2012-04-02,12.399999618530273,12.550000190734863,12.399999618530273,12.4399995803833,7.178419589996338,64500.0
2012-04-03,12.4399995803833,12.449999809265137,12.329999923706055,12.40999984741211,7.161106586456299,48800.0
2012-04-04,12.40999984741211,12.430000305175781,12.279999732971191,12.319999694824219,7.109173774719238,44900.0
2012-04-05,12.319999694824219,12.34000015258789,12.260000228881836,12.289999961853027,7.091865062713623,32100.0
2012-04-09,12.369999885559082,12.380000114440918,12.260000228881836,12.319999694824219,7.109173774719238,29200.0
2012-04-10,12.329999923706055,12.34000015258789,12.239999771118164,12.279999732971191,7.0860915184021,78000.0
2012-04-11,12.260000228881836,12.430000305175781,12.260000228881836,12.40999984741211,7.161106586456299,42300.0
2012-04-12,12.399999618530273,12.4399995803833,12.319999694824219,12.4399995803833,7.216799736022949,10000.0
2012-04-13,12.4399995803833,12.4399995803833,12.34000015258789,12.350000381469727,7.164588451385498,13600.0
2012-04-16,12.430000305175781,12.430000305175781,12.329999923706055,12.350000381469727,7.164588451385498,40700.0
2012-04-17,12.34000015258789,12.350000381469727,12.270000457763672,12.319999694824219,7.147184371948242,28500.0
2012-04-18,12.34000015258789,12.399999618530273,12.300000190734863,12.399999618530273,7.193598747253418,18400.0
2012-04-19,12.350000381469727,12.430000305175781,12.350000381469727,12.369999885559082,7.176194190979004,15500.0
2012-04-20,12.380000114440918,12.460000038146973,12.350000381469727,12.4399995803833,7.216799736022949,9600.0
2012-04-23,12.4399995803833,12.449999809265137,12.289999961853027,12.300000190734863,7.1355814933776855,43900.0
2012-04-24,12.289999961853027,12.3100004196167,12.229999542236328,12.3100004196167,7.141385078430176,33400.0
2012-04-25,12.329999923706055,12.329999923706055,12.25,12.279999732971191,7.123979091644287,21600.0
2012-04-26,12.260000228881836,12.3100004196167,12.239999771118164,12.25,7.106574535369873,26100.0
2012-04-27,12.25,12.270000457763672,12.239999771118164,12.270000457763672,7.118179798126221,19700.0
2012-04-30,12.279999732971191,12.300000190734863,12.229999542236328,12.289999961853027,7.129783630371094,33000.0
2012-05-01,12.300000190734863,12.369999885559082,12.300000190734863,12.34000015258789,7.15878438949585,16400.0
2012-05-02,12.279999732971191,12.359999656677246,12.279999732971191,12.350000381469727,7.164588451385498,14000.0
2012-05-03,12.3100004196167,12.350000381469727,12.279999732971191,12.34000015258789,7.15878438949585,11000.0
2012-05-04,12.289999961853027,12.34000015258789,12.270000457763672,12.3100004196167,7.141385078430176,18200.0
2012-05-07,12.279999732971191,12.34000015258789,12.270000457763672,12.289999961853027,7.129783630371094,12000.0
2012-05-08,12.289999961853027,12.329999923706055,12.270000457763672,12.329999923706055,7.152985095977783,25400.0
2012-05-09,12.289999961853027,12.420000076293945,12.289999961853027,12.40999984741211,7.19939661026001,30000.0
2012-05-10,12.390000343322754,12.460000038146973,12.390000343322754,12.449999809265137,7.222600936889648,18600.0
2012-05-11,12.34000015258789,12.399999618530273,12.329999923706055,12.380000114440918,7.220268249511719,4600.0
2012-05-14,12.369999885559082,12.380000114440918,12.270000457763672,12.279999732971191,7.161949157714844,24400.0
2012-05-15,12.260000228881836,12.319999694824219,12.260000228881836,12.270000457763672,7.156116962432861,41000.0
2012-05-16,12.260000228881836,12.319999694824219,12.220000267028809,12.300000190734863,7.173610210418701,39300.0
2012-05-17,12.270000457763672,12.3100004196167,12.180000305175781,12.229999542236328,7.132789611816406,49900.0
2012-05-18,12.210000038146973,12.270000457763672,12.199999809265137,12.220000267028809,7.126953601837158,26800.0
2012-05-21,12.199999809265137,12.260000228881836,12.079999923706055,12.079999923706055,7.045303821563721,94400.0
2012-05-22,12.079999923706055,12.15999984741211,12.0,12.140000343322754,7.080295562744141,119800.0
2012-05-23,12.15999984741211,12.25,12.140000343322754,12.239999771118164,7.13861608505249,60000.0
2012-05-24,12.239999771118164,12.319999694824219,12.199999809265137,12.300000190734863,7.173610210418701,56800.0
2012-05-25,12.3100004196167,12.34000015258789,12.279999732971191,12.300000190734863,7.173610210418701,27100.0
2012-05-29,12.289999961853027,12.300000190734863,12.210000038146973,12.229999542236328,7.132789611816406,40000.0
2012-05-30,12.220000267028809,12.3100004196167,12.180000305175781,12.279999732971191,7.161949157714844,63500.0
2012-05-31,12.260000228881836,12.319999694824219,12.25,12.279999732971191,7.161949157714844,38200.0
2012-06-01,12.279999732971191,12.34000015258789,12.25,12.329999923706055,7.191105842590332,60200.0
2012-06-04,12.34000015258789,12.380000114440918,12.300000190734863,12.380000114440918,7.220268249511719,49300.0
2012-06-05,12.390000343322754,12.460000038146973,12.350000381469727,12.460000038146973,7.266923904418945,37900.0
2012-06-06,12.399999618530273,12.5600004196167,12.399999618530273,12.539999961853027,7.313584804534912,54100.0
2012-06-07,12.520000457763672,12.579999923706055,12.460000038146973,12.470000267028809,7.2727580070495605,53100.0
2012-06-08,12.449999809265137,12.539999961853027,12.449999809265137,12.539999961853027,7.313584804534912,51200.0
2012-06-11,12.510000228881836,12.720000267028809,12.510000228881836,12.6899995803833,7.401066303253174,28300.0
2012-06-12,12.699999809265137,12.729999542236328,12.6899995803833,12.699999809265137,7.406897068023682,40900.0
2012-06-13,12.640000343322754,12.720000267028809,12.619999885559082,12.670000076293945,7.428002834320068,45600.0
2012-06-14,12.640000343322754,12.640000343322754,12.300000190734863,12.329999923706055,7.228672981262207,65000.0
2012-06-15,12.260000228881836,12.3100004196167,12.119999885559082,12.119999885559082,7.105558395385742,72800.0
2012-06-18,12.109999656677246,12.270000457763672,12.109999656677246,12.260000228881836,7.187637805938721,45900.0
2012-06-19,12.229999542236328,12.380000114440918,12.229999542236328,12.329999923706055,7.228672981262207,29700.0
2012-06-20,12.300000190734863,12.4399995803833,12.300000190734863,12.420000076293945,7.281436443328857,29600.0
2012-06-21,12.369999885559082,12.489999771118164,12.369999885559082,12.489999771118164,7.322475433349609,32600.0
2012-06-22,12.5,12.5,12.350000381469727,12.40999984741211,7.275577545166016,34600.0
2012-06-25,12.40999984741211,12.40999984741211,12.350000381469727,12.350000381469727,7.240398406982422,43800.0
2012-06-26,12.399999618530273,12.59000015258789,12.359999656677246,12.539999961853027,7.351789474487305,77200.0
2012-06-27,12.470000267028809,12.569999694824219,12.470000267028809,12.539999961853027,7.351789474487305,35900.0
2012-06-28,12.569999694824219,12.59000015258789,12.520000457763672,12.569999694824219,7.369375228881836,18100.0
2012-06-29,12.550000190734863,12.649999618530273,12.5,12.609999656677246,7.392827987670898,27300.0
2012-07-02,12.649999618530273,12.779999732971191,12.5600004196167,12.619999885559082,7.398695945739746,53400.0
2012-07-03,12.619999885559082,12.649999618530273,12.479999542236328,12.5,7.328338623046875,53800.0
2012-07-05,12.5600004196167,12.59000015258789,12.5,12.529999732971191,7.345933437347412,47800.0
2012-07-06,12.569999694824219,12.579999923706055,12.539999961853027,12.579999923706055,7.375240802764893,23900.0
2012-07-09,12.630000114440918,12.720000267028809,12.5600004196167,12.720000267028809,7.457319736480713,66600.0
2012-07-10,12.75,12.75,12.699999809265137,12.739999771118164,7.46904182434082,25800.0
2012-07-11,12.75,12.800000190734863,12.699999809265137,12.720000267028809,7.457319736480713,64700.0
2012-07-12,12.65999984741211,12.670000076293945,12.470000267028809,12.569999694824219,7.407811641693115,47100.0
2012-07-13,12.539999961853027,12.680000305175781,12.539999961853027,12.670000076293945,7.466745853424072,40900.0
2012-07-16,12.65999984741211,12.65999984741211,12.489999771118164,12.520000457763672,7.378346920013428,63800.0
2012-07-17,12.520000457763672,12.619999885559082,12.520000457763672,12.619999885559082,7.437285900115967,33400.0
2012-07-18,12.619999885559082,12.6899995803833,12.619999885559082,12.6899995803833,7.478531837463379,54500.0
2012-07-19,12.6899995803833,12.789999961853027,12.6899995803833,12.789999961853027,7.5374674797058105,41900.0
2012-07-20,12.800000190734863,12.84000015258789,12.760000228881836,12.84000015258789,7.566931247711182,54800.0
2012-07-23,12.84000015258789,12.880000114440918,12.800000190734863,12.829999923706055,7.561039924621582,62000.0
2012-07-24,12.84000015258789,12.899999618530273,12.84000015258789,12.899999618530273,7.602291584014893,54500.0
2012-07-25,12.899999618530273,12.9399995803833,12.869999885559082,12.9399995803833,7.625861167907715,80600.0
2012-07-26,12.9399995803833,13.050000190734863,12.9399995803833,13.010000228881836,7.667117595672607,69600.0
2012-07-27,13.020000457763672,13.079999923706055,12.989999771118164,13.079999923706055,7.7083740234375,99700.0
2012-07-30,13.079999923706055,13.109999656677246,13.050000190734863,13.09000015258789,7.714262962341309,19900.0
2012-07-31,13.109999656677246,13.199999809265137,13.109999656677246,13.199999809265137,7.779092311859131,28900.0
2012-08-01,13.1899995803833,13.229999542236328,13.109999656677246,13.170000076293945,7.761412143707275,52100.0
2012-08-02,13.100000381469727,13.220000267028809,13.100000381469727,13.1899995803833,7.773199558258057,42400.0
2012-08-03,13.220000267028809,13.279999732971191,13.140000343322754,13.270000457763672,7.820343494415283,62400.0
2012-08-06,13.359999656677246,13.59000015258789,13.329999923706055,13.510000228881836,7.961781978607178,62100.0
2012-08-07,13.430000305175781,13.489999771118164,13.380000114440918,13.420000076293945,7.908736228942871,41100.0
2012-08-08,13.420000076293945,13.449999809265137,13.279999732971191,13.399999618530273,7.896953582763672,82700.0
2012-08-09,13.399999618530273,13.399999618530273,13.289999961853027,13.319999694824219,7.8498053550720215,33700.0
2012-08-10,13.40999984741211,13.40999984741211,13.229999542236328,13.329999923706055,7.8557000160217285,40700.0
2012-08-13,13.329999923706055,13.34000015258789,13.100000381469727,13.119999885559082,7.770415306091309,84900.0
2012-08-14,13.069999694824219,13.180000305175781,12.869999885559082,12.890000343322754,7.634198188781738,85000.0
2012-08-15,12.869999885559082,13.100000381469727,12.869999885559082,13.079999923706055,7.746730327606201,68600.0
2012-08-16,13.029999732971191,13.220000267028809,13.029999732971191,13.220000267028809,7.829641819000244,34400.0
2012-08-17,13.220000267028809,13.329999923706055,13.149999618530273,13.279999732971191,7.865183353424072,50600.0
2012-08-20,13.270000457763672,13.34000015258789,13.239999771118164,13.34000015258789,7.900712013244629,56000.0
2012-08-21,13.329999923706055,13.329999923706055,13.180000305175781,13.25,7.847410678863525,79000.0
2012-08-22,13.25,13.25,13.0600004196167,13.170000076293945,7.800030708312988,109300.0
2012-08-23,13.170000076293945,13.1899995803833,13.100000381469727,13.100000381469727,7.758569240570068,56700.0
2012-08-24,13.100000381469727,13.15999984741211,12.979999542236328,13.100000381469727,7.758569240570068,40000.0
2012-08-27,13.0600004196167,13.100000381469727,13.010000228881836,13.029999732971191,7.717116355895996,40800.0
2012-08-28,13.010000228881836,13.029999732971191,12.960000038146973,13.020000457763672,7.711190223693848,35100.0
2012-08-29,13.119999885559082,13.119999885559082,13.0,13.109999656677246,7.7644944190979,29300.0
2012-08-30,13.130000114440918,13.130000114440918,13.0600004196167,13.109999656677246,7.7644944190979,11500.0
2012-08-31,13.119999885559082,13.130000114440918,13.050000190734863,13.119999885559082,7.770415306091309,10400.0
2012-09-04,13.15999984741211,13.15999984741211,13.0,13.029999732971191,7.717116355895996,40300.0
2012-09-05,12.979999542236328,13.010000228881836,12.899999618530273,12.9399995803833,7.6638102531433105,33700.0
2012-09-06,12.90999984741211,12.989999771118164,12.850000381469727,12.930000305175781,7.657887935638428,65500.0
2012-09-07,12.90999984741211,13.0,12.90999984741211,13.0,7.699344635009766,44400.0
2012-09-10,12.989999771118164,13.050000190734863,12.979999542236328,13.050000190734863,7.728959560394287,22600.0
2012-09-11,12.979999542236328,13.149999618530273,12.979999542236328,13.149999618530273,7.788185119628906,29200.0
2012-09-12,13.069999694824219,13.359999656677246,12.989999771118164,13.25,7.886998176574707,39400.0
2012-09-13,13.15999984741211,13.210000038146973,13.09000015258789,13.180000305175781,7.845327377319336,39100.0
2012-09-14,13.140000343322754,13.170000076293945,13.0600004196167,13.069999694824219,7.779848575592041,23000.0
2012-09-17,13.029999732971191,13.079999923706055,13.0,13.0,7.73818302154541,28600.0
2012-09-18,12.970000267028809,13.020000457763672,12.949999809265137,13.020000457763672,7.750090599060059,16400.0
2012-09-19,12.979999542236328,13.039999961853027,12.970000267028809,13.039999961853027,7.761996269226074,15200.0
2012-09-20,13.010000228881836,13.079999923706055,13.0,13.0600004196167,7.773898124694824,24300.0
2012-09-21,13.069999694824219,13.140000343322754,13.020000457763672,13.130000114440918,7.815563678741455,14800.0
2012-09-24,13.100000381469727,13.180000305175781,12.989999771118164,13.069999694824219,7.779848575592041,79400.0
2012-09-25,13.029999732971191,13.109999656677246,13.029999732971191,13.050000190734863,7.767948150634766,45900.0
2012-09-26,13.010000228881836,13.1899995803833,13.010000228881836,13.1899995803833,7.851285934448242,55600.0
2012-09-27,13.130000114440918,13.15999984741211,13.09000015258789,13.15999984741211,7.833423614501953,37100.0
2012-09-28,13.119999885559082,13.210000038146973,13.119999885559082,13.180000305175781,7.845327377319336,45500.0
2012-10-01,13.1899995803833,13.260000228881836,13.1899995803833,13.220000267028809,7.869140148162842,38900.0
2012-10-02,13.199999809265137,13.199999809265137,13.100000381469727,13.109999656677246,7.8036603927612305,61800.0
2012-10-03,13.100000381469727,13.180000305175781,13.079999923706055,13.100000381469727,7.7977070808410645,52000.0
2012-10-04,13.09000015258789,13.119999885559082,13.010000228881836,13.119999885559082,7.8096089363098145,43000.0
2012-10-05,13.069999694824219,13.140000343322754,13.069999694824219,13.100000381469727,7.7977070808410645,27500.0
2012-10-08,13.0600004196167,13.130000114440918,13.0600004196167,13.109999656677246,7.8036603927612305,43500.0
2012-10-09,13.119999885559082,13.119999885559082,13.010000228881836,13.020000457763672,7.750090599060059,36900.0
2012-10-10,13.010000228881836,13.029999732971191,12.90999984741211,12.989999771118164,7.732229709625244,24300.0
2012-10-11,12.899999618530273,12.979999542236328,12.899999618530273,12.930000305175781,7.73342752456665,35600.0
2012-10-12,12.899999618530273,12.960000038146973,12.84000015258789,12.84000015258789,7.679597854614258,30900.0
2012-10-15,12.84000015258789,12.869999885559082,12.779999732971191,12.779999732971191,7.643714904785156,29000.0
2012-10-16,12.779999732971191,12.819999694824219,12.779999732971191,12.779999732971191,7.643714904785156,46100.0
2012-10-17,12.779999732971191,12.90999984741211,12.779999732971191,12.850000381469727,7.685581684112549,44400.0
2012-10-18,12.819999694824219,12.890000343322754,12.800000190734863,12.800000190734863,7.65567684173584,35700.0
2012-10-19,12.779999732971191,12.800000190734863,12.739999771118164,12.75,7.625765800476074,43100.0
2012-10-22,12.739999771118164,12.770000457763672,12.720000267028809,12.770000457763672,7.63773250579834,32900.0
2012-10-23,12.760000228881836,12.869999885559082,12.75,12.84000015258789,7.679597854614258,14800.0
2012-10-24,12.920000076293945,13.0,12.829999923706055,13.0,7.775292873382568,54600.0
2012-10-25,12.949999809265137,13.079999923706055,12.9399995803833,13.079999923706055,7.823146820068359,72000.0
2012-10-26,13.029999732971191,13.15999984741211,13.029999732971191,13.15999984741211,7.8709917068481445,55900.0
2012-10-31,13.149999618530273,13.149999618530273,13.010000228881836,13.050000190734863,7.805201053619385,19300.0
2012-11-01,13.0600004196167,13.15999984741211,13.029999732971191,13.109999656677246,7.841085910797119,24100.0
2012-11-02,13.119999885559082,13.119999885559082,12.979999542236328,13.0,7.775292873382568,26500.0
2012-11-05,13.010000228881836,13.010000228881836,12.899999618530273,12.899999618530273,7.715485572814941,26500.0
2012-11-06,12.890000343322754,13.020000457763672,12.890000343322754,12.989999771118164,7.769311904907227,23100.0
2012-11-07,12.970000267028809,13.15999984741211,12.970000267028809,13.15999984741211,7.8709917068481445,48700.0
2012-11-08,13.119999885559082,13.220000267028809,13.119999885559082,13.210000038146973,7.900894641876221,28700.0
2012-11-09,13.210000038146973,13.239999771118164,13.170000076293945,13.229999542236328,7.912856578826904,41300.0
2012-11-12,13.270000457763672,13.279999732971191,13.130000114440918,13.210000038146973,7.900894641876221,33500.0
2012-11-13,13.1899995803833,13.220000267028809,13.0600004196167,13.170000076293945,7.914116382598877,26000.0
2012-11-14,13.1899995803833,13.1899995803833,13.020000457763672,13.100000381469727,7.872049331665039,37100.0
2012-11-15,13.130000114440918,13.140000343322754,12.789999961853027,12.930000305175781,7.769896507263184,59700.0
2012-11-16,12.970000267028809,13.170000076293945,12.960000038146973,13.09000015258789,7.866039276123047,36200.0
2012-11-19,13.210000038146973,13.229999542236328,13.140000343322754,13.1899995803833,7.926136016845703,59600.0
2012-11-20,13.25,13.260000228881836,13.119999885559082,13.210000038146973,7.938151836395264,64100.0
2012-11-21,13.279999732971191,13.289999961853027,13.170000076293945,13.229999542236328,7.950169563293457,72700.0
2012-11-23,13.279999732971191,13.279999732971191,13.25,13.279999732971191,7.980217933654785,15000.0
2012-11-26,13.289999961853027,13.289999961853027,13.210000038146973,13.239999771118164,7.956178188323975,21000.0
2012-11-27,13.199999809265137,13.34000015258789,13.149999618530273,13.3100004196167,7.998249053955078,88100.0
2012-11-28,13.3100004196167,13.399999618530273,13.289999961853027,13.399999618530273,8.052323341369629,55700.0
2012-11-29,13.420000076293945,13.479999542236328,13.319999694824219,13.369999885559082,8.034302711486816,37600.0
2012-11-30,13.449999809265137,13.510000228881836,13.350000381469727,13.4399995803833,8.07636547088623,41300.0
2012-12-03,13.4399995803833,13.4399995803833,13.220000267028809,13.359999656677246,8.02829647064209,65400.0
2012-12-04,13.380000114440918,13.380000114440918,13.15999984741211,13.210000038146973,7.938151836395264,63400.0
2012-12-05,13.260000228881836,13.3100004196167,13.180000305175781,13.3100004196167,7.998249053955078,47900.0
2012-12-06,13.34000015258789,13.390000343322754,13.270000457763672,13.350000381469727,8.022283554077148,49100.0
2012-12-07,13.380000114440918,13.380000114440918,13.149999618530273,13.229999542236328,7.950169563293457,59700.0
2012-12-10,13.229999542236328,13.229999542236328,13.0,13.020000457763672,7.82397985458374,95800.0
2012-12-11,13.100000381469727,13.149999618530273,13.029999732971191,13.140000343322754,7.896090507507324,67000.0
2012-12-12,13.050000190734863,13.100000381469727,12.960000038146973,13.039999961853027,7.836058139801025,20400.0
2012-12-13,13.079999923706055,13.079999923706055,12.960000038146973,12.989999771118164,7.8060102462768555,43600.0
2012-12-14,13.100000381469727,13.109999656677246,12.84000015258789,12.880000114440918,7.739909648895264,55700.0
2012-12-17,12.859999656677246,12.859999656677246,12.569999694824219,12.619999885559082,7.583671569824219,105100.0
2012-12-18,12.489999771118164,12.550000190734863,12.34000015258789,12.420000076293945,7.463482856750488,128900.0
2012-12-19,12.420000076293945,12.619999885559082,12.390000343322754,12.510000228881836,7.517564296722412,71900.0
2012-12-20,12.600000381469727,12.609999656677246,12.520000457763672,12.5600004196167,7.547614097595215,37800.0
2012-12-21,12.539999961853027,12.770000457763672,12.449999809265137,12.729999542236328,7.649770259857178,79900.0
2012-12-24,12.729999542236328,12.729999542236328,12.649999618530273,12.670000076293945,7.613715171813965,53800.0
2012-12-26,12.710000038146973,12.710000038146973,12.59000015258789,12.609999656677246,7.577659606933594,20800.0
2012-12-27,12.609999656677246,12.609999656677246,12.380000114440918,12.489999771118164,7.505545139312744,66400.0
2012-12-28,12.510000228881836,12.550000190734863,12.4399995803833,12.460000038146973,7.48751974105835,31600.0
2012-12-31,12.760000228881836,12.789999961853027,12.449999809265137,12.59000015258789,7.565640926361084,74100.0
2013-01-02,12.760000228881836,12.850000381469727,12.65999984741211,12.850000381469727,7.72188138961792,74700.0
2013-01-03,12.899999618530273,12.970000267028809,12.800000190734863,12.850000381469727,7.72188138961792,44300.0
2013-01-04,12.930000305175781,13.020000457763672,12.920000076293945,13.020000457763672,7.824038505554199,71300.0
2013-01-07,13.069999694824219,13.100000381469727,13.0,13.0600004196167,7.848074913024902,39100.0
2013-01-08,13.119999885559082,13.149999618530273,13.039999961853027,13.109999656677246,7.87811803817749,33100.0
2013-01-09,13.15999984741211,13.180000305175781,13.109999656677246,13.170000076293945,7.9141764640808105,38400.0
2013-01-10,13.170000076293945,13.210000038146973,13.109999656677246,13.180000305175781,7.92018461227417,22800.0
2013-01-11,13.149999618530273,13.170000076293945,13.050000190734863,13.170000076293945,7.955523490905762,21800.0
2013-01-14,13.1899995803833,13.199999809265137,13.050000190734863,13.140000343322754,7.937404155731201,52400.0
2013-01-15,13.170000076293945,13.199999809265137,12.970000267028809,12.979999542236328,7.840753078460693,39300.0
2013-01-16,12.970000267028809,13.15999984741211,12.869999885559082,13.15999984741211,7.949484825134277,67200.0
2013-01-17,13.180000305175781,13.239999771118164,13.15999984741211,13.210000038146973,7.9796857833862305,53900.0
2013-01-18,13.210000038146973,13.220000267028809,13.119999885559082,13.220000267028809,7.9857282638549805,47900.0
2013-01-22,13.25,13.300000190734863,13.1899995803833,13.300000190734863,8.034051895141602,38900.0
2013-01-23,13.289999961853027,13.390000343322754,13.260000228881836,13.380000114440918,8.082381248474121,41900.0
2013-01-24,13.4399995803833,13.4399995803833,13.350000381469727,13.399999618530273,8.094453811645508,39700.0
2013-01-25,13.460000038146973,13.5,13.350000381469727,13.430000305175781,8.112579345703125,71300.0
2013-01-28,13.470000267028809,13.470000267028809,13.180000305175781,13.25,8.003851890563965,44700.0
2013-01-29,13.40999984741211,13.40999984741211,13.079999923706055,13.170000076293945,7.955523490905762,50200.0
2013-01-30,13.170000076293945,13.25,13.100000381469727,13.180000305175781,7.961565017700195,32900.0
2013-01-31,13.229999542236328,13.229999542236328,13.020000457763672,13.130000114440918,7.931362152099609,29000.0
2013-02-01,13.210000038146973,13.239999771118164,13.09000015258789,13.109999656677246,7.919278621673584,26400.0
2013-02-04,13.100000381469727,13.180000305175781,12.979999542236328,12.989999771118164,7.8467912673950195,24100.0
2013-02-05,12.989999771118164,13.100000381469727,12.979999542236328,13.020000457763672,7.864915370941162,25300.0
2013-02-06,13.0600004196167,13.079999923706055,12.949999809265137,13.079999923706055,7.901160717010498,31000.0
2013-02-07,13.149999618530273,13.149999618530273,13.100000381469727,13.149999618530273,7.943443298339844,16000.0
2013-02-08,13.149999618530273,13.149999618530273,13.100000381469727,13.100000381469727,7.913236141204834,16900.0
2013-02-11,13.140000343322754,13.15999984741211,13.050000190734863,13.079999923706055,7.901160717010498,17700.0
2013-02-12,13.079999923706055,13.079999923706055,13.020000457763672,13.050000190734863,7.883036136627197,31800.0
2013-02-13,13.270000457763672,13.270000457763672,12.90999984741211,12.949999809265137,7.859970569610596,30100.0
2013-02-14,12.960000038146973,12.960000038146973,12.8100004196167,12.859999656677246,7.805346488952637,52600.0
2013-02-15,13.100000381469727,13.119999885559082,12.779999732971191,12.800000190734863,7.768931865692139,36900.0
2013-02-19,12.869999885559082,12.869999885559082,12.770000457763672,12.770000457763672,7.750723838806152,57700.0
2013-02-20,12.960000038146973,12.960000038146973,12.770000457763672,12.819999694824219,7.781063079833984,27100.0
2013-02-21,12.850000381469727,13.0,12.819999694824219,12.989999771118164,7.884250164031982,27900.0
2013-02-22,13.050000190734863,13.050000190734863,12.930000305175781,12.979999542236328,7.878182411193848,28000.0
2013-02-25,13.029999732971191,13.029999732971191,12.920000076293945,12.9399995803833,7.853902816772461,26200.0
2013-02-26,12.859999656677246,12.890000343322754,12.729999542236328,12.739999771118164,7.732511043548584,50300.0
2013-02-27,12.739999771118164,12.800000190734863,12.739999771118164,12.800000190734863,7.768931865692139,38000.0
2013-02-28,12.770000457763672,12.789999961853027,12.6899995803833,12.6899995803833,7.702167987823486,36900.0
2013-03-01,12.770000457763672,12.880000114440918,12.680000305175781,12.680000305175781,7.696093559265137,40000.0
2013-03-04,12.710000038146973,12.789999961853027,12.65999984741211,12.699999809265137,7.708235740661621,45700.0
2013-03-05,12.6899995803833,12.779999732971191,12.6899995803833,12.720000267028809,7.720375061035156,28300.0
2013-03-06,12.8100004196167,12.8100004196167,12.6899995803833,12.75,7.738584041595459,38200.0
2013-03-07,12.800000190734863,12.8100004196167,12.6899995803833,12.720000267028809,7.720375061035156,27400.0
2013-03-08,12.75,12.75,12.600000381469727,12.630000114440918,7.665750503540039,33600.0
2013-03-11,12.649999618530273,12.649999618530273,12.479999542236328,12.5600004196167,7.623261451721191,44700.0
2013-03-12,12.529999732971191,12.579999923706055,12.449999809265137,12.579999923706055,7.635398864746094,37800.0
2013-03-13,12.569999694824219,12.569999694824219,12.220000267028809,12.300000190734863,7.502433776855469,15800.0
2013-03-14,12.25,12.25,12.010000228881836,12.050000190734863,7.349944591522217,138100.0
2013-03-15,12.039999961853027,12.100000381469727,11.760000228881836,11.890000343322754,7.25234842300415,114200.0
2013-03-18,12.109999656677246,12.210000038146973,11.859999656677246,12.199999809265137,7.441437244415283,52600.0
2013-03-19,12.270000457763672,12.270000457763672,12.100000381469727,12.210000038146973,7.447540760040283,45900.0
2013-03-20,12.300000190734863,12.350000381469727,12.260000228881836,12.34000015258789,7.526830673217773,40600.0
2013-03-21,12.3100004196167,12.390000343322754,12.229999542236328,12.329999923706055,7.5207295417785645,33800.0
2013-03-22,12.300000190734863,12.399999618530273,12.300000190734863,12.369999885559082,7.5451273918151855,24900.0
2013-03-25,12.350000381469727,12.380000114440918,12.229999542236328,12.289999961853027,7.4963297843933105,34400.0
2013-03-26,12.279999732971191,12.300000190734863,12.149999618530273,12.25,7.471933364868164,83500.0
2013-03-27,12.210000038146973,12.359999656677246,12.210000038146973,12.319999694824219,7.5146284103393555,45000.0
2013-03-28,12.359999656677246,12.369999885559082,12.279999732971191,12.279999732971191,7.490228652954102,31100.0
2013-04-01,12.260000228881836,12.3100004196167,12.25,12.279999732971191,7.490228652954102,15000.0
2013-04-02,12.319999694824219,12.34000015258789,12.199999809265137,12.210000038146973,7.447540760040283,43600.0
2013-04-03,12.229999542236328,12.229999542236328,12.15999984741211,12.170000076293945,7.4231367111206055,33200.0
2013-04-04,12.25,12.270000457763672,12.170000076293945,12.1899995803833,7.435337543487549,35300.0
2013-04-05,12.329999923706055,12.479999542236328,12.279999732971191,12.40999984741211,7.569524765014648,62600.0
2013-04-08,12.390000343322754,12.5,12.329999923706055,12.369999885559082,7.5451273918151855,24400.0
2013-04-09,12.4399995803833,12.4399995803833,12.399999618530273,12.399999618530273,7.563430309295654,16000.0
2013-04-10,12.449999809265137,12.520000457763672,12.369999885559082,12.5,7.6244215965271,38300.0
2013-04-11,12.420000076293945,12.479999542236328,12.399999618530273,12.399999618530273,7.60113000869751,10000.0
2013-04-12,12.449999809265137,12.5,12.420000076293945,12.449999809265137,7.631776809692383,22200.0
2013-04-15,12.489999771118164,12.5,12.359999656677246,12.420000076293945,7.613383769989014,22600.0
2013-04-16,12.489999771118164,12.489999771118164,12.329999923706055,12.34000015258789,7.5643510818481445,21900.0
2013-04-17,12.40999984741211,12.460000038146973,12.350000381469727,12.380000114440918,7.588869094848633,14100.0
2013-04-18,12.470000267028809,12.489999771118164,12.380000114440918,12.380000114440918,7.588869094848633,17600.0
2013-04-19,12.470000267028809,12.470000267028809,12.369999885559082,12.430000305175781,7.619519233703613,22500.0
2013-04-22,12.460000038146973,12.460000038146973,12.380000114440918,12.449999809265137,7.631776809692383,16900.0
2013-04-23,12.520000457763672,12.569999694824219,12.5,12.510000228881836,7.668555736541748,13000.0
2013-04-24,12.569999694824219,12.569999694824219,12.399999618530273,12.40999984741211,7.607260227203369,16100.0
2013-04-25,12.489999771118164,12.489999771118164,12.420000076293945,12.449999809265137,7.631776809692383,18200.0
2013-04-26,12.529999732971191,12.529999732971191,12.399999618530273,12.460000038146973,7.637909412384033,29700.0
2013-04-29,12.460000038146973,12.520000457763672,12.420000076293945,12.479999542236328,7.6501688957214355,29000.0
2013-04-30,12.520000457763672,12.520000457763672,12.449999809265137,12.5,7.662426948547363,42700.0
2013-05-01,12.550000190734863,12.5600004196167,12.5,12.5,7.662426948547363,46600.0
2013-05-02,12.510000228881836,12.520000457763672,12.449999809265137,12.510000228881836,7.668555736541748,41700.0
2013-05-03,12.5,12.550000190734863,12.449999809265137,12.550000190734863,7.693076133728027,47600.0
2013-05-06,12.539999961853027,12.550000190734863,12.460000038146973,12.470000267028809,7.644035339355469,28400.0
2013-05-07,12.470000267028809,12.489999771118164,12.4399995803833,12.460000038146973,7.637909412384033,24600.0
2013-05-08,12.460000038146973,12.460000038146973,12.399999618530273,12.4399995803833,7.625648021697998,46500.0
2013-05-09,12.460000038146973,12.460000038146973,12.399999618530273,12.40999984741211,7.607260227203369,15700.0
2013-05-10,12.449999809265137,12.460000038146973,12.399999618530273,12.4399995803833,7.625648021697998,33400.0
2013-05-13,12.399999618530273,12.399999618530273,12.229999542236328,12.239999771118164,7.540627956390381,4800.0
2013-05-14,12.279999732971191,12.279999732971191,12.1899995803833,12.199999809265137,7.5159912109375,18700.0
2013-05-15,12.270000457763672,12.279999732971191,12.140000343322754,12.140000343322754,7.47902774810791,43500.0
2013-05-16,12.119999885559082,12.199999809265137,12.119999885559082,12.170000076293945,7.497507572174072,26000.0
2013-05-17,12.239999771118164,12.239999771118164,12.180000305175781,12.180000305175781,7.503666400909424,34400.0
2013-05-20,12.229999542236328,12.239999771118164,12.199999809265137,12.229999542236328,7.5344672203063965,18800.0
2013-05-21,12.180000305175781,12.25,12.15999984741211,12.25,7.546794414520264,43300.0
2013-05-22,12.180000305175781,12.229999542236328,12.180000305175781,12.210000038146973,7.522153377532959,26500.0
2013-05-23,12.229999542236328,12.260000228881836,12.15999984741211,12.199999809265137,7.5159912109375,10700.0
2013-05-24,12.149999618530273,12.180000305175781,12.100000381469727,12.170000076293945,7.497507572174072,36100.0
2013-05-28,12.119999885559082,12.149999618530273,12.020000457763672,12.020000457763672,7.40509557723999,29600.0
2013-05-29,12.029999732971191,12.029999732971191,11.720000267028809,11.8100004196167,7.275723934173584,75100.0
2013-05-30,11.789999961853027,11.869999885559082,11.720000267028809,11.800000190734863,7.269563674926758,35900.0
2013-05-31,11.8100004196167,11.8100004196167,11.550000190734863,11.569999694824219,7.12786865234375,63100.0
2013-06-03,11.59000015258789,11.59000015258789,11.300000190734863,11.5,7.084741592407227,90000.0
2013-06-04,11.5,11.59000015258789,11.3100004196167,11.539999961853027,7.109380722045898,74900.0
2013-06-05,11.550000190734863,11.680000305175781,11.550000190734863,11.579999923706055,7.134029388427734,45100.0
2013-06-06,11.569999694824219,11.680000305175781,11.539999961853027,11.649999618530273,7.177153587341309,29200.0
2013-06-07,11.640000343322754,11.6899995803833,11.59000015258789,11.640000343322754,7.170993804931641,62500.0
2013-06-10,11.65999984741211,11.65999984741211,11.399999618530273,11.420000076293945,7.035458564758301,35100.0
2013-06-11,11.430000305175781,11.430000305175781,11.180000305175781,11.199999809265137,6.899927616119385,84300.0
2013-06-12,11.140000343322754,11.140000343322754,10.9399995803833,11.100000381469727,6.876380443572998,21200.0
2013-06-13,11.050000190734863,11.170000076293945,10.899999618530273,11.119999885559082,6.88877010345459,83400.0
2013-06-14,11.119999885559082,11.220000267028809,11.109999656677246,11.1899995803833,6.93213415145874,50000.0
2013-06-17,11.1899995803833,11.229999542236328,11.039999961853027,11.09000015258789,6.8701887130737305,45700.0
2013-06-18,11.020000457763672,11.020000457763672,10.949999809265137,11.0,6.8144354820251465,76200.0
2013-06-19,10.960000038146973,11.010000228881836,10.920000076293945,10.960000038146973,6.789651870727539,60400.0
2013-06-20,10.84000015258789,10.84000015258789,10.720000267028809,10.84000015258789,6.7153143882751465,90800.0
2013-06-21,10.789999961853027,10.869999885559082,10.649999618530273,10.75,6.659558296203613,91800.0
2013-06-24,10.720000267028809,10.720000267028809,10.34000015258789,10.600000381469727,6.566639423370361,145200.0
2013-06-25,10.640000343322754,10.75,10.399999618530273,10.65999984741211,6.603804111480713,118400.0
2013-06-26,10.699999809265137,11.119999885559082,10.699999809265137,11.109999656677246,6.882576942443848,147700.0
2013-06-27,11.1899995803833,11.359999656677246,11.109999656677246,11.359999656677246,7.0374531745910645,78400.0
2013-06-28,11.359999656677246,11.359999656677246,11.199999809265137,11.300000190734863,7.00028133392334,37200.0
2013-07-01,11.359999656677246,11.399999618530273,11.279999732971191,11.350000381469727,7.031255722045898,36400.0
2013-07-02,11.350000381469727,11.350000381469727,11.199999809265137,11.279999732971191,6.987890720367432,53400.0
2013-07-03,11.199999809265137,11.199999809265137,11.0600004196167,11.079999923706055,6.8639936447143555,12200.0
2013-07-05,10.970000267028809,11.0,10.8100004196167,10.859999656677246,6.727705955505371,32300.0
2013-07-08,11.050000190734863,11.109999656677246,10.949999809265137,11.079999923706055,6.8639936447143555,91500.0
2013-07-09,11.100000381469727,11.100000381469727,10.880000114440918,10.9399995803833,6.777266025543213,59800.0
2013-07-10,11.0,11.0,10.800000190734863,10.920000076293945,6.76487398147583,45700.0
2013-07-11,11.0,11.0,10.880000114440918,10.960000038146973,6.828421115875244,25600.0
2013-07-12,11.0600004196167,11.0600004196167,10.84000015258789,10.84000015258789,6.753659248352051,47700.0
2013-07-15,10.84000015258789,10.84000015258789,10.739999771118164,10.760000228881836,6.703817844390869,52400.0
2013-07-16,10.710000038146973,10.880000114440918,10.670000076293945,10.84000015258789,6.753659248352051,45400.0
2013-07-17,10.8100004196167,10.970000267028809,10.8100004196167,10.9399995803833,6.815959930419922,31600.0
2013-07-18,10.90999984741211,10.960000038146973,10.729999542236328,10.760000228881836,6.703817844390869,61600.0
2013-07-19,10.760000228881836,10.760000228881836,10.579999923706055,10.59000015258789,6.597902774810791,47700.0
2013-07-22,10.5600004196167,10.5600004196167,10.449999809265137,10.489999771118164,6.535598278045654,70200.0
2013-07-23,10.479999542236328,10.569999694824219,10.460000038146973,10.529999732971191,6.560521602630615,50100.0
2013-07-24,10.569999694824219,10.65999984741211,10.489999771118164,10.5600004196167,6.579211711883545,76300.0
2013-07-25,10.460000038146973,10.460000038146973,10.390000343322754,10.460000038146973,6.516907215118408,52000.0
2013-07-26,10.390000343322754,10.539999961853027,10.380000114440918,10.510000228881836,6.548056602478027,24200.0
2013-07-29,10.449999809265137,10.640000343322754,10.449999809265137,10.579999923706055,6.591670036315918,62600.0
2013-07-30,10.510000228881836,10.640000343322754,10.5,10.609999656677246,6.610358715057373,34200.0
2013-07-31,10.600000381469727,10.640000343322754,10.520000457763672,10.609999656677246,6.610358715057373,35800.0
2013-08-01,10.5600004196167,10.630000114440918,10.430000305175781,10.449999809265137,6.510677337646484,56700.0
2013-08-02,10.5,10.510000228881836,10.40999984741211,10.479999542236328,6.529367446899414,24400.0
2013-08-05,10.380000114440918,10.430000305175781,10.380000114440918,10.390000343322754,6.473297119140625,36500.0
2013-08-06,10.350000381469727,10.369999885559082,10.270000457763672,10.300000190734863,6.417222023010254,44400.0
2013-08-07,10.289999961853027,10.300000190734863,10.210000038146973,10.210000038146973,6.361150741577148,70000.0
2013-08-08,10.210000038146973,10.3100004196167,10.180000305175781,10.270000457763672,6.398531436920166,34800.0
2013-08-09,10.239999771118164,10.300000190734863,10.1899995803833,10.239999771118164,6.379838943481445,35500.0
2013-08-12,10.210000038146973,10.300000190734863,10.210000038146973,10.239999771118164,6.379838943481445,35500.0
2013-08-13,10.229999542236328,10.229999542236328,10.119999885559082,10.130000114440918,6.34975528717041,19800.0
2013-08-14,10.119999885559082,10.130000114440918,10.029999732971191,10.050000190734863,6.299607276916504,70100.0
2013-08-15,10.039999961853027,10.0600004196167,9.989999771118164,10.039999961853027,6.293338298797607,38200.0
2013-08-16,9.90999984741211,9.979999542236328,9.859999656677246,9.930000305175781,6.224388122558594,55700.0
2013-08-19,9.899999618530273,9.960000038146973,9.869999885559082,9.90999984741211,6.211854934692383,58400.0
2013-08-20,9.859999656677246,10.109999656677246,9.859999656677246,10.0600004196167,6.305876731872559,88100.0
2013-08-21,10.029999732971191,10.09000015258789,10.020000457763672,10.09000015258789,6.32468318939209,29200.0
2013-08-22,10.130000114440918,10.260000228881836,10.109999656677246,10.260000228881836,6.431241512298584,38300.0
2013-08-23,10.210000038146973,10.34000015258789,10.170000076293945,10.289999961853027,6.450044631958008,31000.0
2013-08-26,10.350000381469727,10.350000381469727,10.210000038146973,10.229999542236328,6.4124369621276855,31100.0
2013-08-27,10.239999771118164,10.260000228881836,10.109999656677246,10.199999809265137,6.393625259399414,65400.0
2013-08-28,10.25,10.270000457763672,10.149999618530273,10.149999618530273,6.362286567687988,52200.0
2013-08-29,10.15999984741211,10.170000076293945,10.0600004196167,10.119999885559082,6.343484401702881,57500.0
2013-08-30,10.170000076293945,10.170000076293945,10.039999961853027,10.069999694824219,6.312143325805664,35000.0
2013-09-03,10.100000381469727,10.109999656677246,10.0,10.0600004196167,6.305876731872559,42800.0
2013-09-04,10.029999732971191,10.079999923706055,10.0,10.0600004196167,6.305876731872559,38400.0
2013-09-05,10.050000190734863,10.079999923706055,9.960000038146973,9.960000038146973,6.243191242218018,48200.0
2013-09-06,10.020000457763672,10.050000190734863,9.970000267028809,10.039999961853027,6.293338298797607,36000.0
2013-09-09,10.010000228881836,10.079999923706055,9.979999542236328,10.050000190734863,6.299607276916504,28100.0
2013-09-10,10.0600004196167,10.069999694824219,9.960000038146973,9.989999771118164,6.261998653411865,43300.0
2013-09-11,9.989999771118164,10.0,9.90999984741211,9.930000305175781,6.224388122558594,45800.0
2013-09-12,10.180000305175781,10.239999771118164,9.899999618530273,9.90999984741211,6.250883102416992,31700.0
2013-09-13,9.899999618530273,10.029999732971191,9.869999885559082,9.9399995803833,6.269802093505859,87300.0
2013-09-16,10.0,10.119999885559082,9.979999542236328,10.0,6.307651996612549,80300.0
2013-09-17,9.960000038146973,10.199999809265137,9.960000038146973,10.199999809265137,6.433795928955078,82900.0
2013-09-18,10.15999984741211,10.40999984741211,10.09000015258789,10.399999618530273,6.559956073760986,96300.0
2013-09-19,10.359999656677246,10.460000038146973,10.350000381469727,10.460000038146973,6.597800254821777,71800.0
2013-09-20,10.4399995803833,10.550000190734863,10.420000076293945,10.5,6.623033046722412,83300.0
2013-09-23,10.550000190734863,10.630000114440918,10.5,10.539999961853027,6.648262023925781,54000.0
2013-09-24,10.579999923706055,10.649999618530273,10.5,10.649999618530273,6.717644214630127,40100.0
2013-09-25,10.670000076293945,10.710000038146973,10.619999885559082,10.65999984741211,6.723954677581787,101400.0
2013-09-26,10.630000114440918,10.65999984741211,10.630000114440918,10.640000343322754,6.711339473724365,22100.0
2013-09-27,10.65999984741211,10.65999984741211,10.600000381469727,10.649999618530273,6.717644214630127,44600.0
2013-09-30,10.649999618530273,10.649999618530273,10.550000190734863,10.600000381469727,6.686107635498047,15500.0
2013-10-01,10.670000076293945,10.670000076293945,10.569999694824219,10.630000114440918,6.70503044128418,43100.0
2013-10-02,10.609999656677246,10.619999885559082,10.550000190734863,10.609999656677246,6.692412376403809,24000.0
2013-10-03,10.640000343322754,10.640000343322754,10.479999542236328,10.489999771118164,6.61672306060791,50300.0
2013-10-04,10.460000038146973,10.630000114440918,10.460000038146973,10.5600004196167,6.660878658294678,49300.0
2013-10-07,10.550000190734863,10.550000190734863,10.369999885559082,10.369999885559082,6.541032314300537,28000.0
2013-10-08,10.420000076293945,10.420000076293945,10.3100004196167,10.359999656677246,6.534726142883301,28200.0
2013-10-09,10.399999618530273,10.4399995803833,10.34000015258789,10.430000305175781,6.578880310058594,57400.0
2013-10-10,10.40999984741211,10.420000076293945,10.350000381469727,10.40999984741211,6.566265106201172,18300.0
2013-10-11,10.329999923706055,10.40999984741211,10.3100004196167,10.380000114440918,6.58657169342041,45000.0
2013-10-14,10.390000343322754,10.390000343322754,10.319999694824219,10.34000015258789,6.56118631362915,24100.0
2013-10-15,10.350000381469727,10.380000114440918,10.289999961853027,10.289999961853027,6.5294575691223145,30100.0
2013-10-16,10.329999923706055,10.329999923706055,10.260000228881836,10.3100004196167,6.542150497436523,24100.0
2013-10-17,10.300000190734863,10.520000457763672,10.289999961853027,10.520000457763672,6.675405979156494,57400.0
2013-10-18,10.460000038146973,10.59000015258789,10.40999984741211,10.5600004196167,6.700788497924805,65100.0
2013-10-21,10.619999885559082,10.619999885559082,10.510000228881836,10.600000381469727,6.726166725158691,54800.0
2013-10-22,10.619999885559082,10.640000343322754,10.470000267028809,10.5,6.662714004516602,72000.0
2013-10-23,10.5600004196167,10.649999618530273,10.510000228881836,10.510000228881836,6.669055461883545,60700.0
2013-10-24,10.539999961853027,10.600000381469727,10.520000457763672,10.600000381469727,6.726166725158691,26600.0
2013-10-25,10.600000381469727,10.630000114440918,10.529999732971191,10.59000015258789,6.719821929931641,16000.0
2013-10-28,10.640000343322754,10.65999984741211,10.59000015258789,10.600000381469727,6.726166725158691,31900.0
2013-10-29,10.619999885559082,10.670000076293945,10.520000457763672,10.520000457763672,6.675405979156494,62900.0
2013-10-30,10.520000457763672,10.5600004196167,10.449999809265137,10.5,6.662714004516602,37500.0
2013-10-31,10.539999961853027,10.539999961853027,10.380000114440918,10.380000114440918,6.58657169342041,49300.0
2013-11-01,10.430000305175781,10.430000305175781,10.260000228881836,10.260000228881836,6.510423183441162,60500.0
2013-11-04,10.329999923706055,10.329999923706055,10.260000228881836,10.279999732971191,6.523114204406738,124600.0
2013-11-05,10.25,10.289999961853027,10.25,10.289999961853027,6.5294575691223145,57900.0
2013-11-06,10.329999923706055,10.329999923706055,10.229999542236328,10.239999771118164,6.497730731964111,39200.0
2013-11-07,10.229999542236328,10.300000190734863,10.220000267028809,10.239999771118164,6.497730731964111,52400.0
2013-11-08,10.239999771118164,10.239999771118164,10.109999656677246,10.130000114440918,6.427932262420654,45500.0
2013-11-11,10.100000381469727,10.1899995803833,10.09000015258789,10.109999656677246,6.415241241455078,55600.0
2013-11-12,10.069999694824219,10.130000114440918,10.020000457763672,10.100000381469727,6.40889835357666,53700.0
2013-11-13,9.979999542236328,10.029999732971191,9.960000038146973,10.020000457763672,6.397403240203857,47400.0
2013-11-14,10.039999961853027,10.069999694824219,9.979999542236328,10.020000457763672,6.397403240203857,37300.0
2013-11-15,10.079999923706055,10.079999923706055,9.979999542236328,10.039999961853027,6.410170555114746,50100.0
2013-11-18,10.069999694824219,10.069999694824219,9.989999771118164,10.039999961853027,6.410170555114746,49800.0
2013-11-19,10.020000457763672,10.069999694824219,10.010000228881836,10.0600004196167,6.422942638397217,75800.0
2013-11-20,10.050000190734863,10.050000190734863,10.0,10.010000228881836,6.391022205352783,50000.0
2013-11-21,10.010000228881836,10.039999961853027,9.979999542236328,10.039999961853027,6.410170555114746,73100.0
2013-11-22,10.069999694824219,10.069999694824219,9.979999542236328,9.979999542236328,6.37186336517334,76300.0
2013-11-25,10.09000015258789,10.09000015258789,9.960000038146973,9.989999771118164,6.378249645233154,80300.0
2013-11-26,10.050000190734863,10.069999694824219,9.979999542236328,10.010000228881836,6.391022205352783,62900.0
2013-11-27,10.0600004196167,10.069999694824219,9.979999542236328,9.979999542236328,6.37186336517334,34400.0
2013-11-29,10.050000190734863,10.0600004196167,10.010000228881836,10.039999961853027,6.410170555114746,43000.0
2013-12-02,10.039999961853027,10.039999961853027,9.989999771118164,9.989999771118164,6.378249645233154,39500.0
2013-12-03,10.020000457763672,10.050000190734863,9.989999771118164,10.050000190734863,6.416557788848877,41400.0
2013-12-04,9.949999809265137,10.050000190734863,9.949999809265137,10.050000190734863,6.416557788848877,46300.0
2013-12-05,10.010000228881836,10.050000190734863,9.949999809265137,9.979999542236328,6.37186336517334,57400.0
2013-12-06,10.079999923706055,10.079999923706055,10.029999732971191,10.0600004196167,6.422942638397217,68900.0
2013-12-09,10.010000228881836,10.100000381469727,10.0,10.079999923706055,6.435708522796631,59000.0
2013-12-10,10.109999656677246,10.130000114440918,10.0,10.039999961853027,6.410170555114746,84500.0
2013-12-11,9.989999771118164,10.010000228881836,9.979999542236328,10.010000228881836,6.4307332038879395,51200.0
2013-12-12,9.970000267028809,10.0600004196167,9.970000267028809,9.989999771118164,6.417881488800049,40500.0
2013-12-13,10.0600004196167,10.0600004196167,9.920000076293945,9.970000267028809,6.405031681060791,87000.0
2013-12-16,10.0,10.0600004196167,9.989999771118164,10.050000190734863,6.4564290046691895,38100.0
2013-12-17,10.100000381469727,10.220000267028809,10.0600004196167,10.199999809265137,6.552786350250244,137000.0
2013-12-18,10.220000267028809,10.350000381469727,10.220000267028809,10.350000381469727,6.6491594314575195,170100.0
2013-12-19,10.380000114440918,10.479999542236328,10.380000114440918,10.420000076293945,6.694123268127441,128100.0
2013-12-20,10.380000114440918,10.489999771118164,10.380000114440918,10.430000305175781,6.700553894042969,117100.0
2013-12-23,10.489999771118164,10.520000457763672,10.369999885559082,10.380000114440918,6.668431758880615,182100.0
2013-12-24,10.430000305175781,10.470000267028809,10.34000015258789,10.359999656677246,6.655584335327148,61400.0
2013-12-26,10.350000381469727,10.399999618530273,10.270000457763672,10.279999732971191,6.604187488555908,68900.0
2013-12-27,10.239999771118164,10.279999732971191,10.199999809265137,10.220000267028809,6.565638065338135,68700.0
2013-12-30,10.15999984741211,10.260000228881836,10.149999618530273,10.220000267028809,6.565638065338135,83500.0
2013-12-31,10.180000305175781,10.25,10.149999618530273,10.199999809265137,6.552786350250244,78700.0
2014-01-02,10.180000305175781,10.25,10.15999984741211,10.210000038146973,6.559216022491455,83000.0
2014-01-03,10.260000228881836,10.300000190734863,10.149999618530273,10.300000190734863,6.617033958435059,49900.0
2014-01-06,10.270000457763672,10.4399995803833,10.270000457763672,10.4399995803833,6.706974029541016,54600.0
2014-01-07,10.5,10.520000457763672,10.430000305175781,10.489999771118164,6.739095687866211,21100.0
2014-01-08,10.4399995803833,10.520000457763672,10.399999618530273,10.489999771118164,6.739095687866211,41000.0
2014-01-09,10.5,10.529999732971191,10.460000038146973,10.470000267028809,6.726247787475586,75600.0
2014-01-10,10.470000267028809,10.600000381469727,10.470000267028809,10.5600004196167,6.784068584442139,65000.0
2014-01-13,10.5,10.5600004196167,10.449999809265137,10.449999809265137,6.753050804138184,53000.0
2014-01-14,10.4399995803833,10.460000038146973,10.420000076293945,10.449999809265137,6.753050804138184,39000.0
2014-01-15,10.470000267028809,10.479999542236328,10.449999809265137,10.449999809265137,6.753050804138184,33300.0
2014-01-16,10.430000305175781,10.479999542236328,10.430000305175781,10.4399995803833,6.746583461761475,34500.0
2014-01-17,10.449999809265137,10.550000190734863,10.449999809265137,10.520000457763672,6.798285484313965,81300.0
2014-01-21,10.579999923706055,10.579999923706055,10.5,10.520000457763672,6.798285484313965,71600.0
2014-01-22,10.510000228881836,10.579999923706055,10.510000228881836,10.569999694824219,6.830593585968018,62900.0
2014-01-23,10.579999923706055,10.65999984741211,10.579999923706055,10.619999885559082,6.8629045486450195,52500.0
2014-01-24,10.649999618530273,10.649999618530273,10.579999923706055,10.59000015258789,6.843519687652588,38100.0
2014-01-27,10.680000305175781,10.680000305175781,10.520000457763672,10.529999732971191,6.804747581481934,49500.0
2014-01-28,10.520000457763672,10.579999923706055,10.520000457763672,10.5600004196167,6.824134349822998,36300.0
2014-01-29,10.550000190734863,10.630000114440918,10.550000190734863,10.630000114440918,6.869370937347412,43600.0
2014-01-30,10.640000343322754,10.649999618530273,10.619999885559082,10.649999618530273,6.882294178009033,73100.0
2014-01-31,10.630000114440918,10.699999809265137,10.630000114440918,10.699999809265137,6.914604663848877,36800.0
2014-02-03,10.670000076293945,10.739999771118164,10.600000381469727,10.6899995803833,6.908142566680908,66100.0
2014-02-04,10.729999542236328,10.729999542236328,10.65999984741211,10.65999984741211,6.888756275177002,25800.0
2014-02-05,10.630000114440918,10.699999809265137,10.619999885559082,10.6899995803833,6.908142566680908,29400.0
2014-02-06,10.670000076293945,10.800000190734863,10.649999618530273,10.779999732971191,6.966301441192627,74500.0
2014-02-07,10.699999809265137,10.850000381469727,10.699999809265137,10.850000381469727,7.011540412902832,39800.0
2014-02-10,10.869999885559082,10.90999984741211,10.859999656677246,10.90999984741211,7.050309658050537,24400.0
2014-02-11,10.869999885559082,10.949999809265137,10.869999885559082,10.930000305175781,7.063236236572266,48000.0
2014-02-12,10.880000114440918,10.899999618530273,10.859999656677246,10.880000114440918,7.071030616760254,38000.0
2014-02-13,10.850000381469727,10.869999885559082,10.850000381469727,10.850000381469727,7.051540851593018,13300.0
2014-02-14,10.869999885559082,10.869999885559082,10.800000190734863,10.829999923706055,7.038539409637451,33100.0
2014-02-18,10.84000015258789,10.850000381469727,10.8100004196167,10.8100004196167,7.025540828704834,22100.0
2014-02-19,10.829999923706055,10.899999618530273,10.819999694824219,10.869999885559082,7.064535140991211,46000.0
2014-02-20,10.850000381469727,10.890000343322754,10.800000190734863,10.819999694824219,7.032036781311035,49700.0
2014-02-21,10.859999656677246,10.899999618530273,10.829999923706055,10.850000381469727,7.051540851593018,26500.0
2014-02-24,10.84000015258789,10.859999656677246,10.829999923706055,10.850000381469727,7.051540851593018,32300.0
2014-02-25,10.84000015258789,10.859999656677246,10.8100004196167,10.819999694824219,7.032036781311035,37000.0
2014-02-26,10.819999694824219,10.850000381469727,10.800000190734863,10.819999694824219,7.032036781311035,35800.0
2014-02-27,10.8100004196167,10.850000381469727,10.789999961853027,10.8100004196167,7.025540828704834,64200.0
2014-02-28,10.789999961853027,10.850000381469727,10.789999961853027,10.850000381469727,7.051540851593018,37100.0
2014-03-03,10.819999694824219,10.859999656677246,10.8100004196167,10.829999923706055,7.038539409637451,68300.0
2014-03-04,10.850000381469727,10.880000114440918,10.8100004196167,10.8100004196167,7.025540828704834,87600.0
2014-03-05,10.819999694824219,10.850000381469727,10.8100004196167,10.829999923706055,7.038539409637451,49900.0
2014-03-06,10.819999694824219,10.859999656677246,10.800000190734863,10.819999694824219,7.032036781311035,49100.0
2014-03-07,10.770000457763672,10.789999961853027,10.6899995803833,10.699999809265137,6.9540534019470215,65500.0
2014-03-10,10.640000343322754,10.779999732971191,10.640000343322754,10.779999732971191,7.006046772003174,34200.0
2014-03-11,10.75,10.850000381469727,10.75,10.800000190734863,7.019042015075684,47600.0
2014-03-12,10.720000267028809,10.869999885559082,10.720000267028809,10.819999694824219,7.072642803192139,27200.0
2014-03-13,10.800000190734863,10.890000343322754,10.800000190734863,10.850000381469727,7.092252731323242,27400.0
2014-03-14,10.850000381469727,10.899999618530273,10.84000015258789,10.84000015258789,7.0857157707214355,22900.0
2014-03-17,10.850000381469727,10.890000343322754,10.84000015258789,10.84000015258789,7.0857157707214355,21600.0
2014-03-18,10.850000381469727,10.850000381469727,10.789999961853027,10.800000190734863,7.059569835662842,29700.0
2014-03-19,10.789999961853027,10.789999961853027,10.6899995803833,10.720000267028809,7.007279396057129,33500.0
2014-03-20,10.649999618530273,10.670000076293945,10.59000015258789,10.670000076293945,6.974593639373779,55500.0
2014-03-21,10.649999618530273,10.729999542236328,10.630000114440918,10.699999809265137,6.994204044342041,35400.0
2014-03-24,10.6899995803833,10.779999732971191,10.680000305175781,10.770000457763672,7.03995943069458,32800.0
2014-03-25,10.75,10.8100004196167,10.710000038146973,10.8100004196167,7.066105365753174,30600.0
2014-03-26,10.770000457763672,10.850000381469727,10.770000457763672,10.800000190734863,7.059569835662842,27800.0
2014-03-27,10.850000381469727,10.899999618530273,10.8100004196167,10.890000343322754,7.118397235870361,36800.0
2014-03-28,10.859999656677246,10.899999618530273,10.84000015258789,10.869999885559082,7.1053242683410645,18900.0
2014-03-31,10.890000343322754,10.890000343322754,10.829999923706055,10.850000381469727,7.092252731323242,14000.0
2014-04-01,10.850000381469727,10.859999656677246,10.800000190734863,10.84000015258789,7.0857157707214355,50700.0
2014-04-02,10.850000381469727,10.859999656677246,10.789999961853027,10.84000015258789,7.0857157707214355,25500.0
2014-04-03,10.899999618530273,10.9399995803833,10.880000114440918,10.930000305175781,7.14454460144043,36600.0
2014-04-04,11.050000190734863,11.050000190734863,10.930000305175781,11.010000228881836,7.196842670440674,53800.0
2014-04-07,11.029999732971191,11.050000190734863,10.989999771118164,11.020000457763672,7.203376770019531,32900.0
2014-04-08,11.0600004196167,11.0600004196167,11.0,11.029999732971191,7.209913730621338,22200.0
2014-04-09,11.079999923706055,11.09000015258789,11.020000457763672,11.020000457763672,7.203376770019531,22900.0
2014-04-10,11.069999694824219,11.140000343322754,11.050000190734863,11.119999885559082,7.268742561340332,48300.0
2014-04-11,11.109999656677246,11.140000343322754,11.050000190734863,11.079999923706055,7.28320837020874,18000.0
2014-04-14,11.09000015258789,11.09000015258789,11.010000228881836,11.029999732971191,7.25033712387085,17600.0
2014-04-15,11.050000190734863,11.050000190734863,10.979999542236328,11.039999961853027,7.2569098472595215,49100.0
2014-04-16,11.069999694824219,11.130000114440918,11.020000457763672,11.119999885559082,7.309497833251953,43000.0
2014-04-17,11.140000343322754,11.149999618530273,11.109999656677246,11.130000114440918,7.316072463989258,60800.0
2014-04-21,11.109999656677246,11.149999618530273,11.109999656677246,11.130000114440918,7.316072463989258,12600.0
2014-04-22,11.130000114440918,11.15999984741211,11.100000381469727,11.130000114440918,7.316072463989258,28800.0
2014-04-23,11.119999885559082,11.180000305175781,11.119999885559082,11.140000343322754,7.322642803192139,87100.0
2014-04-24,11.170000076293945,11.229999542236328,11.130000114440918,11.210000038146973,7.368655204772949,49500.0
2014-04-25,11.199999809265137,11.260000228881836,11.199999809265137,11.260000228881836,7.401523113250732,21000.0
2014-04-28,11.329999923706055,11.34000015258789,11.289999961853027,11.319999694824219,7.440962791442871,20400.0
2014-04-29,11.100000381469727,11.319999694824219,11.079999923706055,11.239999771118164,7.388375282287598,34000.0
2014-04-30,11.300000190734863,11.3100004196167,11.270000457763672,11.289999961853027,7.421239376068115,28700.0
2014-05-01,11.3100004196167,11.369999885559082,11.289999961853027,11.319999694824219,7.440962791442871,49400.0
2014-05-02,11.300000190734863,11.34000015258789,11.260000228881836,11.329999923706055,7.447538375854492,21500.0
2014-05-05,11.350000381469727,11.369999885559082,11.300000190734863,11.319999694824219,7.440962791442871,31100.0
2014-05-06,11.350000381469727,11.380000114440918,11.319999694824219,11.380000114440918,7.480401039123535,29500.0
2014-05-07,11.390000343322754,11.420000076293945,11.380000114440918,11.420000076293945,7.506693363189697,24800.0
2014-05-08,11.430000305175781,11.460000038146973,11.380000114440918,11.40999984741211,7.500123023986816,22000.0
2014-05-09,11.449999809265137,11.460000038146973,11.300000190734863,11.359999656677246,7.467254161834717,55100.0
2014-05-12,11.350000381469727,11.380000114440918,11.3100004196167,11.34000015258789,7.4541144371032715,26700.0
2014-05-13,11.3100004196167,11.329999923706055,11.270000457763672,11.300000190734863,7.46864652633667,26000.0
2014-05-14,11.3100004196167,11.369999885559082,11.3100004196167,11.34000015258789,7.495086669921875,30700.0
2014-05-15,11.380000114440918,11.399999618530273,11.34000015258789,11.359999656677246,7.508303642272949,42000.0
2014-05-16,11.4399995803833,11.4399995803833,11.369999885559082,11.380000114440918,7.521526336669922,35000.0
2014-05-19,11.369999885559082,11.420000076293945,11.359999656677246,11.359999656677246,7.508303642272949,25800.0
2014-05-20,11.399999618530273,11.399999618530273,11.380000114440918,11.390000343322754,7.528134822845459,17800.0
2014-05-21,11.390000343322754,11.390000343322754,11.350000381469727,11.390000343322754,7.528134822845459,12500.0
2014-05-22,11.420000076293945,11.4399995803833,11.369999885559082,11.4399995803833,7.561179161071777,25000.0
2014-05-23,11.4399995803833,11.460000038146973,11.380000114440918,11.460000038146973,7.574401378631592,30900.0
2014-05-27,11.470000267028809,11.470000267028809,11.380000114440918,11.420000076293945,7.547963619232178,22500.0
2014-05-28,11.430000305175781,11.4399995803833,11.399999618530273,11.430000305175781,7.554572582244873,26600.0
2014-05-29,11.430000305175781,11.470000267028809,11.399999618530273,11.4399995803833,7.561179161071777,20000.0
2014-05-30,11.449999809265137,11.449999809265137,11.350000381469727,11.359999656677246,7.508303642272949,42200.0
2014-06-02,11.399999618530273,11.40999984741211,11.319999694824219,11.350000381469727,7.50169563293457,29100.0
2014-06-03,11.359999656677246,11.380000114440918,11.270000457763672,11.34000015258789,7.495086669921875,40200.0
2014-06-04,11.3100004196167,11.34000015258789,11.229999542236328,11.229999542236328,7.4223833084106445,46900.0
2014-06-05,11.229999542236328,11.270000457763672,11.180000305175781,11.260000228881836,7.4422125816345215,29200.0
2014-06-06,11.260000228881836,11.34000015258789,11.260000228881836,11.34000015258789,7.495086669921875,40900.0
2014-06-09,11.359999656677246,11.390000343322754,11.329999923706055,11.369999885559082,7.514914035797119,36200.0
2014-06-10,11.380000114440918,11.380000114440918,11.279999732971191,11.319999694824219,7.481867790222168,30800.0
2014-06-11,11.350000381469727,11.390000343322754,11.300000190734863,11.369999885559082,7.514914035797119,18700.0
2014-06-12,11.34000015258789,11.5600004196167,11.329999923706055,11.539999961853027,7.669095516204834,117600.0
2014-06-13,11.539999961853027,11.550000190734863,11.460000038146973,11.489999771118164,7.635864734649658,25100.0
2014-06-16,11.5,11.5,11.449999809265137,11.479999542236328,7.629220008850098,16300.0
2014-06-17,11.4399995803833,11.449999809265137,11.3100004196167,11.319999694824219,7.522893905639648,32500.0
2014-06-18,11.3100004196167,11.380000114440918,11.300000190734863,11.350000381469727,7.5428266525268555,25200.0
2014-06-19,11.390000343322754,11.420000076293945,11.34000015258789,11.34000015258789,7.536182880401611,20200.0
2014-06-20,11.390000343322754,11.40999984741211,11.34000015258789,11.390000343322754,7.56941032409668,28700.0
2014-06-23,11.430000305175781,11.430000305175781,11.390000343322754,11.40999984741211,7.582695007324219,17400.0
2014-06-24,11.399999618530273,11.430000305175781,11.369999885559082,11.369999885559082,7.556117057800293,34400.0
2014-06-25,11.420000076293945,11.470000267028809,11.380000114440918,11.399999618530273,7.576048374176025,47900.0
2014-06-26,11.399999618530273,11.399999618530273,11.319999694824219,11.350000381469727,7.5428266525268555,63800.0
2014-06-27,11.300000190734863,11.350000381469727,11.300000190734863,11.319999694824219,7.522893905639648,53400.0
2014-06-30,11.319999694824219,11.34000015258789,11.279999732971191,11.289999961853027,7.502951145172119,50200.0
2014-07-01,11.289999961853027,11.3100004196167,11.239999771118164,11.25,7.476370334625244,56800.0
2014-07-02,11.25,11.25,11.109999656677246,11.140000343322754,7.403266906738281,73400.0
2014-07-03,11.119999885559082,11.119999885559082,10.859999656677246,10.949999809265137,7.277002811431885,95000.0
2014-07-07,10.9399995803833,11.079999923706055,10.9399995803833,11.079999923706055,7.363394260406494,74500.0
2014-07-08,11.100000381469727,11.15999984741211,11.069999694824219,11.15999984741211,7.416561126708984,80700.0
2014-07-09,11.149999618530273,11.149999618530273,11.069999694824219,11.100000381469727,7.376687526702881,39000.0
2014-07-10,11.100000381469727,11.100000381469727,11.050000190734863,11.050000190734863,7.343456268310547,73900.0
2014-07-11,11.010000228881836,11.050000190734863,10.989999771118164,11.050000190734863,7.384891986846924,51200.0
2014-07-14,11.09000015258789,11.09000015258789,10.989999771118164,11.0,7.351475715637207,24300.0
2014-07-15,11.010000228881836,11.010000228881836,10.970000267028809,10.989999771118164,7.344794273376465,31000.0
2014-07-16,11.020000457763672,11.039999961853027,10.979999542236328,10.989999771118164,7.344794273376465,58600.0
2014-07-17,11.020000457763672,11.079999923706055,11.020000457763672,11.039999961853027,7.37821102142334,32900.0
2014-07-18,11.039999961853027,11.100000381469727,11.039999961853027,11.100000381469727,7.418310165405273,26500.0
2014-07-21,11.119999885559082,11.15999984741211,11.100000381469727,11.149999618530273,7.451725959777832,34000.0
2014-07-22,11.140000343322754,11.149999618530273,11.079999923706055,11.109999656677246,7.424992084503174,48600.0
2014-07-23,11.119999885559082,11.140000343322754,11.100000381469727,11.130000114440918,7.438360214233398,39100.0
2014-07-24,11.109999656677246,11.109999656677246,11.0600004196167,11.09000015258789,7.411624431610107,28000.0
2014-07-25,11.09000015258789,11.130000114440918,11.069999694824219,11.079999923706055,7.404941558837891,56400.0
2014-07-28,11.119999885559082,11.119999885559082,11.050000190734863,11.079999923706055,7.404941558837891,50400.0
2014-07-29,11.09000015258789,11.119999885559082,11.069999694824219,11.079999923706055,7.404941558837891,40300.0
2014-07-30,11.079999923706055,11.079999923706055,10.989999771118164,10.989999771118164,7.344794273376465,48900.0
2014-07-31,10.949999809265137,11.050000190734863,10.920000076293945,10.970000267028809,7.331424713134766,52100.0
2014-08-01,11.010000228881836,11.029999732971191,10.9399995803833,10.979999542236328,7.338111400604248,36100.0
2014-08-04,10.979999542236328,11.010000228881836,10.920000076293945,10.930000305175781,7.304693222045898,51000.0
2014-08-05,10.9399995803833,10.970000267028809,10.90999984741211,10.920000076293945,7.2980122566223145,38900.0
2014-08-06,10.9399995803833,11.0,10.90999984741211,11.0,7.351475715637207,30400.0
2014-08-07,11.029999732971191,11.0600004196167,10.979999542236328,11.0600004196167,7.391575336456299,42100.0
2014-08-08,11.069999694824219,11.140000343322754,11.069999694824219,11.130000114440918,7.438360214233398,39000.0
2014-08-11,11.140000343322754,11.15999984741211,11.130000114440918,11.149999618530273,7.451725959777832,17100.0
2014-08-12,11.180000305175781,11.210000038146973,11.140000343322754,11.210000038146973,7.491825103759766,44400.0
2014-08-13,11.170000076293945,11.170000076293945,11.119999885559082,11.15999984741211,7.499888896942139,35200.0
2014-08-14,11.199999809265137,11.199999809265137,11.130000114440918,11.170000076293945,7.506609916687012,32100.0
2014-08-15,11.1899995803833,11.199999809265137,11.149999618530273,11.1899995803833,7.520050525665283,17400.0
2014-08-18,11.180000305175781,11.210000038146973,11.119999885559082,11.130000114440918,7.479730129241943,36800.0
2014-08-19,11.15999984741211,11.180000305175781,11.149999618530273,11.180000305175781,7.51332950592041,31900.0
2014-08-20,11.229999542236328,11.229999542236328,11.119999885559082,11.149999618530273,7.493166446685791,36500.0
2014-08-21,11.180000305175781,11.180000305175781,11.140000343322754,11.180000305175781,7.51332950592041,15100.0
2014-08-22,11.1899995803833,11.220000267028809,11.140000343322754,11.220000267028809,7.5402092933654785,28500.0
2014-08-25,11.239999771118164,11.239999771118164,11.119999885559082,11.140000343322754,7.486445903778076,36000.0
2014-08-26,11.09000015258789,11.140000343322754,11.09000015258789,11.140000343322754,7.486445903778076,28000.0
2014-08-27,11.1899995803833,11.220000267028809,11.15999984741211,11.220000267028809,7.5402092933654785,25800.0
2014-08-28,11.239999771118164,11.25,11.210000038146973,11.25,7.560368537902832,45000.0
2014-08-29,11.260000228881836,11.3100004196167,11.239999771118164,11.300000190734863,7.593968391418457,28300.0
2014-09-02,11.25,11.279999732971191,11.229999542236328,11.279999732971191,7.580532550811768,34300.0
2014-09-03,11.289999961853027,11.289999961853027,11.239999771118164,11.260000228881836,7.567094802856445,33700.0
2014-09-04,11.260000228881836,11.289999961853027,11.239999771118164,11.279999732971191,7.580532550811768,43100.0
2014-09-05,11.300000190734863,11.329999923706055,11.289999961853027,11.3100004196167,7.600693702697754,43400.0
2014-09-08,11.329999923706055,11.350000381469727,11.279999732971191,11.319999694824219,7.607409477233887,27800.0
2014-09-09,11.289999961853027,11.420000076293945,11.289999961853027,11.420000076293945,7.67461633682251,76200.0
2014-09-10,11.40999984741211,11.430000305175781,11.390000343322754,11.430000305175781,7.681339740753174,51400.0
2014-09-11,11.34000015258789,11.399999618530273,11.34000015258789,11.369999885559082,7.6826887130737305,24200.0
2014-09-12,11.329999923706055,11.329999923706055,11.279999732971191,11.289999961853027,7.62863302230835,23600.0
2014-09-15,11.319999694824219,11.329999923706055,11.270000457763672,11.289999961853027,7.62863302230835,39700.0
2014-09-16,11.279999732971191,11.279999732971191,11.170000076293945,11.210000038146973,7.57457971572876,52000.0
2014-09-17,11.170000076293945,11.260000228881836,11.170000076293945,11.229999542236328,7.588090896606445,23000.0
2014-09-18,11.210000038146973,11.260000228881836,11.210000038146973,11.239999771118164,7.594847202301025,14600.0
2014-09-19,11.270000457763672,11.3100004196167,11.260000228881836,11.3100004196167,7.642147064208984,21400.0
2014-09-22,11.3100004196167,11.3100004196167,11.25,11.279999732971191,7.621877670288086,28500.0
2014-09-23,11.3100004196167,11.350000381469727,11.199999809265137,11.270000457763672,7.615118503570557,26800.0
2014-09-24,11.300000190734863,11.300000190734863,11.25,11.289999961853027,7.62863302230835,14700.0
2014-09-25,11.3100004196167,11.3100004196167,11.260000228881836,11.270000457763672,7.615118503570557,19300.0
2014-09-26,11.289999961853027,11.289999961853027,11.199999809265137,11.229999542236328,7.588090896606445,23300.0
2014-09-29,11.1899995803833,11.25,11.1899995803833,11.229999542236328,7.588090896606445,22300.0
2014-09-30,11.220000267028809,11.289999961853027,11.220000267028809,11.260000228881836,7.608363151550293,28500.0
2014-10-01,11.260000228881836,11.3100004196167,11.239999771118164,11.270000457763672,7.615118503570557,32100.0
2014-10-02,11.25,11.25,11.140000343322754,11.180000305175781,7.554306983947754,38600.0
2014-10-03,11.170000076293945,11.229999542236328,11.170000076293945,11.180000305175781,7.554306983947754,25400.0
2014-10-06,11.210000038146973,11.270000457763672,11.210000038146973,11.25,7.601603031158447,28300.0
2014-10-07,11.279999732971191,11.359999656677246,11.270000457763672,11.350000381469727,7.669174671173096,54900.0
2014-10-08,11.329999923706055,11.390000343322754,11.319999694824219,11.390000343322754,7.696200847625732,17800.0
2014-10-09,11.399999618530273,11.420000076293945,11.369999885559082,11.40999984741211,7.709717750549316,35500.0
2014-10-10,11.359999656677246,11.359999656677246,11.1899995803833,11.270000457763672,7.654026508331299,40100.0
2014-10-13,11.239999771118164,11.270000457763672,11.180000305175781,11.25,7.640442848205566,31400.0
2014-10-14,11.229999542236328,11.239999771118164,11.109999656677246,11.15999984741211,7.579319477081299,71600.0
2014-10-15,11.140000343322754,11.260000228881836,11.140000343322754,11.220000267028809,7.620069980621338,84100.0
2014-10-16,11.180000305175781,11.25,11.170000076293945,11.229999542236328,7.62686014175415,38900.0
2014-10-17,11.220000267028809,11.260000228881836,11.199999809265137,11.260000228881836,7.647233009338379,43300.0
2014-10-20,11.300000190734863,11.300000190734863,11.210000038146973,11.239999771118164,7.6336517333984375,37800.0
2014-10-21,11.220000267028809,11.220000267028809,11.15999984741211,11.199999809265137,7.606485366821289,36200.0
2014-10-22,11.180000305175781,11.229999542236328,11.149999618530273,11.180000305175781,7.592901229858398,51100.0
2014-10-23,11.220000267028809,11.220000267028809,11.149999618530273,11.15999984741211,7.579319477081299,64500.0
2014-10-24,11.1899995803833,11.1899995803833,11.130000114440918,11.140000343322754,7.565733432769775,20000.0
2014-10-27,11.170000076293945,11.239999771118164,11.149999618530273,11.239999771118164,7.6336517333984375,43400.0
2014-10-28,11.239999771118164,11.279999732971191,11.220000267028809,11.279999732971191,7.660818099975586,59700.0
2014-10-29,11.300000190734863,11.3100004196167,11.25,11.3100004196167,7.681191444396973,35700.0
2014-10-30,11.3100004196167,11.3100004196167,11.25,11.289999961853027,7.66760778427124,31000.0
2014-10-31,11.260000228881836,11.279999732971191,11.220000267028809,11.279999732971191,7.660818099975586,42800.0
2014-11-03,11.229999542236328,11.239999771118164,11.199999809265137,11.220000267028809,7.620069980621338,48500.0
2014-11-04,11.220000267028809,11.289999961853027,11.210000038146973,11.279999732971191,7.660818099975586,41800.0
2014-11-05,11.25,11.3100004196167,11.239999771118164,11.3100004196167,7.681191444396973,35600.0
2014-11-06,11.279999732971191,11.289999961853027,11.25,11.289999961853027,7.66760778427124,35800.0
2014-11-07,11.260000228881836,11.3100004196167,11.25,11.279999732971191,7.660818099975586,48000.0
2014-11-10,11.260000228881836,11.289999961853027,11.229999542236328,11.289999961853027,7.66760778427124,46500.0
2014-11-11,11.279999732971191,11.279999732971191,11.229999542236328,11.260000228881836,7.647233009338379,50400.0
2014-11-12,11.180000305175781,11.220000267028809,11.180000305175781,11.1899995803833,7.63904333114624,31100.0
2014-11-13,11.210000038146973,11.210000038146973,11.149999618530273,11.15999984741211,7.618563652038574,26200.0
2014-11-14,11.170000076293945,11.220000267028809,11.170000076293945,11.220000267028809,7.6595234870910645,43300.0
2014-11-17,11.239999771118164,11.239999771118164,11.149999618530273,11.149999618530273,7.61173677444458,54100.0
2014-11-18,11.149999618530273,11.1899995803833,11.149999618530273,11.1899995803833,7.63904333114624,37100.0
2014-11-19,11.180000305175781,11.210000038146973,11.15999984741211,11.210000038146973,7.652697563171387,33200.0
2014-11-20,11.210000038146973,11.239999771118164,11.15999984741211,11.15999984741211,7.618563652038574,39800.0
2014-11-21,11.210000038146973,11.229999542236328,11.170000076293945,11.180000305175781,7.632215976715088,42600.0
2014-11-24,11.180000305175781,11.220000267028809,11.180000305175781,11.220000267028809,7.6595234870910645,36500.0
2014-11-25,11.210000038146973,11.229999542236328,11.180000305175781,11.199999809265137,7.645871162414551,40900.0
2014-11-26,11.1899995803833,11.229999542236328,11.1899995803833,11.229999542236328,7.666351318359375,6900.0
2014-11-28,11.25,11.260000228881836,11.210000038146973,11.25,7.6800007820129395,26100.0
2014-12-01,11.270000457763672,11.289999961853027,11.199999809265137,11.199999809265137,7.645871162414551,36200.0
2014-12-02,11.239999771118164,11.260000228881836,11.220000267028809,11.260000228881836,7.68682861328125,44200.0
2014-12-03,11.25,11.319999694824219,11.25,11.319999694824219,7.72778844833374,37300.0
2014-12-04,11.300000190734863,11.369999885559082,11.289999961853027,11.369999885559082,7.761921405792236,35700.0
2014-12-05,11.319999694824219,11.369999885559082,11.25,11.369999885559082,7.761921405792236,58200.0
2014-12-08,11.359999656677246,11.359999656677246,11.289999961853027,11.329999923706055,7.734615802764893,36000.0
2014-12-09,11.329999923706055,11.390000343322754,11.300000190734863,11.390000343322754,7.775576114654541,45400.0
2014-12-10,11.350000381469727,11.369999885559082,11.319999694824219,11.329999923706055,7.774892330169678,30900.0
2014-12-11,11.319999694824219,11.34000015258789,11.199999809265137,11.229999542236328,7.706267356872559,89100.0
2014-12-12,11.210000038146973,11.260000228881836,11.210000038146973,11.25,7.719992160797119,30900.0
2014-12-15,11.220000267028809,11.289999961853027,11.199999809265137,11.199999809265137,7.685678482055664,58400.0
2014-12-16,11.210000038146973,11.25,11.210000038146973,11.229999542236328,7.706267356872559,36700.0
2014-12-17,11.229999542236328,11.359999656677246,11.229999542236328,11.359999656677246,7.795473575592041,85400.0
2014-12-18,11.34000015258789,11.399999618530273,11.300000190734863,11.390000343322754,7.816061496734619,65200.0
2014-12-19,11.369999885559082,11.380000114440918,11.279999732971191,11.279999732971191,7.7405781745910645,56400.0
2014-12-22,11.25,11.300000190734863,11.25,11.270000457763672,7.7337141036987305,40200.0
2014-12-23,11.479999542236328,11.479999542236328,11.260000228881836,11.329999923706055,7.774892330169678,157000.0
2014-12-24,11.270000457763672,11.279999732971191,11.25,11.260000228881836,7.726855754852295,17900.0
2014-12-26,11.270000457763672,11.3100004196167,11.270000457763672,11.3100004196167,7.761165142059326,4000.0
2014-12-29,11.34000015258789,11.34000015258789,11.239999771118164,11.270000457763672,7.7337141036987305,44700.0
2014-12-30,11.3100004196167,11.3100004196167,11.229999542236328,11.270000457763672,7.7337141036987305,27900.0
2014-12-31,11.279999732971191,11.300000190734863,11.220000267028809,11.300000190734863,7.754298686981201,49300.0
2015-01-02,11.270000457763672,11.300000190734863,11.25,11.300000190734863,7.754298686981201,65500.0
2015-01-05,11.289999961853027,11.34000015258789,11.270000457763672,11.3100004196167,7.761165142059326,141800.0
2015-01-06,11.350000381469727,11.40999984741211,11.329999923706055,11.380000114440918,7.809197902679443,52700.0
2015-01-07,11.430000305175781,11.569999694824219,11.40999984741211,11.460000038146973,7.864102363586426,107400.0
2015-01-08,11.449999809265137,11.489999771118164,11.40999984741211,11.449999809265137,7.857239723205566,37700.0
2015-01-09,11.460000038146973,11.539999961853027,11.449999809265137,11.539999961853027,7.9189934730529785,33600.0
2015-01-12,11.5600004196167,11.59000015258789,11.520000457763672,11.59000015258789,7.953304767608643,53100.0
2015-01-13,11.539999961853027,11.569999694824219,11.5,11.5,7.931233882904053,44900.0
2015-01-14,11.5,11.539999961853027,11.5,11.5,7.931233882904053,59900.0
2015-01-15,11.539999961853027,11.59000015258789,11.529999732971191,11.550000190734863,7.965721607208252,30400.0
2015-01-16,11.579999923706055,11.579999923706055,11.510000228881836,11.510000228881836,7.938133716583252,56800.0
2015-01-20,11.5600004196167,11.569999694824219,11.5,11.5,7.931233882904053,61800.0
2015-01-21,11.5600004196167,11.5600004196167,11.489999771118164,11.529999732971191,7.951924800872803,52300.0
2015-01-22,11.550000190734863,11.5600004196167,11.510000228881836,11.550000190734863,7.965721607208252,63600.0
2015-01-23,11.600000381469727,11.600000381469727,11.520000457763672,11.550000190734863,7.965721607208252,33000.0
2015-01-26,11.5600004196167,11.5600004196167,11.5,11.539999961853027,7.958826065063477,23300.0
2015-01-27,11.520000457763672,11.579999923706055,11.520000457763672,11.569999694824219,7.9795145988464355,45700.0
2015-01-28,11.609999656677246,11.640000343322754,11.59000015258789,11.630000114440918,8.020894050598145,61900.0
2015-01-29,11.670000076293945,11.680000305175781,11.609999656677246,11.630000114440918,8.020894050598145,23000.0
2015-01-30,11.65999984741211,11.710000038146973,11.65999984741211,11.710000038146973,8.076066970825195,37700.0
2015-02-02,11.710000038146973,11.760000228881836,11.699999809265137,11.760000228881836,8.110548973083496,71100.0
2015-02-03,11.760000228881836,11.770000457763672,11.729999542236328,11.739999771118164,8.096759796142578,62400.0
2015-02-04,11.739999771118164,11.739999771118164,11.670000076293945,11.729999542236328,8.089864730834961,94800.0
2015-02-05,11.710000038146973,11.75,11.6899995803833,11.710000038146973,8.076066970825195,19900.0
2015-02-06,11.65999984741211,11.680000305175781,11.640000343322754,11.640000343322754,8.027793884277344,63500.0
2015-02-09,11.640000343322754,11.640000343322754,11.609999656677246,11.609999656677246,8.007099151611328,12500.0
2015-02-10,11.600000381469727,11.600000381469727,11.529999732971191,11.550000190734863,7.965721607208252,20200.0
2015-02-11,11.539999961853027,11.539999961853027,11.399999618530273,11.399999618530273,7.901947498321533,54700.0
2015-02-12,11.430000305175781,11.430000305175781,11.380000114440918,11.390000343322754,7.895018577575684,33300.0
2015-02-13,11.430000305175781,11.430000305175781,11.319999694824219,11.319999694824219,7.846498489379883,33700.0
2015-02-17,11.319999694824219,11.350000381469727,11.09000015258789,11.09000015258789,7.687074661254883,122100.0
2015-02-18,11.119999885559082,11.229999542236328,11.109999656677246,11.229999542236328,7.784115314483643,147200.0
2015-02-19,11.25,11.319999694824219,11.210000038146973,11.210000038146973,7.7702555656433105,70800.0
2015-02-20,11.25,11.329999923706055,11.25,11.289999961853027,7.825705528259277,75000.0
2015-02-23,11.350000381469727,11.350000381469727,11.289999961853027,11.300000190734863,7.8326334953308105,48400.0
2015-02-24,11.350000381469727,11.399999618530273,11.3100004196167,11.399999618530273,7.901947498321533,58400.0
2015-02-25,11.5,11.510000228881836,11.40999984741211,11.420000076293945,7.91581392288208,60600.0
2015-02-26,11.420000076293945,11.470000267028809,11.350000381469727,11.390000343322754,7.895018577575684,47200.0
2015-02-27,11.380000114440918,11.460000038146973,11.380000114440918,11.449999809265137,7.936611175537109,42800.0
2015-03-02,11.449999809265137,11.449999809265137,11.369999885559082,11.399999618530273,7.901947498321533,61300.0
2015-03-03,11.430000305175781,11.430000305175781,11.380000114440918,11.380000114440918,7.88808536529541,45500.0
2015-03-04,11.380000114440918,11.470000267028809,11.380000114440918,11.470000267028809,7.950472831726074,32600.0
2015-03-05,11.489999771118164,11.489999771118164,11.430000305175781,11.430000305175781,7.922745704650879,28800.0
2015-03-06,11.380000114440918,11.380000114440918,11.279999732971191,11.300000190734863,7.8326334953308105,91000.0
2015-03-09,11.34000015258789,11.390000343322754,11.319999694824219,11.390000343322754,7.895018577575684,43900.0
2015-03-10,11.430000305175781,11.470000267028809,11.40999984741211,11.4399995803833,7.929677486419678,34000.0
2015-03-11,11.420000076293945,11.430000305175781,11.350000381469727,11.359999656677246,7.914346218109131,45400.0
2015-03-12,11.430000305175781,11.4399995803833,11.359999656677246,11.380000114440918,7.928282737731934,19600.0
2015-03-13,11.380000114440918,11.390000343322754,11.359999656677246,11.380000114440918,7.928282737731934,23700.0
2015-03-16,11.399999618530273,11.399999618530273,11.3100004196167,11.359999656677246,7.914346218109131,32200.0
2015-03-17,11.380000114440918,11.380000114440918,11.270000457763672,11.289999961853027,7.8655805587768555,22800.0
2015-03-18,11.329999923706055,11.430000305175781,11.289999961853027,11.430000305175781,7.963118076324463,76000.0
2015-03-19,11.390000343322754,11.40999984741211,11.319999694824219,11.34000015258789,7.900417804718018,30800.0
2015-03-20,11.380000114440918,11.40999984741211,11.350000381469727,11.40999984741211,7.94918155670166,20900.0
2015-03-23,11.449999809265137,11.449999809265137,11.40999984741211,11.449999809265137,7.977054119110107,14000.0
2015-03-24,11.470000267028809,11.470000267028809,11.40999984741211,11.420000076293945,7.956149578094482,24100.0
2015-03-25,11.430000305175781,11.449999809265137,11.390000343322754,11.420000076293945,7.956149578094482,52800.0
2015-03-26,11.420000076293945,11.420000076293945,11.359999656677246,11.359999656677246,7.914346218109131,24400.0
2015-03-27,11.40999984741211,11.4399995803833,11.40999984741211,11.430000305175781,7.963118076324463,22900.0
2015-03-30,11.470000267028809,11.470000267028809,11.380000114440918,11.430000305175781,7.963118076324463,33600.0
2015-03-31,11.40999984741211,11.489999771118164,11.40999984741211,11.489999771118164,8.004920959472656,39000.0
2015-04-01,11.539999961853027,11.59000015258789,11.489999771118164,11.550000190734863,8.046719551086426,43200.0
2015-04-02,11.510000228881836,11.510000228881836,11.420000076293945,11.430000305175781,7.963118076324463,25000.0
2015-04-06,11.489999771118164,11.5,11.420000076293945,11.420000076293945,7.956149578094482,25200.0
2015-04-07,11.479999542236328,11.539999961853027,11.4399995803833,11.520000457763672,8.025818824768066,41500.0
2015-04-08,11.5600004196167,11.59000015258789,11.529999732971191,11.5600004196167,8.053686141967773,52700.0
2015-04-09,11.5600004196167,11.5600004196167,11.460000038146973,11.479999542236328,7.997951030731201,17500.0
2015-04-10,11.5,11.520000457763672,11.460000038146973,11.470000267028809,7.990985870361328,20700.0
2015-04-13,11.460000038146973,11.460000038146973,11.40999984741211,11.430000305175781,8.003588676452637,17100.0
2015-04-14,11.460000038146973,11.510000228881836,11.4399995803833,11.479999542236328,8.03859806060791,27600.0
2015-04-15,11.520000457763672,11.520000457763672,11.460000038146973,11.5,8.052605628967285,24600.0
2015-04-16,11.550000190734863,11.550000190734863,11.449999809265137,11.5,8.052605628967285,37000.0
2015-04-17,11.489999771118164,11.489999771118164,11.399999618530273,11.479999542236328,8.03859806060791,17400.0
2015-04-20,11.5,11.520000457763672,11.470000267028809,11.520000457763672,8.066605567932129,40900.0
2015-04-21,11.520000457763672,11.520000457763672,11.460000038146973,11.489999771118164,8.045605659484863,14400.0
2015-04-22,11.5,11.5,11.399999618530273,11.4399995803833,8.01059341430664,21100.0
2015-04-23,11.460000038146973,11.470000267028809,11.420000076293945,11.420000076293945,7.996587753295898,18800.0
2015-04-24,11.430000305175781,11.430000305175781,11.390000343322754,11.430000305175781,8.003588676452637,20800.0
2015-04-27,11.489999771118164,11.489999771118164,11.390000343322754,11.399999618530273,7.982580661773682,56800.0
2015-04-28,11.430000305175781,11.449999809265137,11.430000305175781,11.449999809265137,8.017594337463379,28500.0
2015-04-29,11.399999618530273,11.449999809265137,11.390000343322754,11.420000076293945,7.996587753295898,34100.0
2015-04-30,11.430000305175781,11.430000305175781,11.390000343322754,11.420000076293945,7.996587753295898,17900.0
2015-05-01,11.40999984741211,11.430000305175781,11.350000381469727,11.369999885559082,7.961575508117676,29300.0
2015-05-04,11.390000343322754,11.390000343322754,11.319999694824219,11.319999694824219,7.9265618324279785,20600.0
2015-05-05,11.369999885559082,11.369999885559082,11.260000228881836,11.279999732971191,7.898554801940918,29300.0
2015-05-06,11.260000228881836,11.270000457763672,11.109999656677246,11.149999618530273,7.807526588439941,60900.0
2015-05-07,11.100000381469727,11.149999618530273,11.0600004196167,11.119999885559082,7.786518573760986,40600.0
2015-05-08,11.180000305175781,11.199999809265137,11.140000343322754,11.199999809265137,7.842536449432373,24200.0
2015-05-11,11.199999809265137,11.199999809265137,11.079999923706055,11.140000343322754,7.800520896911621,36300.0
2015-05-12,11.09000015258789,11.130000114440918,11.010000228881836,11.130000114440918,7.793520450592041,51900.0
2015-05-13,11.100000381469727,11.119999885559082,11.029999732971191,11.0600004196167,7.785069942474365,39600.0
2015-05-14,11.029999732971191,11.149999618530273,11.029999732971191,11.109999656677246,7.820266246795654,42500.0
2015-05-15,11.140000343322754,11.210000038146973,11.119999885559082,11.180000305175781,7.869539737701416,44000.0
2015-05-18,11.199999809265137,11.210000038146973,11.069999694824219,11.130000114440918,7.83434534072876,25200.0
2015-05-19,11.100000381469727,11.130000114440918,11.069999694824219,11.069999694824219,7.792112827301025,35200.0
2015-05-20,11.140000343322754,11.140000343322754,11.079999923706055,11.100000381469727,7.813228607177734,27300.0
2015-05-21,11.09000015258789,11.119999885559082,11.079999923706055,11.119999885559082,7.827307224273682,21500.0
2015-05-22,11.100000381469727,11.119999885559082,11.039999961853027,11.050000190734863,7.778038024902344,13600.0
2015-05-26,11.050000190734863,11.069999694824219,11.020000457763672,11.050000190734863,7.778038024902344,22800.0
2015-05-27,11.109999656677246,11.109999656677246,11.050000190734863,11.09000015258789,7.806188106536865,28100.0
2015-05-28,11.069999694824219,11.109999656677246,11.050000190734863,11.050000190734863,7.778038024902344,19500.0
2015-05-29,11.039999961853027,11.119999885559082,11.039999961853027,11.079999923706055,7.799152851104736,15700.0
2015-06-01,11.140000343322754,11.15999984741211,11.079999923706055,11.079999923706055,7.799152851104736,16500.0
2015-06-02,11.069999694824219,11.109999656677246,11.010000228881836,11.039999961853027,7.770995140075684,24500.0
2015-06-03,11.010000228881836,11.010000228881836,10.920000076293945,10.949999809265137,7.707647323608398,49600.0
2015-06-04,10.949999809265137,10.970000267028809,10.890000343322754,10.899999618530273,7.672449588775635,38300.0
2015-06-05,10.90999984741211,10.90999984741211,10.789999961853027,10.800000190734863,7.602058410644531,59100.0
2015-06-08,10.789999961853027,10.800000190734863,10.6899995803833,10.760000228881836,7.573906898498535,129400.0
2015-06-09,10.739999771118164,10.779999732971191,10.680000305175781,10.779999732971191,7.587985515594482,74300.0
2015-06-10,10.779999732971191,10.890000343322754,10.699999809265137,10.739999771118164,7.55982780456543,53300.0
2015-06-11,10.670000076293945,10.739999771118164,10.670000076293945,10.739999771118164,7.600873947143555,140900.0
2015-06-12,10.729999542236328,10.779999732971191,10.6899995803833,10.6899995803833,7.56549072265625,40300.0
2015-06-15,10.760000228881836,10.779999732971191,10.729999542236328,10.75,7.607953071594238,31900.0
2015-06-16,10.770000457763672,10.789999961853027,10.75,10.779999732971191,7.629183769226074,56400.0
2015-06-17,10.75,10.8100004196167,10.739999771118164,10.779999732971191,7.629183769226074,46600.0
2015-06-18,10.819999694824219,10.819999694824219,10.770000457763672,10.789999961853027,7.636260509490967,35300.0
2015-06-19,10.800000190734863,10.829999923706055,10.789999961853027,10.829999923706055,7.664566516876221,54700.0
2015-06-22,10.84000015258789,10.859999656677246,10.800000190734863,10.850000381469727,7.678725242614746,58200.0
2015-06-23,10.829999923706055,10.899999618530273,10.819999694824219,10.880000114440918,7.699954509735107,43600.0
2015-06-24,10.869999885559082,10.9399995803833,10.859999656677246,10.930000305175781,7.7353410720825195,27200.0
2015-06-25,10.9399995803833,10.9399995803833,10.890000343322754,10.90999984741211,7.721185207366943,29500.0
2015-06-26,10.880000114440918,10.90999984741211,10.84000015258789,10.90999984741211,7.721185207366943,51000.0
2015-06-29,10.880000114440918,10.890000343322754,10.800000190734863,10.829999923706055,7.664566516876221,31500.0
2015-06-30,10.8100004196167,10.8100004196167,10.729999542236328,10.800000190734863,7.643335819244385,84000.0
2015-07-01,10.819999694824219,10.819999694824219,10.720000267028809,10.760000228881836,7.615030288696289,62700.0
2015-07-02,10.739999771118164,10.770000457763672,10.680000305175781,10.729999542236328,7.5937981605529785,82500.0
2015-07-06,10.760000228881836,10.779999732971191,10.729999542236328,10.770000457763672,7.622105598449707,42300.0
2015-07-07,10.859999656677246,10.899999618530273,10.829999923706055,10.829999923706055,7.664566516876221,65900.0
2015-07-08,10.859999656677246,10.899999618530273,10.859999656677246,10.890000343322754,7.707033634185791,24800.0
2015-07-09,10.819999694824219,10.90999984741211,10.819999694824219,10.84000015258789,7.671645641326904,36700.0
2015-07-10,10.819999694824219,10.84000015258789,10.789999961853027,10.829999923706055,7.664566516876221,44300.0
2015-07-13,10.779999732971191,10.789999961853027,10.710000038146973,10.770000457763672,7.663147926330566,27600.0
2015-07-14,10.739999771118164,10.789999961853027,10.739999771118164,10.789999961853027,7.677378177642822,32500.0
2015-07-15,10.789999961853027,10.8100004196167,10.729999542236328,10.800000190734863,7.684493541717529,27600.0
2015-07-16,10.779999732971191,10.859999656677246,10.760000228881836,10.859999656677246,7.727185249328613,64500.0
2015-07-17,10.829999923706055,10.829999923706055,10.800000190734863,10.800000190734863,7.684493541717529,17200.0
2015-07-20,10.8100004196167,10.84000015258789,10.760000228881836,10.779999732971191,7.670262813568115,25100.0
2015-07-21,10.760000228881836,10.789999961853027,10.729999542236328,10.779999732971191,7.670262813568115,26900.0
2015-07-22,10.75,10.789999961853027,10.739999771118164,10.760000228881836,7.656031131744385,18800.0
2015-07-23,10.770000457763672,10.770000457763672,10.729999542236328,10.75,7.648916244506836,14000.0
2015-07-24,10.779999732971191,10.829999923706055,10.760000228881836,10.8100004196167,7.691604137420654,31700.0
2015-07-27,10.84000015258789,10.859999656677246,10.800000190734863,10.859999656677246,7.727185249328613,12600.0
2015-07-28,10.850000381469727,10.869999885559082,10.850000381469727,10.869999885559082,7.734302997589111,29600.0
2015-07-29,10.920000076293945,10.920000076293945,10.800000190734863,10.869999885559082,7.734302997589111,37100.0
2015-07-30,10.869999885559082,10.880000114440918,10.859999656677246,10.869999885559082,7.734302997589111,14300.0
2015-07-31,10.920000076293945,10.930000305175781,10.90999984741211,10.930000305175781,7.776989936828613,14200.0
2015-08-03,10.949999809265137,11.0,10.920000076293945,10.949999809265137,7.7912187576293945,19300.0
2015-08-04,11.010000228881836,11.029999732971191,10.960000038146973,11.0,7.826796054840088,41900.0
2015-08-05,11.0,11.0,10.869999885559082,10.949999809265137,7.7912187576293945,54700.0
2015-08-06,10.970000267028809,10.989999771118164,10.880000114440918,10.989999771118164,7.819679260253906,22800.0
2015-08-07,10.989999771118164,11.039999961853027,10.989999771118164,11.020000457763672,7.841029167175293,17900.0
2015-08-10,11.010000228881836,11.0600004196167,11.0,11.0600004196167,7.869492053985596,41600.0
2015-08-11,11.050000190734863,11.149999618530273,11.029999732971191,11.140000343322754,7.926412105560303,23500.0
2015-08-12,11.0600004196167,11.130000114440918,11.0600004196167,11.119999885559082,7.953589916229248,21100.0
2015-08-13,11.119999885559082,11.170000076293945,11.100000381469727,11.170000076293945,7.989353656768799,41200.0
2015-08-14,11.170000076293945,11.210000038146973,11.140000343322754,11.210000038146973,8.017966270446777,49500.0
2015-08-17,11.220000267028809,11.220000267028809,11.170000076293945,11.1899995803833,8.00365924835205,15800.0
2015-08-18,11.180000305175781,11.180000305175781,11.09000015258789,11.100000381469727,7.9392900466918945,18800.0
2015-08-19,11.100000381469727,11.100000381469727,11.069999694824219,11.079999923706055,7.924981594085693,10800.0
2015-08-20,11.0600004196167,11.109999656677246,11.029999732971191,11.050000190734863,7.903523921966553,18000.0
2015-08-21,11.079999923706055,11.100000381469727,11.020000457763672,11.020000457763672,7.882069110870361,19000.0
2015-08-24,11.0,11.029999732971191,10.90999984741211,10.989999771118164,7.8606085777282715,52400.0
2015-08-25,11.010000228881836,11.010000228881836,10.90999984741211,10.9399995803833,7.824845790863037,23800.0
2015-08-26,10.979999542236328,10.979999542236328,10.859999656677246,10.899999618530273,7.796236991882324,65700.0
2015-08-27,10.930000305175781,10.960000038146973,10.859999656677246,10.9399995803833,7.824845790863037,21800.0
2015-08-28,10.90999984741211,10.989999771118164,10.90999984741211,10.970000267028809,7.846298694610596,29600.0
2015-08-31,11.0,11.0,10.930000305175781,10.9399995803833,7.824845790863037,23900.0
2015-09-01,11.0,11.010000228881836,10.930000305175781,10.930000305175781,7.817691326141357,20500.0
2015-09-02,10.979999542236328,10.979999542236328,10.90999984741211,10.920000076293945,7.810540199279785,19900.0
2015-09-03,10.979999542236328,10.989999771118164,10.960000038146973,10.989999771118164,7.8606085777282715,22900.0
2015-09-04,10.989999771118164,11.109999656677246,10.960000038146973,11.100000381469727,7.9392900466918945,36500.0
2015-09-08,11.100000381469727,11.220000267028809,11.100000381469727,11.140000343322754,7.967896461486816,41600.0
2015-09-09,11.140000343322754,11.15999984741211,11.119999885559082,11.130000114440918,7.9607462882995605,10900.0
2015-09-10,11.130000114440918,11.15999984741211,11.09000015258789,11.09000015258789,7.932132244110107,11700.0
2015-09-11,11.029999732971191,11.0600004196167,10.970000267028809,10.970000267028809,7.88755464553833,20700.0
2015-09-14,11.029999732971191,11.029999732971191,10.930000305175781,10.930000305175781,7.858793258666992,10800.0
2015-09-15,10.960000038146973,10.970000267028809,10.880000114440918,10.890000343322754,7.830036640167236,11000.0
2015-09-16,10.899999618530273,11.010000228881836,10.890000343322754,11.010000228881836,7.916317462921143,48700.0
2015-09-17,11.020000457763672,11.079999923706055,11.0,11.050000190734863,7.945079326629639,20900.0
2015-09-18,10.989999771118164,11.100000381469727,10.989999771118164,11.029999732971191,7.930697917938232,43300.0
2015-09-21,11.079999923706055,11.079999923706055,10.989999771118164,11.010000228881836,7.916317462921143,15800.0
2015-09-22,11.039999961853027,11.109999656677246,11.010000228881836,11.109999656677246,7.988215446472168,12800.0
2015-09-23,11.079999923706055,11.130000114440918,11.079999923706055,11.130000114440918,8.002596855163574,12100.0
2015-09-24,11.100000381469727,11.149999618530273,11.079999923706055,11.079999923706055,7.966648101806641,27100.0
2015-09-25,11.079999923706055,11.100000381469727,11.039999961853027,11.079999923706055,7.966648101806641,17200.0
2015-09-28,11.069999694824219,11.109999656677246,10.979999542236328,10.989999771118164,7.901933193206787,32400.0
2015-09-29,11.050000190734863,11.050000190734863,10.989999771118164,11.039999961853027,7.937885284423828,30800.0
2015-09-30,11.039999961853027,11.039999961853027,11.0,11.010000228881836,7.916317462921143,40100.0
2015-10-01,11.020000457763672,11.0600004196167,11.0,11.039999961853027,7.937885284423828,34500.0
2015-10-02,11.050000190734863,11.079999923706055,11.010000228881836,11.039999961853027,7.937885284423828,32500.0
2015-10-05,11.039999961853027,11.0600004196167,11.0,11.029999732971191,7.930697917938232,11600.0
2015-10-06,11.069999694824219,11.109999656677246,11.039999961853027,11.050000190734863,7.945079326629639,44800.0
2015-10-07,11.109999656677246,11.109999656677246,11.0,11.029999732971191,7.930697917938232,35500.0
2015-10-08,11.039999961853027,11.069999694824219,11.020000457763672,11.0600004196167,7.952264308929443,33500.0
2015-10-09,11.0600004196167,11.09000015258789,11.050000190734863,11.09000015258789,7.973835468292236,11400.0
2015-10-12,11.079999923706055,11.109999656677246,11.079999923706055,11.109999656677246,7.988215446472168,15500.0
2015-10-13,11.09000015258789,11.09000015258789,11.029999732971191,11.0600004196167,7.993997573852539,12600.0
2015-10-14,11.109999656677246,11.130000114440918,11.09000015258789,11.09000015258789,8.015680313110352,19800.0
2015-10-15,11.109999656677246,11.119999885559082,11.069999694824219,11.079999923706055,8.008456230163574,35300.0
2015-10-16,11.140000343322754,11.170000076293945,11.100000381469727,11.109999656677246,8.030136108398438,29200.0
2015-10-19,11.140000343322754,11.140000343322754,11.050000190734863,11.100000381469727,8.022913932800293,35900.0
2015-10-20,11.09000015258789,11.100000381469727,11.0600004196167,11.0600004196167,7.993997573852539,18300.0
2015-10-21,11.079999923706055,11.109999656677246,11.0600004196167,11.0600004196167,7.993997573852539,40100.0
2015-10-22,11.109999656677246,11.149999618530273,11.100000381469727,11.130000114440918,8.04459285736084,25200.0
2015-10-23,11.130000114440918,11.149999618530273,11.109999656677246,11.140000343322754,8.051822662353516,11900.0
2015-10-26,11.149999618530273,11.170000076293945,11.109999656677246,11.149999618530273,8.059049606323242,33500.0
2015-10-27,11.140000343322754,11.199999809265137,11.119999885559082,11.199999809265137,8.095186233520508,16400.0
2015-10-28,11.1899995803833,11.1899995803833,11.119999885559082,11.130000114440918,8.04459285736084,17000.0
2015-10-29,11.109999656677246,11.180000305175781,11.109999656677246,11.180000305175781,8.080738067626953,22400.0
2015-10-30,11.170000076293945,11.170000076293945,11.130000114440918,11.149999618530273,8.059049606323242,51300.0
2015-11-02,11.170000076293945,11.210000038146973,11.149999618530273,11.1899995803833,8.087959289550781,40500.0
2015-11-03,11.239999771118164,11.270000457763672,11.170000076293945,11.220000267028809,8.10964298248291,31900.0
2015-11-04,11.220000267028809,11.220000267028809,11.15999984741211,11.180000305175781,8.080738067626953,20100.0
2015-11-05,11.210000038146973,11.210000038146973,11.130000114440918,11.199999809265137,8.095186233520508,43700.0
2015-11-06,11.149999618530273,11.149999618530273,11.069999694824219,11.09000015258789,8.015680313110352,40900.0
2015-11-09,11.069999694824219,11.079999923706055,10.970000267028809,10.970000267028809,7.9289469718933105,46600.0
2015-11-10,10.970000267028809,11.050000190734863,10.949999809265137,11.039999961853027,7.979542255401611,32600.0
2015-11-11,11.0600004196167,11.079999923706055,10.989999771118164,11.029999732971191,7.972317218780518,24400.0
2015-11-12,11.029999732971191,11.039999961853027,11.0,11.010000228881836,7.999925136566162,14500.0
2015-11-13,11.039999961853027,11.09000015258789,11.010000228881836,11.09000015258789,8.058052062988281,19100.0
2015-11-16,11.09000015258789,11.119999885559082,11.09000015258789,11.09000015258789,8.058052062988281,11300.0
2015-11-17,11.069999694824219,11.109999656677246,11.069999694824219,11.100000381469727,8.065320014953613,34800.0
2015-11-18,11.130000114440918,11.140000343322754,11.09000015258789,11.119999885559082,8.079850196838379,22100.0
2015-11-19,11.149999618530273,11.149999618530273,11.09000015258789,11.130000114440918,8.087119102478027,19200.0
2015-11-20,11.15999984741211,11.170000076293945,11.109999656677246,11.15999984741211,8.108918190002441,16900.0
2015-11-23,11.1899995803833,11.1899995803833,11.140000343322754,11.140000343322754,8.09438419342041,18800.0
2015-11-24,11.180000305175781,11.1899995803833,11.119999885559082,11.119999885559082,8.079850196838379,18500.0
2015-11-25,11.130000114440918,11.210000038146973,11.109999656677246,11.1899995803833,8.130718231201172,48400.0
2015-11-27,11.199999809265137,11.239999771118164,11.15999984741211,11.170000076293945,8.116186141967773,4800.0
2015-11-30,11.180000305175781,11.210000038146973,11.149999618530273,11.210000038146973,8.145247459411621,20600.0
2015-12-01,11.289999961853027,11.289999961853027,11.1899995803833,11.25,8.174307823181152,25300.0
2015-12-02,11.25,11.260000228881836,11.229999542236328,11.260000228881836,8.18157958984375,19700.0
2015-12-03,11.260000228881836,11.260000228881836,11.149999618530273,11.170000076293945,8.116186141967773,69100.0
2015-12-04,11.180000305175781,11.180000305175781,11.130000114440918,11.180000305175781,8.12345027923584,35100.0
2015-12-07,11.15999984741211,11.229999542236328,11.15999984741211,11.180000305175781,8.12345027923584,38900.0
2015-12-08,11.239999771118164,11.289999961853027,11.1899995803833,11.289999961853027,8.203373908996582,40100.0
2015-12-09,11.300000190734863,11.300000190734863,11.260000228881836,11.289999961853027,8.203373908996582,24100.0
2015-12-10,11.25,11.270000457763672,11.220000267028809,11.25,8.216519355773926,33200.0
2015-12-11,11.279999732971191,11.3100004196167,11.210000038146973,11.229999542236328,8.201916694641113,29900.0
2015-12-14,11.270000457763672,11.270000457763672,11.029999732971191,11.140000343322754,8.136183738708496,90400.0
2015-12-15,11.140000343322754,11.170000076293945,11.029999732971191,11.170000076293945,8.15809440612793,53700.0
2015-12-16,11.130000114440918,11.220000267028809,11.119999885559082,11.220000267028809,8.194613456726074,24300.0
2015-12-17,11.239999771118164,11.300000190734863,11.229999542236328,11.300000190734863,8.253043174743652,42100.0
2015-12-18,11.260000228881836,11.350000381469727,11.260000228881836,11.300000190734863,8.253043174743652,22400.0
2015-12-21,11.34000015258789,11.369999885559082,11.319999694824219,11.359999656677246,8.296857833862305,24200.0
2015-12-22,11.369999885559082,11.399999618530273,11.34000015258789,11.380000114440918,8.311470985412598,30000.0
2015-12-23,11.40999984741211,11.430000305175781,11.350000381469727,11.40999984741211,8.333382606506348,51100.0
2015-12-24,11.399999618530273,11.430000305175781,11.390000343322754,11.430000305175781,8.34798526763916,7700.0
2015-12-28,11.449999809265137,11.460000038146973,11.380000114440918,11.399999618530273,8.326075553894043,24600.0
2015-12-29,11.380000114440918,11.40999984741211,11.319999694824219,11.380000114440918,8.311470985412598,43200.0
2015-12-30,11.380000114440918,11.449999809265137,11.350000381469727,11.4399995803833,8.355289459228516,29700.0
2015-12-31,11.399999618530273,11.539999961853027,11.399999618530273,11.5,8.3991117477417,68600.0
2016-01-04,11.449999809265137,11.539999961853027,11.430000305175781,11.539999961853027,8.428323745727539,36300.0
2016-01-05,11.5600004196167,11.619999885559082,11.550000190734863,11.600000381469727,8.472146034240723,26600.0
2016-01-06,11.680000305175781,11.699999809265137,11.649999618530273,11.699999809265137,8.545185089111328,109700.0
2016-01-07,11.739999771118164,11.789999961853027,11.65999984741211,11.789999961853027,8.610916137695312,89400.0
2016-01-08,11.789999961853027,11.789999961853027,11.6899995803833,11.760000228881836,8.589004516601562,76600.0
2016-01-11,11.75,11.760000228881836,11.680000305175781,11.75,8.58170223236084,28700.0
2016-01-12,11.75,11.75,11.6899995803833,11.720000267028809,8.559792518615723,45300.0
2016-01-13,11.65999984741211,11.65999984741211,11.510000228881836,11.520000457763672,8.455562591552734,46300.0
2016-01-14,11.569999694824219,11.569999694824219,11.479999542236328,11.550000190734863,8.477580070495605,27400.0
2016-01-15,11.579999923706055,11.640000343322754,11.539999961853027,11.569999694824219,8.492263793945312,35500.0
2016-01-19,11.59000015258789,11.630000114440918,11.470000267028809,11.470000267028809,8.418861389160156,42900.0
2016-01-20,11.529999732971191,11.529999732971191,11.289999961853027,11.390000343322754,8.360148429870605,84900.0
2016-01-21,11.420000076293945,11.529999732971191,11.390000343322754,11.449999809265137,8.404186248779297,44000.0
2016-01-22,11.5600004196167,11.5600004196167,11.479999542236328,11.479999542236328,8.426207542419434,28900.0
2016-01-25,11.510000228881836,11.550000190734863,11.420000076293945,11.430000305175781,8.389503479003906,29400.0
2016-01-26,11.390000343322754,11.489999771118164,11.380000114440918,11.489999771118164,8.433547973632812,22200.0
2016-01-27,11.5,11.550000190734863,11.460000038146973,11.470000267028809,8.418861389160156,24600.0
2016-01-28,11.5,11.5600004196167,11.5,11.5600004196167,8.4849214553833,34600.0
2016-01-29,11.670000076293945,11.6899995803833,11.579999923706055,11.630000114440918,8.53630256652832,77900.0
2016-02-01,11.630000114440918,11.6899995803833,11.579999923706055,11.630000114440918,8.53630256652832,37500.0
2016-02-02,11.640000343322754,11.6899995803833,11.640000343322754,11.65999984741211,8.55832290649414,43000.0
2016-02-03,11.6899995803833,11.739999771118164,11.649999618530273,11.720000267028809,8.602364540100098,59000.0
2016-02-04,11.739999771118164,11.760000228881836,11.710000038146973,11.760000228881836,8.631719589233398,49900.0
2016-02-05,11.779999732971191,11.789999961853027,11.739999771118164,11.779999732971191,8.646398544311523,50500.0
2016-02-08,11.789999961853027,11.789999961853027,11.729999542236328,11.739999771118164,8.617042541503906,31900.0
2016-02-09,11.779999732971191,11.789999961853027,11.75,11.789999961853027,8.653741836547852,28200.0
2016-02-10,11.779999732971191,11.8100004196167,11.770000457763672,11.800000190734863,8.661076545715332,37500.0
2016-02-11,11.75,11.770000457763672,11.739999771118164,11.739999771118164,8.659603118896484,31600.0
2016-02-12,11.75,11.800000190734863,11.630000114440918,11.630000114440918,8.578466415405273,44600.0
2016-02-16,11.600000381469727,11.609999656677246,11.520000457763672,11.579999923706055,8.54158878326416,52200.0
2016-02-17,11.520000457763672,11.579999923706055,11.520000457763672,11.539999961853027,8.512079238891602,57600.0
2016-02-18,11.600000381469727,11.640000343322754,11.569999694824219,11.630000114440918,8.578466415405273,50300.0
2016-02-19,11.609999656677246,11.680000305175781,11.609999656677246,11.670000076293945,8.607970237731934,37300.0
2016-02-22,11.640000343322754,11.65999984741211,11.609999656677246,11.630000114440918,8.578466415405273,28400.0
2016-02-23,11.649999618530273,11.6899995803833,11.619999885559082,11.6899995803833,8.622724533081055,41400.0
2016-02-24,11.640000343322754,11.729999542236328,11.640000343322754,11.670000076293945,8.607970237731934,49500.0
2016-02-25,11.670000076293945,11.710000038146973,11.65999984741211,11.670000076293945,8.607970237731934,47300.0
2016-02-26,11.649999618530273,11.649999618530273,11.600000381469727,11.600000381469727,8.556337356567383,23100.0
2016-02-29,11.640000343322754,11.640000343322754,11.600000381469727,11.600000381469727,8.556337356567383,34400.0
2016-03-01,11.600000381469727,11.6899995803833,11.600000381469727,11.6899995803833,8.622724533081055,29400.0
2016-03-02,11.670000076293945,11.680000305175781,11.630000114440918,11.65999984741211,8.600592613220215,32000.0
2016-03-03,11.670000076293945,11.739999771118164,11.65999984741211,11.739999771118164,8.659603118896484,29400.0
2016-03-04,11.710000038146973,11.779999732971191,11.710000038146973,11.739999771118164,8.659603118896484,57900.0
2016-03-07,11.729999542236328,11.789999961853027,11.6899995803833,11.789999961853027,8.696484565734863,20900.0
2016-03-08,11.819999694824219,11.819999694824219,11.729999542236328,11.789999961853027,8.696484565734863,36200.0
2016-03-09,11.789999961853027,11.8100004196167,11.770000457763672,11.8100004196167,8.7112398147583,23100.0
2016-03-10,11.8100004196167,11.8100004196167,11.760000228881836,11.779999732971191,8.689112663269043,27100.0
2016-03-11,11.779999732971191,11.779999732971191,11.6899995803833,11.6899995803833,8.665388107299805,13700.0
2016-03-14,11.760000228881836,11.770000457763672,11.670000076293945,11.739999771118164,8.70245361328125,20000.0
2016-03-15,11.760000228881836,11.760000228881836,11.640000343322754,11.640000343322754,8.628329277038574,14700.0
2016-03-16,11.710000038146973,11.729999542236328,11.670000076293945,11.729999542236328,8.695034980773926,16500.0
2016-03-17,11.800000190734863,11.8100004196167,11.75,11.770000457763672,8.724689483642578,35900.0
2016-03-18,11.8100004196167,11.8100004196167,11.710000038146973,11.760000228881836,8.717279434204102,24700.0
2016-03-21,11.739999771118164,11.770000457763672,11.699999809265137,11.739999771118164,8.70245361328125,17100.0
2016-03-22,11.779999732971191,11.819999694824219,11.729999542236328,11.770000457763672,8.724689483642578,38400.0
2016-03-23,11.789999961853027,11.829999923706055,11.75,11.779999732971191,8.732104301452637,33500.0
2016-03-24,11.8100004196167,11.829999923706055,11.760000228881836,11.789999961853027,8.73951530456543,26800.0
2016-03-28,11.779999732971191,11.829999923706055,11.739999771118164,11.779999732971191,8.732104301452637,60900.0
2016-03-29,11.789999961853027,11.84000015258789,11.75,11.829999923706055,8.769166946411133,47200.0
2016-03-30,11.819999694824219,11.850000381469727,11.800000190734863,11.829999923706055,8.769166946411133,34700.0
2016-03-31,11.84000015258789,11.920000076293945,11.819999694824219,11.899999618530273,8.821051597595215,52700.0
2016-04-01,11.90999984741211,11.989999771118164,11.869999885559082,11.989999771118164,8.887771606445312,60000.0
2016-04-04,11.989999771118164,12.010000228881836,11.949999809265137,11.979999542236328,8.880354881286621,62900.0
2016-04-05,12.020000457763672,12.09000015258789,12.020000457763672,12.029999732971191,8.917421340942383,70900.0
2016-04-06,12.09000015258789,12.260000228881836,12.09000015258789,12.229999542236328,9.06567096710205,173500.0
2016-04-07,12.220000267028809,12.270000457763672,12.15999984741211,12.15999984741211,9.013786315917969,31600.0
2016-04-08,12.210000038146973,12.300000190734863,12.140000343322754,12.15999984741211,9.013786315917969,31500.0
2016-04-11,12.180000305175781,12.300000190734863,12.170000076293945,12.180000305175781,9.028608322143555,22800.0
2016-04-12,12.199999809265137,12.319999694824219,12.199999809265137,12.3100004196167,9.124975204467773,29000.0
2016-04-13,12.270000457763672,12.319999694824219,12.15999984741211,12.270000457763672,9.138376235961914,33700.0
2016-04-14,12.300000190734863,12.329999923706055,12.149999618530273,12.149999618530273,9.049004554748535,32500.0
2016-04-15,12.199999809265137,12.239999771118164,12.199999809265137,12.199999809265137,9.0862455368042,8800.0
2016-04-18,12.220000267028809,12.279999732971191,12.220000267028809,12.270000457763672,9.138376235961914,33200.0
2016-04-19,12.300000190734863,12.300000190734863,12.199999809265137,12.199999809265137,9.0862455368042,51600.0
2016-04-20,12.210000038146973,12.279999732971191,12.170000076293945,12.180000305175781,9.07135009765625,48800.0
2016-04-21,12.229999542236328,12.329999923706055,12.210000038146973,12.229999542236328,9.108591079711914,28600.0
2016-04-22,12.239999771118164,12.260000228881836,12.210000038146973,12.239999771118164,9.116039276123047,21900.0
2016-04-25,12.210000038146973,12.260000228881836,12.15999984741211,12.260000228881836,9.130929946899414,29800.0
2016-04-26,12.25,12.270000457763672,12.109999656677246,12.180000305175781,9.07135009765625,29300.0
2016-04-27,12.229999542236328,12.279999732971191,12.119999885559082,12.1899995803833,9.078797340393066,44500.0
2016-04-28,12.220000267028809,12.279999732971191,12.15999984741211,12.199999809265137,9.0862455368042,44300.0
2016-04-29,12.260000228881836,12.289999961853027,12.220000267028809,12.279999732971191,9.14582633972168,21400.0
2016-05-02,12.279999732971191,12.289999961853027,12.220000267028809,12.279999732971191,9.14582633972168,39200.0
2016-05-03,12.279999732971191,12.34000015258789,12.25,12.34000015258789,9.190516471862793,54800.0
2016-05-04,12.300000190734863,12.449999809265137,12.289999961853027,12.449999809265137,9.272439002990723,46400.0
2016-05-05,12.420000076293945,12.430000305175781,12.34000015258789,12.369999885559082,9.212859153747559,28700.0
2016-05-06,12.399999618530273,12.449999809265137,12.359999656677246,12.4399995803833,9.26498794555664,30500.0
2016-05-09,12.449999809265137,12.449999809265137,12.359999656677246,12.449999809265137,9.272439002990723,31600.0
2016-05-10,12.449999809265137,12.520000457763672,12.4399995803833,12.520000457763672,9.32457160949707,54200.0
2016-05-11,12.5,12.5,12.420000076293945,12.489999771118164,9.302230834960938,19500.0
2016-05-12,12.460000038146973,12.479999542236328,12.399999618530273,12.479999542236328,9.338147163391113,15600.0
2016-05-13,12.5,12.5,12.4399995803833,12.460000038146973,9.3231782913208,27900.0
2016-05-16,12.479999542236328,12.489999771118164,12.420000076293945,12.460000038146973,9.3231782913208,47200.0
2016-05-17,12.479999542236328,12.489999771118164,12.430000305175781,12.449999809265137,9.31569766998291,25900.0
2016-05-18,12.479999542236328,12.479999542236328,12.319999694824219,12.319999694824219,9.218423843383789,105500.0
2016-05-19,12.350000381469727,12.350000381469727,12.149999618530273,12.1899995803833,9.121152877807617,88300.0
2016-05-20,12.260000228881836,12.350000381469727,12.210000038146973,12.279999732971191,9.188499450683594,30900.0
2016-05-23,12.350000381469727,12.420000076293945,12.34000015258789,12.380000114440918,9.263323783874512,42800.0
2016-05-24,12.430000305175781,12.470000267028809,12.369999885559082,12.399999618530273,9.278285026550293,49500.0
2016-05-25,12.319999694824219,12.390000343322754,12.319999694824219,12.390000343322754,9.270803451538086,39700.0
2016-05-26,12.390000343322754,12.529999732971191,12.390000343322754,12.470000267028809,9.330666542053223,69100.0
2016-05-27,12.520000457763672,12.529999732971191,12.40999984741211,12.470000267028809,9.330666542053223,34800.0
2016-05-31,12.40999984741211,12.449999809265137,12.380000114440918,12.390000343322754,9.270803451538086,46400.0
2016-06-01,12.420000076293945,12.5,12.420000076293945,12.449999809265137,9.31569766998291,59600.0
2016-06-02,12.470000267028809,12.520000457763672,12.470000267028809,12.520000457763672,9.368077278137207,29800.0
2016-06-03,12.550000190734863,12.789999961853027,12.550000190734863,12.630000114440918,9.450382232666016,20500.0
2016-06-06,12.630000114440918,12.680000305175781,12.609999656677246,12.670000076293945,9.480314254760742,26000.0
2016-06-07,12.680000305175781,12.739999771118164,12.65999984741211,12.739999771118164,9.532692909240723,68900.0
2016-06-08,12.729999542236328,12.760000228881836,12.699999809265137,12.699999809265137,9.50275993347168,36800.0
2016-06-09,12.75,12.770000457763672,12.720000267028809,12.720000267028809,9.517727851867676,23700.0
2016-06-10,12.739999771118164,12.75,12.729999542236328,12.739999771118164,9.532692909240723,20200.0
2016-06-13,12.710000038146973,12.75,12.710000038146973,12.729999542236328,9.566131591796875,22900.0
2016-06-14,12.729999542236328,12.760000228881836,12.729999542236328,12.760000228881836,9.588678359985352,24800.0
2016-06-15,12.760000228881836,12.8100004196167,12.729999542236328,12.739999771118164,9.573644638061523,43400.0
2016-06-16,12.789999961853027,12.850000381469727,12.710000038146973,12.729999542236328,9.566131591796875,38000.0
2016-06-17,12.760000228881836,12.789999961853027,12.75,12.789999961853027,9.611218452453613,9900.0
2016-06-20,12.8100004196167,12.8100004196167,12.760000228881836,12.770000457763672,9.596190452575684,15700.0
2016-06-21,12.770000457763672,12.859999656677246,12.770000457763672,12.859999656677246,9.663822174072266,28000.0
2016-06-22,12.859999656677246,12.869999885559082,12.789999961853027,12.789999961853027,9.611218452453613,29200.0
2016-06-23,12.880000114440918,12.880000114440918,12.729999542236328,12.75,9.581160545349121,23800.0
2016-06-24,12.710000038146973,12.90999984741211,12.710000038146973,12.899999618530273,9.693880081176758,44300.0
2016-06-27,12.899999618530273,12.899999618530273,12.819999694824219,12.850000381469727,9.656306266784668,16600.0
2016-06-28,12.850000381469727,12.890000343322754,12.760000228881836,12.829999923706055,9.641279220581055,35200.0
2016-06-29,12.789999961853027,12.829999923706055,12.770000457763672,12.8100004196167,9.626248359680176,41700.0
2016-06-30,12.829999923706055,12.930000305175781,12.760000228881836,12.760000228881836,9.588678359985352,65200.0
2016-07-01,12.800000190734863,12.859999656677246,12.770000457763672,12.779999732971191,9.6037015914917,53900.0
2016-07-05,12.779999732971191,12.800000190734863,12.710000038146973,12.710000038146973,9.55109977722168,60900.0
2016-07-06,12.739999771118164,12.920000076293945,12.729999542236328,12.819999694824219,9.63376522064209,69600.0
2016-07-07,12.829999923706055,13.010000228881836,12.829999923706055,12.930000305175781,9.716423988342285,57300.0
2016-07-08,13.029999732971191,13.239999771118164,12.979999542236328,13.239999771118164,9.949376106262207,66000.0
2016-07-11,13.4399995803833,13.4399995803833,12.979999542236328,12.989999771118164,9.761510848999023,28000.0
2016-07-12,13.15999984741211,13.15999984741211,12.729999542236328,12.729999542236328,9.566131591796875,66800.0
2016-07-13,12.710000038146973,12.729999542236328,12.430000305175781,12.460000038146973,9.403497695922852,105500.0
2016-07-14,12.460000038146973,12.460000038146973,12.149999618530273,12.1899995803833,9.199728012084961,135700.0
2016-07-15,12.260000228881836,12.489999771118164,12.25,12.460000038146973,9.403497695922852,71700.0
2016-07-18,12.5600004196167,12.670000076293945,12.539999961853027,12.670000076293945,9.561980247497559,36400.0
2016-07-19,12.75,12.75,12.59000015258789,12.699999809265137,9.584617614746094,27300.0
2016-07-20,12.779999732971191,12.789999961853027,12.720000267028809,12.779999732971191,9.64499282836914,31900.0
2016-07-21,12.850000381469727,12.859999656677246,12.789999961853027,12.789999961853027,9.652542114257812,27900.0
2016-07-22,12.789999961853027,12.829999923706055,12.75,12.779999732971191,9.64499282836914,28100.0
2016-07-25,12.84000015258789,12.84000015258789,12.729999542236328,12.779999732971191,9.64499282836914,50200.0
2016-07-26,12.8100004196167,12.880000114440918,12.739999771118164,12.75,9.622353553771973,44600.0
2016-07-27,12.84000015258789,12.850000381469727,12.6899995803833,12.699999809265137,9.584617614746094,59300.0
2016-07-28,12.729999542236328,12.75,12.640000343322754,12.680000305175781,9.56952953338623,24700.0
2016-07-29,12.75,12.829999923706055,12.670000076293945,12.670000076293945,9.561980247497559,51100.0
2016-08-01,12.649999618530273,12.760000228881836,12.649999618530273,12.6899995803833,9.577075958251953,44500.0
2016-08-02,12.699999809265137,12.800000190734863,12.630000114440918,12.800000190734863,9.660088539123535,59000.0
2016-08-03,12.84000015258789,12.949999809265137,12.819999694824219,12.949999809265137,9.773294448852539,28100.0
2016-08-04,12.989999771118164,13.0,12.930000305175781,13.0,9.811028480529785,47200.0
2016-08-05,13.0600004196167,13.109999656677246,12.970000267028809,13.029999732971191,9.833669662475586,53400.0
2016-08-08,13.050000190734863,13.050000190734863,12.920000076293945,13.0,9.811028480529785,39300.0
2016-08-09,13.079999923706055,13.079999923706055,12.970000267028809,12.979999542236328,9.79593563079834,20800.0
2016-08-10,13.050000190734863,13.050000190734863,12.949999809265137,12.960000038146973,9.780841827392578,25000.0
2016-08-11,12.979999542236328,12.979999542236328,12.829999923706055,12.84000015258789,9.731200218200684,25000.0
2016-08-12,12.869999885559082,12.880000114440918,12.829999923706055,12.880000114440918,9.761513710021973,20500.0
2016-08-15,12.960000038146973,12.960000038146973,12.789999961853027,12.850000381469727,9.73877239227295,54700.0
2016-08-16,12.819999694824219,12.850000381469727,12.75,12.84000015258789,9.731200218200684,40200.0
2016-08-17,12.869999885559082,12.970000267028809,12.829999923706055,12.949999809265137,9.814566612243652,34300.0
2016-08-18,13.0,13.100000381469727,13.0,13.039999961853027,9.882777214050293,11100.0
2016-08-19,13.15999984741211,13.15999984741211,13.020000457763672,13.109999656677246,9.935824394226074,45300.0
2016-08-22,13.15999984741211,13.170000076293945,13.039999961853027,13.069999694824219,9.905509948730469,39300.0
2016-08-23,13.119999885559082,13.15999984741211,13.039999961853027,13.050000190734863,9.890358924865723,37800.0
2016-08-24,13.069999694824219,13.069999694824219,12.920000076293945,12.949999809265137,9.814566612243652,23400.0
2016-08-25,12.979999542236328,12.979999542236328,12.789999961853027,12.800000190734863,9.700883865356445,28800.0
2016-08-26,12.75,12.829999923706055,12.720000267028809,12.75,9.66299057006836,49800.0
2016-08-29,12.8100004196167,12.8100004196167,12.739999771118164,12.739999771118164,9.655410766601562,34600.0
2016-08-30,12.8100004196167,12.819999694824219,12.699999809265137,12.729999542236328,9.647832870483398,44800.0
2016-08-31,12.760000228881836,12.779999732971191,12.739999771118164,12.779999732971191,9.685729026794434,21500.0
2016-09-01,12.779999732971191,12.9399995803833,12.75,12.800000190734863,9.700883865356445,53000.0
2016-09-02,12.880000114440918,12.899999618530273,12.699999809265137,12.760000228881836,9.670571327209473,26600.0
2016-09-06,12.8100004196167,13.180000305175781,12.800000190734863,13.039999961853027,9.882777214050293,69500.0
2016-09-07,13.069999694824219,13.069999694824219,12.880000114440918,12.890000343322754,9.769096374511719,26300.0
2016-09-08,12.880000114440918,12.949999809265137,12.8100004196167,12.819999694824219,9.716042518615723,21100.0
2016-09-09,12.75,12.75,12.539999961853027,12.539999961853027,9.50383186340332,58200.0
2016-09-12,12.579999923706055,12.579999923706055,12.5,12.539999961853027,9.50383186340332,27200.0
2016-09-13,12.569999694824219,12.569999694824219,12.479999542236328,12.529999732971191,9.53770923614502,43800.0
2016-09-14,12.529999732971191,12.680000305175781,12.529999732971191,12.539999961853027,9.545318603515625,44400.0
2016-09-15,12.619999885559082,12.619999885559082,12.479999542236328,12.529999732971191,9.53770923614502,38000.0
2016-09-16,12.619999885559082,12.619999885559082,12.479999542236328,12.489999771118164,9.507265090942383,16800.0
2016-09-19,12.569999694824219,12.569999694824219,12.510000228881836,12.550000190734863,9.552929878234863,11500.0
2016-09-20,12.59000015258789,12.59000015258789,12.539999961853027,12.579999923706055,9.575772285461426,14200.0
2016-09-21,12.59000015258789,12.630000114440918,12.520000457763672,12.609999656677246,9.598601341247559,25200.0
2016-09-22,12.670000076293945,12.75,12.670000076293945,12.739999771118164,9.697558403015137,18100.0
2016-09-23,12.739999771118164,12.739999771118164,12.680000305175781,12.6899995803833,9.659500122070312,18400.0
2016-09-26,12.720000267028809,12.739999771118164,12.699999809265137,12.739999771118164,9.697558403015137,6800.0
2016-09-27,12.739999771118164,12.800000190734863,12.739999771118164,12.800000190734863,9.743226051330566,33500.0
2016-09-28,12.779999732971191,12.869999885559082,12.770000457763672,12.819999694824219,9.758450508117676,29000.0
2016-09-29,12.779999732971191,12.8100004196167,12.619999885559082,12.619999885559082,9.60621452331543,26400.0
2016-09-30,12.630000114440918,12.710000038146973,12.539999961853027,12.640000343322754,9.621441841125488,29200.0
2016-10-03,12.579999923706055,12.630000114440918,12.5,12.539999961853027,9.545318603515625,29200.0
2016-10-04,12.520000457763672,12.520000457763672,12.399999618530273,12.4399995803833,9.469202995300293,36500.0
2016-10-05,12.520000457763672,12.539999961853027,12.380000114440918,12.380000114440918,9.423528671264648,21900.0
2016-10-06,12.380000114440918,12.489999771118164,12.369999885559082,12.489999771118164,9.507265090942383,43800.0
2016-10-07,12.470000267028809,12.5,12.4399995803833,12.470000267028809,9.492037773132324,8600.0
2016-10-10,12.479999542236328,12.5,12.460000038146973,12.460000038146973,9.484427452087402,16600.0
2016-10-11,12.420000076293945,12.479999542236328,12.390000343322754,12.4399995803833,9.469202995300293,36600.0
2016-10-12,12.350000381469727,12.350000381469727,12.239999771118164,12.239999771118164,9.357963562011719,15000.0
2016-10-13,12.229999542236328,12.25,11.989999771118164,12.050000190734863,9.212700843811035,43500.0
2016-10-14,12.029999732971191,12.050000190734863,11.880000114440918,11.880000114440918,9.082724571228027,30900.0
2016-10-17,11.90999984741211,11.90999984741211,11.600000381469727,11.630000114440918,8.891592025756836,57600.0
2016-10-18,11.640000343322754,11.819999694824219,11.619999885559082,11.739999771118164,8.975691795349121,50700.0
2016-10-19,11.829999923706055,11.949999809265137,11.800000190734863,11.9399995803833,9.128599166870117,49100.0
2016-10-20,12.0,12.069999694824219,11.9399995803833,11.949999809265137,9.136244773864746,25900.0
2016-10-21,12.069999694824219,12.079999923706055,12.029999732971191,12.0600004196167,9.220340728759766,21600.0
2016-10-24,12.079999923706055,12.079999923706055,12.020000457763672,12.050000190734863,9.212700843811035,25100.0
2016-10-25,12.069999694824219,12.079999923706055,12.029999732971191,12.079999923706055,9.235635757446289,11700.0
2016-10-26,12.069999694824219,12.069999694824219,11.970000267028809,11.979999542236328,9.159183502197266,36700.0
2016-10-27,11.899999618530273,12.020000457763672,11.899999618530273,12.020000457763672,9.189763069152832,101500.0
2016-10-28,12.039999961853027,12.039999961853027,11.890000343322754,11.890000343322754,9.090372085571289,31400.0
2016-10-31,11.989999771118164,11.989999771118164,11.859999656677246,11.890000343322754,9.090372085571289,33100.0
2016-11-01,11.890000343322754,11.920000076293945,11.779999732971191,11.850000381469727,9.059789657592773,47900.0
2016-11-02,11.899999618530273,11.899999618530273,11.760000228881836,11.84000015258789,9.052145957946777,33800.0
2016-11-03,11.829999923706055,11.899999618530273,11.760000228881836,11.770000457763672,8.998626708984375,33000.0
2016-11-04,11.789999961853027,11.829999923706055,11.770000457763672,11.829999923706055,9.044500350952148,22400.0
2016-11-07,11.829999923706055,11.84000015258789,11.75,11.789999961853027,9.013917922973633,41900.0
2016-11-08,11.84000015258789,11.84000015258789,11.75,11.829999923706055,9.044500350952148,19300.0
2016-11-09,11.760000228881836,11.760000228881836,11.619999885559082,11.729999542236328,8.968043327331543,27600.0
2016-11-10,11.65999984741211,11.65999984741211,11.25,11.260000228881836,8.648896217346191,103300.0
2016-11-11,11.170000076293945,11.40999984741211,11.170000076293945,11.34000015258789,8.710345268249512,65800.0
2016-11-14,11.260000228881836,11.260000228881836,11.020000457763672,11.0600004196167,8.49527645111084,76300.0
2016-11-15,11.0600004196167,11.180000305175781,11.050000190734863,11.15999984741211,8.572086334228516,59200.0
2016-11-16,11.229999542236328,11.229999542236328,11.15999984741211,11.220000267028809,8.618172645568848,55200.0
2016-11-17,11.229999542236328,11.229999542236328,11.029999732971191,11.039999961853027,8.479912757873535,29100.0
2016-11-18,11.100000381469727,11.100000381469727,10.949999809265137,10.970000267028809,8.426145553588867,62700.0
2016-11-21,10.960000038146973,11.079999923706055,10.960000038146973,11.029999732971191,8.472230911254883,40000.0
2016-11-22,11.109999656677246,11.109999656677246,11.0600004196167,11.079999923706055,8.510634422302246,45300.0
2016-11-23,10.970000267028809,10.989999771118164,10.949999809265137,10.979999542236328,8.433825492858887,54300.0
2016-11-25,11.050000190734863,11.130000114440918,11.020000457763672,11.039999961853027,8.479912757873535,26500.0
2016-11-28,11.109999656677246,11.119999885559082,11.0,11.029999732971191,8.472230911254883,35800.0
2016-11-29,11.010000228881836,11.0600004196167,10.930000305175781,10.9399995803833,8.403098106384277,58500.0
2016-11-30,10.880000114440918,10.90999984741211,10.850000381469727,10.869999885559082,8.349334716796875,83000.0
2016-12-01,10.75,10.829999923706055,10.729999542236328,10.770000457763672,8.2725248336792,86800.0
2016-12-02,10.829999923706055,10.859999656677246,10.760000228881836,10.859999656677246,8.341654777526855,79500.0
2016-12-05,10.789999961853027,10.970000267028809,10.779999732971191,10.899999618530273,8.372376441955566,72100.0
2016-12-06,10.859999656677246,11.050000190734863,10.859999656677246,11.029999732971191,8.472230911254883,51900.0
2016-12-07,11.0,11.34000015258789,11.0,11.34000015258789,8.710345268249512,72400.0
2016-12-08,11.319999694824219,11.319999694824219,11.170000076293945,11.289999961853027,8.713818550109863,65300.0
2016-12-09,11.279999732971191,11.300000190734863,11.170000076293945,11.279999732971191,8.706100463867188,87800.0
2016-12-12,11.25,11.25,11.170000076293945,11.199999809265137,8.644355773925781,69600.0
2016-12-13,11.140000343322754,11.199999809265137,11.119999885559082,11.170000076293945,8.621199607849121,51400.0
2016-12-14,11.260000228881836,11.319999694824219,11.180000305175781,11.220000267028809,8.659791946411133,94300.0
2016-12-15,11.180000305175781,11.1899995803833,11.0600004196167,11.170000076293945,8.621199607849121,65200.0
2016-12-16,11.229999542236328,11.229999542236328,11.170000076293945,11.229999542236328,8.667509078979492,62900.0
2016-12-19,11.25,11.260000228881836,11.100000381469727,11.1899995803833,8.636632919311523,40800.0
2016-12-20,11.199999809265137,11.199999809265137,11.069999694824219,11.119999885559082,8.582611083984375,32700.0
2016-12-21,11.130000114440918,11.260000228881836,11.109999656677246,11.260000228881836,8.690665245056152,75400.0
2016-12-22,11.279999732971191,11.289999961853027,11.220000267028809,11.279999732971191,8.706100463867188,46300.0
2016-12-23,11.329999923706055,11.34000015258789,11.229999542236328,11.260000228881836,8.690665245056152,57100.0
2016-12-27,11.260000228881836,11.329999923706055,11.260000228881836,11.3100004196167,8.729255676269531,69900.0
2016-12-28,11.229999542236328,11.279999732971191,11.199999809265137,11.270000457763672,8.698383331298828,45900.0
2016-12-29,11.210000038146973,11.3100004196167,11.149999618530273,11.289999961853027,8.713818550109863,128000.0
2016-12-30,11.239999771118164,11.3100004196167,11.239999771118164,11.279999732971191,8.706100463867188,95400.0
2017-01-03,11.210000038146973,11.300000190734863,11.210000038146973,11.279999732971191,8.706100463867188,66500.0
2017-01-04,11.279999732971191,11.40999984741211,11.279999732971191,11.399999618530273,8.798718452453613,78000.0
2017-01-05,11.319999694824219,11.449999809265137,11.319999694824219,11.40999984741211,8.806437492370605,59100.0
2017-01-06,11.40999984741211,11.4399995803833,11.359999656677246,11.40999984741211,8.806437492370605,47100.0
2017-01-09,11.449999809265137,11.479999542236328,11.430000305175781,11.470000267028809,8.852745056152344,38200.0
2017-01-10,11.4399995803833,11.479999542236328,11.399999618530273,11.430000305175781,8.821874618530273,48600.0
2017-01-11,11.420000076293945,11.460000038146973,11.350000381469727,11.390000343322754,8.833117485046387,50500.0
2017-01-12,11.390000343322754,11.489999771118164,11.390000343322754,11.460000038146973,8.88740348815918,30900.0
2017-01-13,11.4399995803833,11.479999542236328,11.40999984741211,11.470000267028809,8.895158767700195,16800.0
2017-01-17,11.489999771118164,11.539999961853027,11.460000038146973,11.489999771118164,8.910669326782227,51800.0
2017-01-18,11.489999771118164,11.520000457763672,11.430000305175781,11.460000038146973,8.88740348815918,42400.0
2017-01-19,11.449999809265137,11.449999809265137,11.369999885559082,11.380000114440918,8.825357437133789,35500.0
2017-01-20,11.449999809265137,11.449999809265137,11.329999923706055,11.359999656677246,8.80985164642334,19900.0
2017-01-23,11.359999656677246,11.470000267028809,11.34000015258789,11.4399995803833,8.871892929077148,22400.0
2017-01-24,11.369999885559082,11.430000305175781,11.369999885559082,11.40999984741211,8.848628997802734,20200.0
2017-01-25,11.449999809265137,11.449999809265137,11.369999885559082,11.399999618530273,8.840873718261719,18400.0
2017-01-26,11.380000114440918,11.4399995803833,11.34000015258789,11.4399995803833,8.871892929077148,21300.0
2017-01-27,11.449999809265137,11.5,11.40999984741211,11.5,8.918426513671875,46700.0
2017-01-30,11.489999771118164,11.5600004196167,11.4399995803833,11.5600004196167,8.964956283569336,48900.0
2017-01-31,11.579999923706055,11.6899995803833,11.539999961853027,11.6899995803833,9.06577205657959,34600.0
2017-02-01,11.670000076293945,11.680000305175781,11.609999656677246,11.630000114440918,9.019242286682129,16600.0
2017-02-02,11.59000015258789,11.670000076293945,11.579999923706055,11.640000343322754,9.026991844177246,23900.0
2017-02-03,11.699999809265137,11.84000015258789,11.550000190734863,11.630000114440918,9.019242286682129,42000.0
2017-02-06,11.630000114440918,11.680000305175781,11.59000015258789,11.649999618530273,9.034749031066895,21500.0
2017-02-07,11.6899995803833,11.729999542236328,11.630000114440918,11.710000038146973,9.081283569335938,50600.0
2017-02-08,11.699999809265137,11.75,11.649999618530273,11.6899995803833,9.06577205657959,38800.0
2017-02-09,11.640000343322754,11.699999809265137,11.609999656677246,11.609999656677246,9.003730773925781,38500.0
2017-02-10,11.609999656677246,11.680000305175781,11.550000190734863,11.569999694824219,8.972708702087402,43900.0
2017-02-13,11.520000457763672,11.520000457763672,11.399999618530273,11.40999984741211,8.890507698059082,45400.0
2017-02-14,11.420000076293945,11.479999542236328,11.359999656677246,11.399999618530273,8.88271427154541,74100.0
2017-02-15,11.359999656677246,11.420000076293945,11.359999656677246,11.390000343322754,8.874922752380371,40600.0
2017-02-16,11.390000343322754,11.40999984741211,11.34000015258789,11.359999656677246,8.851547241210938,57300.0
2017-02-17,11.380000114440918,11.40999984741211,11.34000015258789,11.34000015258789,8.835966110229492,34500.0
2017-02-21,11.380000114440918,11.430000305175781,11.350000381469727,11.359999656677246,8.851547241210938,82200.0
2017-02-22,11.40999984741211,11.430000305175781,11.369999885559082,11.40999984741211,8.890507698059082,44000.0
2017-02-23,11.460000038146973,11.479999542236328,11.399999618530273,11.460000038146973,8.929465293884277,38000.0
2017-02-24,11.489999771118164,11.5600004196167,11.489999771118164,11.539999961853027,8.991802215576172,46300.0
2017-02-27,11.529999732971191,11.550000190734863,11.4399995803833,11.479999542236328,8.945046424865723,45100.0
2017-02-28,11.520000457763672,11.520000457763672,11.4399995803833,11.489999771118164,8.952842712402344,49500.0
2017-03-01,11.449999809265137,11.479999542236328,11.399999618530273,11.470000267028809,8.937256813049316,55900.0
2017-03-02,11.460000038146973,11.460000038146973,11.399999618530273,11.420000076293945,8.898299217224121,35400.0
2017-03-03,11.420000076293945,11.460000038146973,11.369999885559082,11.380000114440918,8.867125511169434,22000.0
2017-03-06,11.369999885559082,11.430000305175781,11.350000381469727,11.380000114440918,8.867125511169434,44000.0
2017-03-07,11.34000015258789,11.380000114440918,11.300000190734863,11.359999656677246,8.851547241210938,60800.0
2017-03-08,11.300000190734863,11.350000381469727,11.279999732971191,11.329999923706055,8.828171730041504,65400.0
2017-03-09,11.319999694824219,11.319999694824219,11.15999984741211,11.170000076293945,8.70350170135498,49900.0
2017-03-10,11.1899995803833,11.210000038146973,11.100000381469727,11.15999984741211,8.695710182189941,47600.0
2017-03-13,11.100000381469727,11.15999984741211,11.079999923706055,11.15999984741211,8.738382339477539,29800.0
2017-03-14,11.130000114440918,11.199999809265137,11.119999885559082,11.1899995803833,8.761872291564941,22800.0
2017-03-15,11.170000076293945,11.279999732971191,11.140000343322754,11.260000228881836,8.81668472290039,36700.0
2017-03-16,11.270000457763672,11.300000190734863,11.180000305175781,11.279999732971191,8.832345962524414,55900.0
2017-03-17,11.279999732971191,11.319999694824219,11.279999732971191,11.3100004196167,8.855838775634766,30000.0
2017-03-20,11.300000190734863,11.390000343322754,11.289999961853027,11.350000381469727,8.88715934753418,26700.0
2017-03-21,11.350000381469727,11.390000343322754,11.34000015258789,11.350000381469727,8.88715934753418,15200.0
2017-03-22,11.329999923706055,11.399999618530273,11.329999923706055,11.390000343322754,8.918475151062012,22100.0
2017-03-23,11.40999984741211,11.470000267028809,11.369999885559082,11.4399995803833,8.957626342773438,59600.0
2017-03-24,11.4399995803833,11.460000038146973,11.420000076293945,11.4399995803833,8.957626342773438,8300.0
2017-03-27,11.460000038146973,11.510000228881836,11.460000038146973,11.5,9.004608154296875,12400.0
2017-03-28,11.479999542236328,11.5600004196167,11.470000267028809,11.5600004196167,9.051587104797363,21600.0
2017-03-29,11.539999961853027,11.5600004196167,11.5,11.510000228881836,9.012434959411621,26000.0
2017-03-30,11.510000228881836,11.640000343322754,11.470000267028809,11.470000267028809,8.981117248535156,48300.0
2017-03-31,11.470000267028809,11.489999771118164,11.460000038146973,11.460000038146973,8.973285675048828,40500.0
2017-04-03,11.460000038146973,11.510000228881836,11.460000038146973,11.510000228881836,9.012434959411621,29100.0
2017-04-04,11.430000305175781,11.539999961853027,11.40999984741211,11.470000267028809,8.981117248535156,64100.0
2017-04-05,11.479999542236328,11.5,11.449999809265137,11.489999771118164,8.996777534484863,33800.0
2017-04-06,11.510000228881836,11.600000381469727,11.489999771118164,11.5600004196167,9.051587104797363,49300.0
2017-04-07,11.600000381469727,11.609999656677246,11.569999694824219,11.609999656677246,9.090736389160156,15800.0
2017-04-10,11.630000114440918,11.710000038146973,11.630000114440918,11.710000038146973,9.16904067993164,16200.0
2017-04-11,11.640000343322754,11.710000038146973,11.640000343322754,11.680000305175781,9.188311576843262,19300.0
2017-04-12,11.680000305175781,11.779999732971191,11.670000076293945,11.729999542236328,9.227643013000488,39200.0
2017-04-13,11.720000267028809,11.739999771118164,11.640000343322754,11.649999618530273,9.164714813232422,24400.0
2017-04-17,11.670000076293945,11.699999809265137,11.600000381469727,11.640000343322754,9.156843185424805,32700.0
2017-04-18,11.65999984741211,11.710000038146973,11.609999656677246,11.6899995803833,9.196179389953613,44800.0
2017-04-19,11.6899995803833,11.710000038146973,11.670000076293945,11.6899995803833,9.196179389953613,51100.0
2017-04-20,11.680000305175781,11.710000038146973,11.670000076293945,11.670000076293945,9.180444717407227,38600.0
2017-04-21,11.680000305175781,11.760000228881836,11.680000305175781,11.75,9.243378639221191,41600.0
2017-04-24,11.6899995803833,11.699999809265137,11.649999618530273,11.649999618530273,9.164714813232422,35600.0
2017-04-25,11.649999618530273,11.649999618530273,11.539999961853027,11.5600004196167,9.093913078308105,30800.0
2017-04-26,11.5600004196167,11.600000381469727,11.520000457763672,11.59000015258789,9.11751651763916,49300.0
2017-04-27,11.59000015258789,11.649999618530273,11.59000015258789,11.640000343322754,9.156843185424805,29800.0
2017-04-28,11.609999656677246,11.670000076293945,11.579999923706055,11.65999984741211,9.172576904296875,55800.0
2017-05-01,11.680000305175781,11.699999809265137,11.579999923706055,11.649999618530273,9.164714813232422,49800.0
2017-05-02,11.680000305175781,11.720000267028809,11.619999885559082,11.720000267028809,9.219779968261719,52300.0
2017-05-03,11.720000267028809,11.760000228881836,11.680000305175781,11.75,9.243378639221191,47900.0
2017-05-04,11.6899995803833,11.739999771118164,11.649999618530273,11.670000076293945,9.180444717407227,52900.0
2017-05-05,11.65999984741211,11.729999542236328,11.65999984741211,11.699999809265137,9.204049110412598,25100.0
2017-05-08,11.670000076293945,11.710000038146973,11.619999885559082,11.640000343322754,9.156843185424805,40900.0
2017-05-09,11.640000343322754,11.65999984741211,11.600000381469727,11.630000114440918,9.148979187011719,47100.0
2017-05-10,11.640000343322754,11.680000305175781,11.569999694824219,11.619999885559082,9.14111328125,46500.0
2017-05-11,11.550000190734863,11.630000114440918,11.550000190734863,11.630000114440918,9.192091941833496,25700.0
2017-05-12,11.649999618530273,11.739999771118164,11.649999618530273,11.729999542236328,9.271130561828613,35800.0
2017-05-15,11.699999809265137,11.739999771118164,11.699999809265137,11.729999542236328,9.271130561828613,16100.0
2017-05-16,11.729999542236328,11.739999771118164,11.699999809265137,11.710000038146973,9.25532341003418,9400.0
2017-05-17,11.75,11.84000015258789,11.739999771118164,11.770000457763672,9.302742958068848,75600.0
2017-05-18,11.760000228881836,11.800000190734863,11.670000076293945,11.739999771118164,9.279033660888672,17700.0
2017-05-19,11.729999542236328,11.739999771118164,11.65999984741211,11.720000267028809,9.263227462768555,48900.0
2017-05-22,11.710000038146973,11.729999542236328,11.680000305175781,11.720000267028809,9.263227462768555,36600.0
2017-05-23,11.800000190734863,11.800000190734863,11.729999542236328,11.75,9.28693675994873,29100.0
2017-05-24,11.800000190734863,11.800000190734863,11.739999771118164,11.770000457763672,9.302742958068848,27400.0
2017-05-25,11.760000228881836,11.8100004196167,11.720000267028809,11.75,9.28693675994873,44000.0
2017-05-26,11.779999732971191,11.8100004196167,11.739999771118164,11.789999961853027,9.318549156188965,42900.0
2017-05-30,11.800000190734863,11.800000190734863,11.760000228881836,11.770000457763672,9.302742958068848,11300.0
2017-05-31,11.8100004196167,11.829999923706055,11.770000457763672,11.789999961853027,9.318549156188965,29700.0
2017-06-01,11.84000015258789,11.869999885559082,11.800000190734863,11.829999923706055,9.350167274475098,42200.0
2017-06-02,11.869999885559082,11.880000114440918,11.779999732971191,11.850000381469727,9.365975379943848,80700.0
2017-06-05,11.829999923706055,11.859999656677246,11.75,11.789999961853027,9.318549156188965,22400.0
2017-06-06,11.800000190734863,11.890000343322754,11.800000190734863,11.829999923706055,9.350167274475098,29100.0
2017-06-07,11.819999694824219,11.850000381469727,11.789999961853027,11.789999961853027,9.318549156188965,29000.0
2017-06-08,11.829999923706055,11.850000381469727,11.75,11.850000381469727,9.365975379943848,56900.0
2017-06-09,11.850000381469727,11.869999885559082,11.8100004196167,11.84000015258789,9.358072280883789,54400.0
2017-06-12,11.84000015258789,11.84000015258789,11.829999923706055,11.829999923706055,9.350167274475098,9200.0
2017-06-13,11.789999961853027,11.829999923706055,11.739999771118164,11.819999694824219,9.385499954223633,59500.0
2017-06-14,11.869999885559082,11.890000343322754,11.829999923706055,11.869999885559082,9.425204277038574,41000.0
2017-06-15,11.850000381469727,11.890000343322754,11.850000381469727,11.890000343322754,9.441083908081055,26900.0
2017-06-16,11.899999618530273,11.90999984741211,11.850000381469727,11.90999984741211,9.456961631774902,28500.0
2017-06-19,11.899999618530273,11.90999984741211,11.829999923706055,11.899999618530273,9.449028015136719,54500.0
2017-06-20,11.930000305175781,11.930000305175781,11.850000381469727,11.90999984741211,9.456961631774902,40400.0
2017-06-21,11.949999809265137,12.010000228881836,11.890000343322754,12.010000228881836,9.536367416381836,62200.0
2017-06-22,11.989999771118164,12.039999961853027,11.970000267028809,11.970000267028809,9.504608154296875,35600.0
2017-06-23,11.970000267028809,11.970000267028809,11.850000381469727,11.90999984741211,9.456961631774902,31700.0
2017-06-26,11.90999984741211,11.989999771118164,11.90999984741211,11.930000305175781,9.472846031188965,20900.0
2017-06-27,11.970000267028809,11.970000267028809,11.880000114440918,11.930000305175781,9.472846031188965,29500.0
2017-06-28,11.970000267028809,11.970000267028809,11.850000381469727,11.890000343322754,9.441083908081055,37600.0
2017-06-29,11.899999618530273,11.899999618530273,11.739999771118164,11.75,9.329916954040527,72100.0
2017-06-30,11.8100004196167,11.8100004196167,11.720000267028809,11.800000190734863,9.369625091552734,58900.0
2017-07-03,11.789999961853027,11.869999885559082,11.789999961853027,11.869999885559082,9.425204277038574,23900.0
2017-07-05,11.829999923706055,11.979999542236328,11.8100004196167,11.84000015258789,9.401381492614746,61200.0
2017-07-06,11.819999694824219,11.880000114440918,11.770000457763672,11.789999961853027,9.36168384552002,49300.0
2017-07-07,11.800000190734863,11.859999656677246,11.770000457763672,11.84000015258789,9.401381492614746,25500.0
2017-07-10,11.869999885559082,11.960000038146973,11.859999656677246,11.960000038146973,9.496665000915527,50000.0
2017-07-11,11.920000076293945,11.989999771118164,11.890000343322754,11.9399995803833,9.480786323547363,45200.0
2017-07-12,11.90999984741211,11.979999542236328,11.90999984741211,11.949999809265137,9.532236099243164,8200.0
2017-07-13,11.989999771118164,12.069999694824219,11.970000267028809,12.069999694824219,9.62795352935791,60400.0
2017-07-14,12.109999656677246,12.119999885559082,12.010000228881836,12.020000457763672,9.58807373046875,38800.0
2017-07-17,12.100000381469727,12.100000381469727,11.890000343322754,11.899999618530273,9.492351531982422,51500.0
2017-07-18,11.9399995803833,12.029999732971191,11.930000305175781,12.029999732971191,9.596048355102539,38800.0
2017-07-19,12.029999732971191,12.050000190734863,12.010000228881836,12.010000228881836,9.580100059509277,18300.0
2017-07-20,12.010000228881836,12.0600004196167,11.960000038146973,11.970000267028809,9.548187255859375,39200.0
2017-07-21,12.029999732971191,12.050000190734863,11.979999542236328,12.039999961853027,9.60402774810791,36300.0
2017-07-24,12.010000228881836,12.010000228881836,11.9399995803833,11.960000038146973,9.540210723876953,29900.0
2017-07-25,11.920000076293945,11.970000267028809,11.90999984741211,11.920000076293945,9.50830364227295,49500.0
2017-07-26,11.960000038146973,11.979999542236328,11.930000305175781,11.979999542236328,9.55616283416748,36900.0
2017-07-27,12.0,12.039999961853027,11.960000038146973,12.029999732971191,9.596048355102539,56500.0
2017-07-28,12.0,12.180000305175781,12.0,12.130000114440918,9.675819396972656,68800.0
2017-07-31,12.15999984741211,12.170000076293945,12.149999618530273,12.15999984741211,9.699747085571289,55700.0
2017-08-01,12.220000267028809,12.270000457763672,12.210000038146973,12.25,9.771540641784668,41500.0
2017-08-02,12.279999732971191,12.300000190734863,12.25,12.25,9.771540641784668,12900.0
2017-08-03,12.279999732971191,12.319999694824219,12.25,12.25,9.771540641784668,17000.0
2017-08-04,12.270000457763672,12.3100004196167,12.109999656677246,12.109999656677246,9.659863471984863,43700.0
2017-08-07,12.100000381469727,12.170000076293945,12.100000381469727,12.119999885559082,9.667837142944336,63700.0
2017-08-08,12.130000114440918,12.140000343322754,12.069999694824219,12.109999656677246,9.659863471984863,30600.0
2017-08-09,12.109999656677246,12.119999885559082,12.020000457763672,12.029999732971191,9.596048355102539,45700.0
2017-08-10,12.050000190734863,12.079999923706055,11.960000038146973,12.010000228881836,9.580100059509277,32500.0
2017-08-11,11.649999618530273,12.039999961853027,11.649999618530273,11.970000267028809,9.591713905334473,138700.0
2017-08-14,12.020000457763672,12.020000457763672,11.9399995803833,11.979999542236328,9.599727630615234,38300.0
2017-08-15,11.930000305175781,11.9399995803833,11.899999618530273,11.899999618530273,9.535623550415039,25100.0
2017-08-16,11.9399995803833,11.9399995803833,11.880000114440918,11.920000076293945,9.551651954650879,49800.0
2017-08-17,11.960000038146973,11.979999542236328,11.9399995803833,11.979999542236328,9.599727630615234,24500.0
2017-08-18,11.960000038146973,11.989999771118164,11.930000305175781,11.960000038146973,9.583702087402344,28700.0
2017-08-21,11.989999771118164,12.029999732971191,11.979999542236328,12.0,9.615753173828125,33400.0
2017-08-22,12.039999961853027,12.039999961853027,11.979999542236328,12.029999732971191,9.639792442321777,25600.0
2017-08-23,12.039999961853027,12.100000381469727,12.039999961853027,12.100000381469727,9.695889472961426,37600.0
2017-08-24,12.09000015258789,12.09000015258789,11.970000267028809,12.010000228881836,9.623771667480469,41500.0
2017-08-25,12.0600004196167,12.0600004196167,11.960000038146973,12.020000457763672,9.631780624389648,18900.0
2017-08-28,11.979999542236328,12.050000190734863,11.960000038146973,12.0,9.615753173828125,45900.0
2017-08-29,12.039999961853027,12.140000343322754,12.039999961853027,12.119999885559082,9.71191120147705,43600.0
2017-08-30,12.109999656677246,12.15999984741211,12.0600004196167,12.15999984741211,9.743965148925781,47900.0
2017-08-31,12.180000305175781,12.210000038146973,12.15999984741211,12.199999809265137,9.776009559631348,37300.0
2017-09-01,12.199999809265137,12.25,12.199999809265137,12.210000038146973,9.784029006958008,40500.0
2017-09-05,12.260000228881836,12.319999694824219,12.180000305175781,12.180000305175781,9.759993553161621,51300.0
2017-09-06,12.229999542236328,12.289999961853027,12.229999542236328,12.289999961853027,9.848134994506836,50400.0
2017-09-07,12.300000190734863,12.449999809265137,12.300000190734863,12.350000381469727,9.89621639251709,74700.0
2017-09-08,12.40999984741211,12.5,12.380000114440918,12.4399995803833,9.96833324432373,54000.0
2017-09-11,12.449999809265137,12.460000038146973,12.390000343322754,12.40999984741211,9.944289207458496,20500.0
2017-09-12,12.390000343322754,12.430000305175781,12.390000343322754,12.430000305175781,9.960319519042969,37000.0
2017-09-13,12.430000305175781,12.4399995803833,12.420000076293945,12.4399995803833,9.96833324432373,17000.0
2017-09-14,12.380000114440918,12.420000076293945,12.369999885559082,12.420000076293945,9.996101379394531,37300.0
2017-09-15,12.529999732971191,12.539999961853027,12.4399995803833,12.5,10.060484886169434,37200.0
2017-09-18,12.510000228881836,12.510000228881836,12.390000343322754,12.420000076293945,9.996101379394531,34900.0
2017-09-19,12.470000267028809,12.520000457763672,12.34000015258789,12.359999656677246,9.947810173034668,64200.0
2017-09-20,12.40999984741211,12.470000267028809,12.3100004196167,12.350000381469727,9.939762115478516,28200.0
2017-09-21,12.34000015258789,12.390000343322754,12.270000457763672,12.329999923706055,9.923664093017578,33900.0
2017-09-22,12.319999694824219,12.40999984741211,12.319999694824219,12.40999984741211,9.98804759979248,33900.0
2017-09-25,12.460000038146973,12.460000038146973,12.369999885559082,12.390000343322754,9.971954345703125,28000.0
2017-09-26,12.4399995803833,12.460000038146973,12.40999984741211,12.460000038146973,10.028291702270508,51000.0
2017-09-27,12.430000305175781,12.470000267028809,12.300000190734863,12.3100004196167,9.90756607055664,60100.0
2017-09-28,12.300000190734863,12.34000015258789,12.199999809265137,12.210000038146973,9.827082633972168,81600.0
2017-09-29,12.279999732971191,12.279999732971191,12.109999656677246,12.109999656677246,9.746599197387695,41300.0
2017-10-02,12.109999656677246,12.260000228881836,12.109999656677246,12.1899995803833,9.810985565185547,40900.0
2017-10-03,12.210000038146973,12.210000038146973,12.130000114440918,12.170000076293945,9.794889450073242,43600.0
2017-10-04,12.149999618530273,12.1899995803833,12.119999885559082,12.170000076293945,9.794889450073242,27800.0
2017-10-05,12.210000038146973,12.270000457763672,12.1899995803833,12.270000457763672,9.875374794006348,22000.0
2017-10-06,12.279999732971191,12.329999923706055,12.210000038146973,12.289999961853027,9.891467094421387,67900.0
2017-10-09,12.220000267028809,12.3100004196167,12.210000038146973,12.229999542236328,9.843178749084473,57700.0
2017-10-10,12.270000457763672,12.319999694824219,12.260000228881836,12.3100004196167,9.90756607055664,23500.0
2017-10-11,12.34000015258789,12.350000381469727,12.279999732971191,12.350000381469727,9.939762115478516,13400.0
2017-10-12,12.369999885559082,12.420000076293945,12.369999885559082,12.399999618530273,9.98000431060791,14100.0
2017-10-13,12.399999618530273,12.399999618530273,12.270000457763672,12.279999732971191,9.927055358886719,33900.0
2017-10-16,12.260000228881836,12.34000015258789,12.260000228881836,12.3100004196167,9.951303482055664,20000.0
2017-10-17,12.3100004196167,12.350000381469727,12.300000190734863,12.350000381469727,9.983640670776367,20300.0
2017-10-18,12.329999923706055,12.329999923706055,12.210000038146973,12.210000038146973,9.870464324951172,38600.0
2017-10-19,12.25,12.300000190734863,12.180000305175781,12.239999771118164,9.894718170166016,21000.0
2017-10-20,12.220000267028809,12.220000267028809,12.149999618530273,12.149999618530273,9.821959495544434,26000.0
2017-10-23,12.170000076293945,12.220000267028809,12.149999618530273,12.15999984741211,9.830045700073242,30600.0
2017-10-24,12.180000305175781,12.1899995803833,12.149999618530273,12.1899995803833,9.854296684265137,23900.0
2017-10-25,12.149999618530273,12.15999984741211,12.029999732971191,12.029999732971191,9.72495174407959,33500.0
2017-10-26,12.0600004196167,12.100000381469727,11.930000305175781,12.0,9.700701713562012,34800.0
2017-10-27,11.979999542236328,12.010000228881836,11.890000343322754,11.930000305175781,9.644115447998047,35500.0
2017-10-30,11.979999542236328,12.0600004196167,11.979999542236328,12.0600004196167,9.749208450317383,31300.0
2017-10-31,12.050000190734863,12.050000190734863,11.9399995803833,11.970000267028809,9.676450729370117,30500.0
2017-11-01,11.979999542236328,11.989999771118164,11.899999618530273,11.930000305175781,9.644115447998047,40200.0
2017-11-02,11.930000305175781,11.989999771118164,11.920000076293945,11.9399995803833,9.652201652526855,43000.0
2017-11-03,11.930000305175781,11.989999771118164,11.899999618530273,11.989999771118164,9.692617416381836,38900.0
2017-11-06,11.989999771118164,12.039999961853027,11.970000267028809,12.029999732971191,9.72495174407959,42400.0
2017-11-07,12.020000457763672,12.050000190734863,11.970000267028809,12.039999961853027,9.733036994934082,64300.0
2017-11-08,12.0600004196167,12.100000381469727,12.0,12.0,9.700701713562012,30600.0
2017-11-09,12.0,12.0,11.930000305175781,11.989999771118164,9.692617416381836,34400.0
2017-11-10,11.989999771118164,12.010000228881836,11.90999984741211,11.970000267028809,9.676450729370117,27200.0
2017-11-13,11.989999771118164,12.039999961853027,11.989999771118164,12.039999961853027,9.733036994934082,37900.0
2017-11-14,12.029999732971191,12.029999732971191,11.970000267028809,12.029999732971191,9.769172668457031,50000.0
2017-11-15,12.039999961853027,12.09000015258789,12.020000457763672,12.020000457763672,9.761054992675781,36400.0
2017-11-16,12.0,12.079999923706055,12.0,12.050000190734863,9.785414695739746,34100.0
2017-11-17,12.0600004196167,12.109999656677246,12.020000457763672,12.050000190734863,9.785414695739746,31000.0
2017-11-20,12.039999961853027,12.0600004196167,12.0,12.0,9.74481201171875,31000.0
2017-11-21,11.989999771118164,12.100000381469727,11.989999771118164,12.0,9.74481201171875,31200.0
2017-11-22,11.970000267028809,12.010000228881836,11.960000038146973,11.960000038146973,9.712329864501953,19000.0
2017-11-24,11.989999771118164,12.050000190734863,11.9399995803833,11.949999809265137,9.704212188720703,17200.0
2017-11-27,11.9399995803833,11.979999542236328,11.9399995803833,11.949999809265137,9.704212188720703,16200.0
2017-11-28,11.960000038146973,11.970000267028809,11.899999618530273,11.970000267028809,9.720451354980469,25600.0
2017-11-29,11.9399995803833,11.9399995803833,11.859999656677246,11.890000343322754,9.655486106872559,30700.0
2017-11-30,11.90999984741211,12.010000228881836,11.869999885559082,11.890000343322754,9.655486106872559,49000.0
2017-12-01,11.979999542236328,12.0,11.930000305175781,11.970000267028809,9.720451354980469,31600.0
2017-12-04,11.960000038146973,11.979999542236328,11.880000114440918,11.979999542236328,9.728572845458984,39000.0
2017-12-05,11.970000267028809,12.069999694824219,11.920000076293945,12.069999694824219,9.801653861999512,25700.0
2017-12-06,12.069999694824219,12.25,12.069999694824219,12.180000305175781,9.89098834991455,47300.0
2017-12-07,12.1899995803833,12.210000038146973,12.109999656677246,12.210000038146973,9.9153470993042,31200.0
2017-12-08,12.180000305175781,12.210000038146973,12.119999885559082,12.140000343322754,9.858504295349121,44300.0
2017-12-11,12.109999656677246,12.140000343322754,12.079999923706055,12.130000114440918,9.851041793823242,21500.0
2017-12-12,12.130000114440918,12.140000343322754,12.039999961853027,12.069999694824219,9.8023099899292,56700.0
2017-12-13,12.069999694824219,12.109999656677246,12.020000457763672,12.029999732971191,9.769824028015137,29200.0
2017-12-14,12.039999961853027,12.100000381469727,12.029999732971191,12.09000015258789,9.818553924560547,28200.0
2017-12-15,12.079999923706055,12.079999923706055,11.9399995803833,11.949999809265137,9.704859733581543,35600.0
2017-12-18,11.949999809265137,11.979999542236328,11.899999618530273,11.9399995803833,9.696739196777344,49800.0
2017-12-19,11.9399995803833,11.9399995803833,11.869999885559082,11.90999984741211,9.672370910644531,71000.0
2017-12-20,11.890000343322754,11.970000267028809,11.789999961853027,11.880000114440918,9.64801025390625,70900.0
2017-12-21,11.880000114440918,11.9399995803833,11.869999885559082,11.869999885559082,9.639887809753418,66200.0
2017-12-22,11.880000114440918,11.920000076293945,11.829999923706055,11.90999984741211,9.672370910644531,33400.0
2017-12-26,11.899999618530273,11.9399995803833,11.859999656677246,11.880000114440918,9.64801025390625,39100.0
2017-12-27,11.880000114440918,11.949999809265137,11.880000114440918,11.949999809265137,9.704859733581543,44500.0
2017-12-28,11.949999809265137,12.020000457763672,11.9399995803833,11.970000267028809,9.721101760864258,66800.0
2017-12-29,11.979999542236328,12.010000228881836,11.9399995803833,12.0,9.745468139648438,55200.0
2018-01-02,11.989999771118164,12.039999961853027,11.970000267028809,11.979999542236328,9.729222297668457,52300.0
2018-01-03,12.050000190734863,12.069999694824219,12.0,12.0600004196167,9.794193267822266,49600.0
2018-01-04,12.069999694824219,12.069999694824219,11.979999542236328,11.989999771118164,9.73734188079834,55300.0
2018-01-05,11.989999771118164,12.100000381469727,11.9399995803833,12.010000228881836,9.753585815429688,33100.0
2018-01-08,12.039999961853027,12.039999961853027,12.0,12.020000457763672,9.761711120605469,21400.0
2018-01-09,12.020000457763672,12.0600004196167,11.979999542236328,11.979999542236328,9.729222297668457,59200.0
2018-01-10,11.960000038146973,12.010000228881836,11.899999618530273,11.920000076293945,9.680497169494629,69200.0
2018-01-11,11.949999809265137,12.039999961853027,11.930000305175781,11.970000267028809,9.721101760864258,23900.0
2018-01-12,11.920000076293945,11.920000076293945,11.789999961853027,11.850000381469727,9.667667388916016,79100.0
2018-01-16,11.869999885559082,11.90999984741211,11.829999923706055,11.880000114440918,9.692139625549316,38300.0
2018-01-17,11.880000114440918,11.880000114440918,11.819999694824219,11.819999694824219,9.64318561553955,27200.0
2018-01-18,11.8100004196167,11.819999694824219,11.770000457763672,11.800000190734863,9.62686824798584,49600.0
2018-01-19,11.829999923706055,11.829999923706055,11.720000267028809,11.760000228881836,9.594239234924316,74300.0
2018-01-22,11.739999771118164,11.800000190734863,11.739999771118164,11.75,9.586078643798828,50800.0
2018-01-23,11.800000190734863,11.8100004196167,11.739999771118164,11.789999961853027,9.618712425231934,36100.0
2018-01-24,11.779999732971191,11.800000190734863,11.699999809265137,11.710000038146973,9.553445816040039,50900.0
2018-01-25,11.710000038146973,11.720000267028809,11.65999984741211,11.699999809265137,9.5452880859375,60800.0
2018-01-26,11.6899995803833,11.6899995803833,11.600000381469727,11.670000076293945,9.520812034606934,54000.0
2018-01-29,11.59000015258789,11.59000015258789,11.460000038146973,11.460000038146973,9.349488258361816,69000.0
2018-01-30,11.449999809265137,11.449999809265137,11.369999885559082,11.449999809265137,9.341330528259277,52400.0
2018-01-31,11.470000267028809,11.510000228881836,11.399999618530273,11.449999809265137,9.341330528259277,46300.0
2018-02-01,11.430000305175781,11.489999771118164,11.40999984741211,11.4399995803833,9.333168029785156,64900.0
2018-02-02,11.40999984741211,11.420000076293945,11.319999694824219,11.319999694824219,9.235271453857422,32600.0
2018-02-05,11.3100004196167,11.380000114440918,11.229999542236328,11.25,9.17816162109375,30300.0
2018-02-06,11.239999771118164,11.369999885559082,11.239999771118164,11.319999694824219,9.235271453857422,27000.0
2018-02-07,11.369999885559082,11.430000305175781,11.350000381469727,11.390000343322754,9.292378425598145,42600.0
2018-02-08,11.390000343322754,11.430000305175781,11.369999885559082,11.40999984741211,9.308696746826172,33900.0
2018-02-09,11.399999618530273,11.430000305175781,11.329999923706055,11.350000381469727,9.259747505187988,112100.0
2018-02-12,11.399999618530273,11.430000305175781,11.350000381469727,11.430000305175781,9.325010299682617,41200.0
2018-02-13,11.430000305175781,11.489999771118164,11.399999618530273,11.449999809265137,9.341330528259277,45100.0
2018-02-14,11.399999618530273,11.449999809265137,11.359999656677246,11.359999656677246,9.312227249145508,52900.0
2018-02-15,11.359999656677246,11.399999618530273,11.350000381469727,11.399999618530273,9.34501838684082,13300.0
2018-02-16,11.420000076293945,11.430000305175781,11.380000114440918,11.399999618530273,9.34501838684082,10300.0
2018-02-20,11.4399995803833,11.4399995803833,11.34000015258789,11.380000114440918,9.328622817993164,20900.0
2018-02-21,11.390000343322754,11.399999618530273,11.350000381469727,11.350000381469727,9.304033279418945,21900.0
2018-02-22,11.380000114440918,11.380000114440918,11.3100004196167,11.329999923706055,9.28763484954834,23600.0
2018-02-23,11.350000381469727,11.359999656677246,11.329999923706055,11.34000015258789,9.295833587646484,29700.0
2018-02-26,11.390000343322754,11.40999984741211,11.329999923706055,11.34000015258789,9.295833587646484,26800.0
2018-02-27,11.390000343322754,11.420000076293945,11.3100004196167,11.350000381469727,9.304033279418945,51200.0
2018-02-28,11.369999885559082,11.380000114440918,11.300000190734863,11.319999694824219,9.279436111450195,42000.0
2018-03-01,11.350000381469727,11.359999656677246,11.300000190734863,11.300000190734863,9.263046264648438,26800.0
2018-03-02,11.289999961853027,11.329999923706055,11.25,11.3100004196167,9.27124309539795,27000.0
2018-03-05,11.329999923706055,11.359999656677246,11.289999961853027,11.319999694824219,9.279436111450195,43200.0
2018-03-06,11.329999923706055,11.369999885559082,11.300000190734863,11.319999694824219,9.279436111450195,29100.0
2018-03-07,11.319999694824219,11.369999885559082,11.3100004196167,11.359999656677246,9.312227249145508,20000.0
2018-03-08,11.350000381469727,11.399999618530273,11.34000015258789,11.359999656677246,9.312227249145508,13700.0
2018-03-09,11.350000381469727,11.430000305175781,11.350000381469727,11.40999984741211,9.353215217590332,38600.0
2018-03-12,11.4399995803833,11.4399995803833,11.380000114440918,11.420000076293945,9.361414909362793,27200.0
2018-03-13,11.479999542236328,11.489999771118164,11.350000381469727,11.350000381469727,9.304033279418945,24100.0
2018-03-14,11.350000381469727,11.350000381469727,11.3100004196167,11.319999694824219,9.324211120605469,17700.0
2018-03-15,11.319999694824219,11.369999885559082,11.270000457763672,11.369999885559082,9.365395545959473,23100.0
2018-03-16,11.350000381469727,11.350000381469727,11.260000228881836,11.270000457763672,9.283026695251465,42300.0
2018-03-19,11.319999694824219,11.319999694824219,11.220000267028809,11.25,9.266555786132812,29100.0
2018-03-20,11.25,11.300000190734863,11.170000076293945,11.239999771118164,9.258316040039062,34900.0
2018-03-21,11.229999542236328,11.279999732971191,11.1899995803833,11.279999732971191,9.291261672973633,37200.0
2018-03-22,11.279999732971191,11.300000190734863,11.180000305175781,11.220000267028809,9.241841316223145,21700.0
2018-03-23,11.25,11.279999732971191,11.199999809265137,11.25,9.266555786132812,31400.0
2018-03-26,11.260000228881836,11.260000228881836,11.199999809265137,11.229999542236328,9.250078201293945,13800.0
2018-03-27,11.25,11.300000190734863,11.220000267028809,11.260000228881836,9.274791717529297,25600.0
2018-03-28,11.25,11.300000190734863,11.25,11.300000190734863,9.30773639678955,31500.0
2018-03-29,11.300000190734863,11.350000381469727,11.289999961853027,11.319999694824219,9.324211120605469,40000.0
2018-04-02,11.350000381469727,11.350000381469727,11.260000228881836,11.3100004196167,9.315973281860352,60800.0
2018-04-03,11.3100004196167,11.350000381469727,11.3100004196167,11.350000381469727,9.348923683166504,26200.0
2018-04-04,11.359999656677246,11.369999885559082,11.319999694824219,11.34000015258789,9.340685844421387,38000.0
2018-04-05,11.359999656677246,11.369999885559082,11.3100004196167,11.34000015258789,9.340685844421387,34700.0
2018-04-06,11.399999618530273,11.4399995803833,11.369999885559082,11.40999984741211,9.398346900939941,41900.0
2018-04-09,11.40999984741211,11.449999809265137,11.359999656677246,11.449999809265137,9.431291580200195,42400.0
2018-04-10,11.510000228881836,11.510000228881836,11.420000076293945,11.460000038146973,9.439528465270996,55500.0
2018-04-11,11.479999542236328,11.520000457763672,11.479999542236328,11.479999542236328,9.455999374389648,33200.0
2018-04-12,11.520000457763672,11.520000457763672,11.470000267028809,11.5,9.472476959228516,12900.0
2018-04-13,11.470000267028809,11.5,11.430000305175781,11.430000305175781,9.459647178649902,28600.0
2018-04-16,11.369999885559082,11.479999542236328,11.34000015258789,11.34000015258789,9.385161399841309,46900.0
2018-04-17,11.34000015258789,11.380000114440918,11.260000228881836,11.270000457763672,9.327229499816895,39800.0
2018-04-18,11.270000457763672,11.300000190734863,11.239999771118164,11.239999771118164,9.302401542663574,40300.0
2018-04-19,11.25,11.270000457763672,11.09000015258789,11.270000457763672,9.327229499816895,39600.0
2018-04-20,11.270000457763672,11.279999732971191,11.229999542236328,11.239999771118164,9.302401542663574,35400.0
2018-04-23,11.199999809265137,11.279999732971191,11.170000076293945,11.199999809265137,9.269295692443848,60800.0
2018-04-24,11.229999542236328,11.279999732971191,11.180000305175781,11.180000305175781,9.252745628356934,38600.0
2018-04-25,11.149999618530273,11.1899995803833,11.119999885559082,11.1899995803833,9.26102066040039,46300.0
2018-04-26,11.15999984741211,11.220000267028809,11.149999618530273,11.180000305175781,9.252745628356934,28600.0
2018-04-27,11.1899995803833,11.260000228881836,11.1899995803833,11.210000038146973,9.277572631835938,24500.0
2018-04-30,11.229999542236328,11.300000190734863,11.199999809265137,11.25,9.310675621032715,45800.0
2018-05-01,11.239999771118164,11.3100004196167,11.239999771118164,11.300000190734863,9.352059364318848,34000.0
2018-05-02,11.289999961853027,11.329999923706055,11.229999542236328,11.270000457763672,9.327229499816895,24100.0
2018-05-03,11.289999961853027,11.399999618530273,11.289999961853027,11.3100004196167,9.360336303710938,16500.0
2018-05-04,11.34000015258789,11.359999656677246,11.3100004196167,11.319999694824219,9.368608474731445,9400.0
2018-05-07,11.3100004196167,11.350000381469727,11.270000457763672,11.319999694824219,9.368608474731445,34000.0
2018-05-08,11.289999961853027,11.350000381469727,11.1899995803833,11.260000228881836,9.318953514099121,49200.0
2018-05-09,11.239999771118164,11.25,11.180000305175781,11.180000305175781,9.252745628356934,41900.0
2018-05-10,11.229999542236328,11.260000228881836,11.199999809265137,11.260000228881836,9.318953514099121,26000.0
2018-05-11,11.25,11.270000457763672,11.210000038146973,11.220000267028809,9.285845756530762,35600.0
2018-05-14,11.199999809265137,11.260000228881836,11.170000076293945,11.239999771118164,9.34780502319336,64000.0
2018-05-15,11.170000076293945,11.199999809265137,11.170000076293945,11.170000076293945,9.289591789245605,77900.0
2018-05-16,11.199999809265137,11.229999542236328,11.140000343322754,11.149999618530273,9.272955894470215,37000.0
2018-05-17,11.170000076293945,11.180000305175781,11.149999618530273,11.15999984741211,9.281274795532227,36600.0
2018-05-18,11.140000343322754,11.220000267028809,11.140000343322754,11.149999618530273,9.272955894470215,28500.0
2018-05-21,11.199999809265137,11.220000267028809,11.130000114440918,11.170000076293945,9.289591789245605,28600.0
2018-05-22,11.1899995803833,11.1899995803833,11.119999885559082,11.15999984741211,9.281274795532227,25300.0
2018-05-23,11.220000267028809,11.239999771118164,11.15999984741211,11.1899995803833,9.306225776672363,29100.0
2018-05-24,11.229999542236328,11.25,11.210000038146973,11.229999542236328,9.339488983154297,29600.0
2018-05-25,11.25,11.300000190734863,11.210000038146973,11.270000457763672,9.372758865356445,31400.0
2018-05-29,11.279999732971191,11.350000381469727,11.260000228881836,11.350000381469727,9.439288139343262,38000.0
2018-05-30,11.350000381469727,11.350000381469727,11.25,11.319999694824219,9.414339065551758,43600.0
2018-05-31,11.34000015258789,11.380000114440918,11.319999694824219,11.359999656677246,9.447606086730957,41100.0
2018-06-01,11.319999694824219,11.380000114440918,11.289999961853027,11.34000015258789,9.430973052978516,29200.0
2018-06-04,11.359999656677246,11.359999656677246,11.300000190734863,11.34000015258789,9.430973052978516,29300.0
2018-06-05,11.329999923706055,11.350000381469727,11.289999961853027,11.350000381469727,9.439288139343262,35700.0
2018-06-06,11.289999961853027,11.34000015258789,11.289999961853027,11.319999694824219,9.414339065551758,13700.0
2018-06-07,11.350000381469727,11.359999656677246,11.289999961853027,11.359999656677246,9.447606086730957,33700.0
2018-06-08,11.350000381469727,11.350000381469727,11.279999732971191,11.329999923706055,9.422657012939453,33400.0
2018-06-11,11.34000015258789,11.350000381469727,11.289999961853027,11.300000190734863,9.397706985473633,14600.0
2018-06-12,11.279999732971191,11.300000190734863,11.229999542236328,11.25,9.356123924255371,29200.0
2018-06-13,11.239999771118164,11.329999923706055,11.239999771118164,11.319999694824219,9.414339065551758,21100.0
2018-06-14,11.279999732971191,11.279999732971191,11.229999542236328,11.25,9.401387214660645,16200.0
2018-06-15,11.260000228881836,11.359999656677246,11.229999542236328,11.25,9.401387214660645,22500.0
2018-06-18,11.25,11.289999961853027,11.210000038146973,11.25,9.401387214660645,32800.0
2018-06-19,11.3100004196167,11.3100004196167,11.220000267028809,11.289999961853027,9.43481159210205,28700.0
2018-06-20,11.270000457763672,11.3100004196167,11.25,11.25,9.401387214660645,27900.0
2018-06-21,11.279999732971191,11.319999694824219,11.260000228881836,11.319999694824219,9.459883689880371,34700.0
2018-06-22,11.350000381469727,11.350000381469727,11.300000190734863,11.319999694824219,9.459883689880371,17800.0
2018-06-25,11.329999923706055,11.329999923706055,11.289999961853027,11.300000190734863,9.443168640136719,12500.0
2018-06-26,11.300000190734863,11.300000190734863,11.260000228881836,11.270000457763672,9.41810131072998,27600.0
2018-06-27,11.270000457763672,11.319999694824219,11.239999771118164,11.25,9.401387214660645,30100.0
2018-06-28,11.289999961853027,11.34000015258789,11.260000228881836,11.260000228881836,9.409744262695312,46300.0
2018-06-29,11.329999923706055,11.329999923706055,11.229999542236328,11.279999732971191,9.426456451416016,56300.0
2018-07-02,11.319999694824219,11.34000015258789,11.239999771118164,11.239999771118164,9.39302921295166,55400.0
2018-07-03,11.319999694824219,11.319999694824219,11.239999771118164,11.239999771118164,9.39302921295166,32700.0
2018-07-05,11.279999732971191,11.319999694824219,11.210000038146973,11.210000038146973,9.367959976196289,49800.0
2018-07-06,11.199999809265137,11.239999771118164,11.180000305175781,11.229999542236328,9.384674072265625,48000.0
2018-07-09,11.239999771118164,11.239999771118164,11.1899995803833,11.1899995803833,9.351247787475586,19200.0
2018-07-10,11.180000305175781,11.229999542236328,11.180000305175781,11.220000267028809,9.376314163208008,39200.0
2018-07-11,11.210000038146973,11.239999771118164,11.199999809265137,11.220000267028809,9.376314163208008,32400.0
2018-07-12,11.239999771118164,11.260000228881836,11.210000038146973,11.260000228881836,9.409744262695312,28100.0
2018-07-13,11.199999809265137,11.220000267028809,11.180000305175781,11.1899995803833,9.396728515625,31300.0
2018-07-16,11.220000267028809,11.229999542236328,11.210000038146973,11.229999542236328,9.430316925048828,42300.0
2018-07-17,11.25,11.260000228881836,11.210000038146973,11.25,9.447112083435059,40900.0
2018-07-18,11.229999542236328,11.25,11.199999809265137,11.220000267028809,9.421917915344238,26700.0
2018-07-19,11.25,11.25,11.220000267028809,11.229999542236328,9.430316925048828,33800.0
2018-07-20,11.229999542236328,11.229999542236328,11.199999809265137,11.229999542236328,9.430316925048828,31700.0
2018-07-23,11.229999542236328,11.289999961853027,11.229999542236328,11.239999771118164,9.438714027404785,58300.0
2018-07-24,11.25,11.270000457763672,11.210000038146973,11.270000457763672,9.463908195495605,39700.0
2018-07-25,11.300000190734863,11.300000190734863,11.239999771118164,11.239999771118164,9.438714027404785,24700.0
2018-07-26,11.210000038146973,11.260000228881836,11.1899995803833,11.1899995803833,9.396728515625,20700.0
2018-07-27,11.229999542236328,11.270000457763672,11.1899995803833,11.1899995803833,9.396728515625,46500.0
2018-07-30,11.229999542236328,11.25,11.1899995803833,11.239999771118164,9.438714027404785,47400.0
2018-07-31,11.229999542236328,11.260000228881836,11.210000038146973,11.25,9.447112083435059,41800.0
2018-08-01,11.260000228881836,11.3100004196167,11.220000267028809,11.3100004196167,9.49749755859375,55800.0
2018-08-02,11.270000457763672,11.350000381469727,11.260000228881836,11.300000190734863,9.489097595214844,27700.0
2018-08-03,11.300000190734863,11.369999885559082,11.300000190734863,11.319999694824219,9.50589370727539,27400.0
2018-08-06,11.319999694824219,11.350000381469727,11.25,11.270000457763672,9.463908195495605,42900.0
2018-08-07,11.329999923706055,11.329999923706055,11.260000228881836,11.260000228881836,9.455510139465332,19300.0
2018-08-08,11.260000228881836,11.329999923706055,11.239999771118164,11.279999732971191,9.47230339050293,23400.0
2018-08-09,11.279999732971191,11.34000015258789,11.229999542236328,11.260000228881836,9.455510139465332,37300.0
2018-08-10,11.270000457763672,11.350000381469727,11.260000228881836,11.300000190734863,9.489097595214844,48200.0
2018-08-13,11.289999961853027,11.350000381469727,11.289999961853027,11.319999694824219,9.50589370727539,34600.0
2018-08-14,11.3100004196167,11.319999694824219,11.270000457763672,11.270000457763672,9.509692192077637,22000.0
2018-08-15,11.289999961853027,11.369999885559082,11.270000457763672,11.34000015258789,9.568758964538574,61800.0
2018-08-16,11.350000381469727,11.369999885559082,11.300000190734863,11.350000381469727,9.577195167541504,41000.0
2018-08-17,11.350000381469727,11.350000381469727,11.329999923706055,11.34000015258789,9.568758964538574,41600.0
2018-08-20,11.359999656677246,11.359999656677246,11.329999923706055,11.350000381469727,9.577195167541504,30400.0
2018-08-21,11.350000381469727,11.4399995803833,11.350000381469727,11.399999618530273,9.619385719299316,31600.0
2018-08-22,11.390000343322754,11.420000076293945,11.380000114440918,11.380000114440918,9.60251235961914,40700.0
2018-08-23,11.390000343322754,11.399999618530273,11.369999885559082,11.390000343322754,9.61094856262207,24100.0
2018-08-24,11.380000114440918,11.5,11.380000114440918,11.460000038146973,9.670015335083008,36800.0
2018-08-27,11.479999542236328,11.479999542236328,11.40999984741211,11.449999809265137,9.661576271057129,20400.0
2018-08-28,11.420000076293945,11.449999809265137,11.380000114440918,11.449999809265137,9.661576271057129,18100.0
2018-08-29,11.449999809265137,11.489999771118164,11.40999984741211,11.479999542236328,9.686888694763184,19900.0
2018-08-30,11.470000267028809,11.529999732971191,11.4399995803833,11.479999542236328,9.686888694763184,36700.0
2018-08-31,11.550000190734863,11.609999656677246,11.470000267028809,11.539999961853027,9.737520217895508,29600.0
2018-09-04,11.600000381469727,11.640000343322754,11.5,11.5600004196167,9.75439453125,44300.0
2018-09-05,11.5600004196167,11.5600004196167,11.40999984741211,11.479999542236328,9.686888694763184,63000.0
2018-09-06,11.510000228881836,11.510000228881836,11.420000076293945,11.470000267028809,9.678452491760254,36600.0
2018-09-07,11.430000305175781,11.65999984741211,11.430000305175781,11.600000381469727,9.788146018981934,39600.0
2018-09-10,11.619999885559082,11.710000038146973,11.609999656677246,11.699999809265137,9.87253189086914,51400.0
2018-09-11,11.670000076293945,11.8100004196167,11.649999618530273,11.75,9.914721488952637,41200.0
2018-09-12,11.699999809265137,11.760000228881836,11.6899995803833,11.75,9.914721488952637,22900.0
2018-09-13,11.75,11.770000457763672,11.670000076293945,11.699999809265137,9.918532371520996,20500.0
2018-09-14,11.640000343322754,11.649999618530273,11.579999923706055,11.609999656677246,9.842236518859863,35400.0
2018-09-17,11.529999732971191,11.529999732971191,11.390000343322754,11.430000305175781,9.689642906188965,36900.0
2018-09-18,11.319999694824219,11.390000343322754,11.270000457763672,11.289999961853027,9.570959091186523,25700.0
2018-09-19,11.359999656677246,11.420000076293945,11.34000015258789,11.399999618530273,9.664212226867676,15900.0
2018-09-20,11.390000343322754,11.4399995803833,11.359999656677246,11.390000343322754,9.655735969543457,35700.0
2018-09-21,11.369999885559082,11.430000305175781,11.369999885559082,11.430000305175781,9.689642906188965,7200.0
2018-09-24,11.40999984741211,11.470000267028809,11.40999984741211,11.470000267028809,9.723552703857422,63600.0
2018-09-25,11.4399995803833,11.479999542236328,11.399999618530273,11.40999984741211,9.672688484191895,63500.0
2018-09-26,11.399999618530273,11.4399995803833,11.350000381469727,11.380000114440918,9.647255897521973,49300.0
2018-09-27,11.329999923706055,11.350000381469727,11.279999732971191,11.300000190734863,9.579438209533691,34900.0
2018-09-28,11.300000190734863,11.350000381469727,11.279999732971191,11.279999732971191,9.562483787536621,14100.0
2018-10-01,11.350000381469727,11.399999618530273,11.329999923706055,11.380000114440918,9.647255897521973,50300.0
2018-10-02,11.369999885559082,11.390000343322754,11.279999732971191,11.279999732971191,9.562483787536621,35100.0
2018-10-03,11.319999694824219,11.319999694824219,11.15999984741211,11.180000305175781,9.47770881652832,38700.0
2018-10-04,11.140000343322754,11.270000457763672,10.899999618530273,10.970000267028809,9.29968547821045,93400.0
2018-10-05,10.90999984741211,11.020000457763672,10.8100004196167,10.829999923706055,9.180998802185059,77700.0
2018-10-08,10.859999656677246,11.010000228881836,10.789999961853027,10.84000015258789,9.189480781555176,75200.0
2018-10-09,11.050000190734863,11.050000190734863,10.850000381469727,10.899999618530273,9.240344047546387,77500.0
2018-10-10,10.829999923706055,10.869999885559082,10.819999694824219,10.869999885559082,9.214911460876465,42700.0
2018-10-11,10.819999694824219,11.130000114440918,10.789999961853027,10.989999771118164,9.316638946533203,116300.0
2018-10-12,10.970000267028809,11.010000228881836,10.920000076293945,11.010000228881836,9.380111694335938,37000.0
2018-10-15,10.979999542236328,11.09000015258789,10.960000038146973,11.0,9.371587753295898,22800.0
2018-10-16,11.079999923706055,11.079999923706055,10.979999542236328,11.020000457763672,9.388628959655762,21600.0
2018-10-17,10.979999542236328,11.0,10.899999618530273,10.899999618530273,9.286394119262695,50100.0
2018-10-18,10.859999656677246,10.920000076293945,10.800000190734863,10.8100004196167,9.20971965789795,50000.0
2018-10-19,10.8100004196167,10.8100004196167,10.710000038146973,10.75,9.158598899841309,55300.0
2018-10-22,10.739999771118164,10.760000228881836,10.699999809265137,10.760000228881836,9.167119026184082,36000.0
2018-10-23,10.770000457763672,10.789999961853027,10.699999809265137,10.710000038146973,9.12452220916748,64500.0
2018-10-24,10.710000038146973,10.760000228881836,10.6899995803833,10.75,9.158598899841309,98000.0
2018-10-25,10.710000038146973,10.729999542236328,10.649999618530273,10.699999809265137,9.11600399017334,52800.0
2018-10-26,10.6899995803833,10.819999694824219,10.680000305175781,10.699999809265137,9.11600399017334,52800.0
2018-10-29,10.6899995803833,10.699999809265137,10.600000381469727,10.630000114440918,9.056365966796875,52500.0
2018-10-30,10.569999694824219,10.630000114440918,10.520000457763672,10.630000114440918,9.056365966796875,99600.0
2018-10-31,10.5600004196167,10.619999885559082,10.5,10.619999885559082,9.047842979431152,81700.0
2018-11-01,10.579999923706055,10.720000267028809,10.579999923706055,10.670000076293945,9.09044361114502,119800.0
2018-11-02,10.640000343322754,10.680000305175781,10.619999885559082,10.640000343322754,9.0648832321167,47500.0
2018-11-05,10.640000343322754,10.739999771118164,10.640000343322754,10.699999809265137,9.11600399017334,57800.0
2018-11-06,10.699999809265137,10.8100004196167,10.6899995803833,10.8100004196167,9.20971965789795,112600.0
2018-11-07,10.800000190734863,11.010000228881836,10.770000457763672,10.979999542236328,9.354551315307617,79700.0
2018-11-08,10.930000305175781,11.130000114440918,10.930000305175781,11.119999885559082,9.47382640838623,47700.0
2018-11-09,11.180000305175781,11.279999732971191,11.109999656677246,11.229999542236328,9.567540168762207,51300.0
2018-11-12,11.260000228881836,11.34000015258789,11.229999542236328,11.319999694824219,9.644217491149902,20800.0
2018-11-13,11.420000076293945,11.510000228881836,11.319999694824219,11.510000228881836,9.80609130859375,38200.0
2018-11-14,11.460000038146973,11.550000190734863,11.34000015258789,11.5,9.844182968139648,39500.0
2018-11-15,11.5,11.529999732971191,10.979999542236328,11.020000457763672,9.433295249938965,89800.0
2018-11-16,11.039999961853027,11.050000190734863,10.859999656677246,10.949999809265137,9.373374938964844,90000.0
2018-11-19,10.979999542236328,10.979999542236328,10.779999732971191,10.8100004196167,9.253535270690918,84500.0
2018-11-20,10.779999732971191,10.800000190734863,10.65999984741211,10.729999542236328,9.185050010681152,113500.0
2018-11-21,10.75,10.819999694824219,10.649999618530273,10.680000305175781,9.142251968383789,98400.0
2018-11-23,10.699999809265137,10.779999732971191,10.670000076293945,10.670000076293945,9.13369083404541,34500.0
2018-11-26,10.720000267028809,10.880000114440918,10.720000267028809,10.800000190734863,9.244972229003906,41500.0
2018-11-27,10.800000190734863,10.84000015258789,10.789999961853027,10.819999694824219,9.262094497680664,67000.0
2018-11-28,10.829999923706055,10.9399995803833,10.829999923706055,10.9399995803833,9.364814758300781,84200.0
2018-11-29,11.050000190734863,11.0600004196167,10.970000267028809,11.0,9.416172981262207,73500.0
2018-11-30,11.0,11.069999694824219,10.949999809265137,11.069999694824219,9.476096153259277,100100.0
2018-12-03,11.09000015258789,11.1899995803833,11.039999961853027,11.180000305175781,9.570260047912598,56900.0
2018-12-04,11.180000305175781,11.300000190734863,11.15999984741211,11.289999961853027,9.664421081542969,69300.0
2018-12-06,11.279999732971191,11.300000190734863,11.15999984741211,11.260000228881836,9.638741493225098,102200.0
2018-12-07,11.180000305175781,11.300000190734863,11.180000305175781,11.300000190734863,9.672982215881348,47000.0
2018-12-10,11.300000190734863,11.5,11.279999732971191,11.289999961853027,9.664421081542969,81500.0
2018-12-11,11.3100004196167,11.34000015258789,11.210000038146973,11.279999732971191,9.655860900878906,30000.0
2018-12-12,11.239999771118164,11.239999771118164,11.140000343322754,11.15999984741211,9.553906440734863,49000.0
2018-12-13,11.15999984741211,11.170000076293945,11.029999732971191,11.029999732971191,9.442614555358887,41900.0
2018-12-14,11.020000457763672,11.09000015258789,10.920000076293945,10.960000038146973,9.382686614990234,55800.0
2018-12-17,10.90999984741211,10.989999771118164,10.779999732971191,10.859999656677246,9.297079086303711,96100.0
2018-12-18,10.789999961853027,10.890000343322754,10.760000228881836,10.789999961853027,9.237154960632324,79000.0
2018-12-19,10.8100004196167,10.949999809265137,10.75,10.829999923706055,9.27139663696289,68900.0
2018-12-20,10.8100004196167,10.899999618530273,10.739999771118164,10.819999694824219,9.262838363647461,90500.0
2018-12-21,10.779999732971191,10.949999809265137,10.760000228881836,10.859999656677246,9.297079086303711,87700.0
2018-12-24,10.949999809265137,10.949999809265137,10.8100004196167,10.859999656677246,9.297079086303711,24000.0
2018-12-26,10.819999694824219,10.84000015258789,10.6899995803833,10.699999809265137,9.160106658935547,118200.0
2018-12-27,10.720000267028809,10.770000457763672,10.550000190734863,10.630000114440918,9.100181579589844,180700.0
2018-12-28,10.619999885559082,10.710000038146973,10.609999656677246,10.630000114440918,9.100181579589844,116700.0
2018-12-31,10.649999618530273,10.729999542236328,10.619999885559082,10.670000076293945,9.134424209594727,113700.0
2019-01-02,10.680000305175781,10.880000114440918,10.680000305175781,10.869999885559082,9.30564022064209,72300.0
2019-01-03,10.920000076293945,11.020000457763672,10.90999984741211,11.010000228881836,9.425492286682129,75900.0
2019-01-04,10.989999771118164,11.0600004196167,10.890000343322754,10.979999542236328,9.399808883666992,63400.0
2019-01-07,11.029999732971191,11.100000381469727,11.029999732971191,11.100000381469727,9.502541542053223,38900.0
2019-01-08,11.170000076293945,11.1899995803833,11.119999885559082,11.15999984741211,9.553906440734863,53800.0
2019-01-09,11.199999809265137,11.199999809265137,11.119999885559082,11.1899995803833,9.579586029052734,42400.0
2019-01-10,11.239999771118164,11.319999694824219,11.1899995803833,11.289999961853027,9.665196418762207,69000.0
2019-01-11,11.34000015258789,11.399999618530273,11.300000190734863,11.399999618530273,9.759363174438477,41100.0
2019-01-14,11.350000381469727,11.40999984741211,11.279999732971191,11.369999885559082,9.776992797851562,20800.0
2019-01-15,11.390000343322754,11.399999618530273,11.350000381469727,11.369999885559082,9.776992797851562,22500.0
2019-01-16,11.319999694824219,11.359999656677246,11.279999732971191,11.350000381469727,9.759796142578125,39500.0
2019-01-17,11.359999656677246,11.359999656677246,11.279999732971191,11.34000015258789,9.75119686126709,19500.0
2019-01-18,11.350000381469727,11.359999656677246,11.300000190734863,11.359999656677246,9.768394470214844,50700.0
2019-01-22,11.350000381469727,11.40999984741211,11.319999694824219,11.34000015258789,9.75119686126709,39500.0
2019-01-23,11.350000381469727,11.369999885559082,11.34000015258789,11.359999656677246,9.768394470214844,17700.0
2019-01-24,11.390000343322754,11.479999542236328,11.380000114440918,11.460000038146973,9.85438346862793,21900.0
2019-01-25,11.489999771118164,11.489999771118164,11.4399995803833,11.449999809265137,9.845786094665527,15400.0
2019-01-28,11.460000038146973,11.470000267028809,11.380000114440918,11.430000305175781,9.82858657836914,25500.0
2019-01-29,11.479999542236328,11.489999771118164,11.380000114440918,11.4399995803833,9.837186813354492,61000.0
2019-01-30,11.470000267028809,11.539999961853027,11.399999618530273,11.539999961853027,9.923175811767578,45000.0
2019-01-31,11.489999771118164,11.59000015258789,11.489999771118164,11.539999961853027,9.923175811767578,30900.0
2019-02-01,11.550000190734863,11.640000343322754,11.550000190734863,11.640000343322754,10.009166717529297,34400.0
2019-02-04,11.649999618530273,11.670000076293945,11.600000381469727,11.670000076293945,10.03496265411377,35500.0
2019-02-05,11.680000305175781,11.680000305175781,11.529999732971191,11.5600004196167,9.940375328063965,39700.0
2019-02-06,11.550000190734863,11.670000076293945,11.479999542236328,11.489999771118164,9.880180358886719,29500.0
2019-02-07,11.449999809265137,11.5,11.329999923706055,11.329999923706055,9.742600440979004,74000.0
2019-02-08,11.329999923706055,11.40999984741211,11.329999923706055,11.359999656677246,9.768394470214844,78700.0
2019-02-11,11.359999656677246,11.399999618530273,11.34000015258789,11.369999885559082,9.776992797851562,19500.0
2019-02-12,11.369999885559082,11.399999618530273,11.350000381469727,11.380000114440918,9.785594940185547,32600.0
2019-02-13,11.329999923706055,11.390000343322754,11.329999923706055,11.390000343322754,9.794189453125,29000.0
2019-02-14,11.350000381469727,11.369999885559082,11.34000015258789,11.369999885559082,9.820533752441406,16900.0
2019-02-15,11.40999984741211,11.40999984741211,11.350000381469727,11.380000114440918,9.82917594909668,15200.0
2019-02-19,11.449999809265137,11.449999809265137,11.350000381469727,11.399999618530273,9.846445083618164,28900.0
2019-02-20,11.449999809265137,11.460000038146973,11.390000343322754,11.460000038146973,9.898272514343262,38900.0
2019-02-21,11.479999542236328,11.479999542236328,11.420000076293945,11.449999809265137,9.889634132385254,56000.0
2019-02-22,11.460000038146973,11.479999542236328,11.420000076293945,11.470000267028809,9.90690803527832,41000.0
2019-02-25,11.489999771118164,11.489999771118164,11.4399995803833,11.479999542236328,9.915541648864746,36800.0
2019-02-26,11.489999771118164,11.510000228881836,11.449999809265137,11.489999771118164,9.924181938171387,28600.0
2019-02-27,11.470000267028809,11.600000381469727,11.460000038146973,11.529999732971191,9.958730697631836,26800.0
2019-02-28,11.539999961853027,11.550000190734863,11.479999542236328,11.529999732971191,9.958730697631836,38400.0
2019-03-01,11.550000190734863,11.619999885559082,11.529999732971191,11.579999923706055,10.001916885375977,38200.0
2019-03-04,11.569999694824219,11.739999771118164,11.569999694824219,11.739999771118164,10.140111923217773,61700.0
2019-03-05,11.680000305175781,11.989999771118164,11.680000305175781,11.819999694824219,10.209211349487305,46400.0
2019-03-06,11.850000381469727,11.989999771118164,11.800000190734863,11.90999984741211,10.286941528320312,22500.0
2019-03-07,11.9399995803833,11.989999771118164,11.880000114440918,11.90999984741211,10.286941528320312,32400.0
2019-03-08,11.899999618530273,12.029999732971191,11.899999618530273,11.90999984741211,10.286941528320312,48500.0
2019-03-11,11.989999771118164,11.989999771118164,11.949999809265137,11.970000267028809,10.338768005371094,21600.0
2019-03-12,12.0,12.010000228881836,11.920000076293945,11.949999809265137,10.321494102478027,23300.0
2019-03-13,12.0600004196167,12.09000015258789,12.010000228881836,12.050000190734863,10.407865524291992,17000.0
2019-03-14,12.010000228881836,12.010000228881836,11.9399995803833,11.949999809265137,10.364933013916016,13000.0
2019-03-15,12.0,12.0,11.859999656677246,11.859999656677246,10.286870956420898,29800.0
2019-03-18,11.8100004196167,11.880000114440918,11.760000228881836,11.779999732971191,10.217479705810547,39000.0
2019-03-19,11.760000228881836,11.8100004196167,11.760000228881836,11.800000190734863,10.234825134277344,25800.0
2019-03-20,11.770000457763672,11.890000343322754,11.760000228881836,11.880000114440918,10.304215431213379,38000.0
2019-03-21,11.890000343322754,11.989999771118164,11.880000114440918,11.989999771118164,10.399626731872559,77000.0
2019-03-22,11.989999771118164,12.149999618530273,11.989999771118164,12.09000015258789,10.486363410949707,45100.0
2019-03-25,12.069999694824219,12.140000343322754,12.020000457763672,12.100000381469727,10.495036125183105,26300.0
2019-03-26,12.079999923706055,12.130000114440918,12.0600004196167,12.0600004196167,10.460342407226562,13600.0
2019-03-27,12.069999694824219,12.289999961853027,12.020000457763672,12.1899995803833,10.573099136352539,49400.0
2019-03-28,12.260000228881836,12.369999885559082,12.180000305175781,12.34000015258789,10.703202247619629,49000.0
2019-03-29,12.300000190734863,12.350000381469727,12.210000038146973,12.239999771118164,10.61646556854248,31200.0
2019-04-01,12.279999732971191,12.369999885559082,12.220000267028809,12.260000228881836,10.63381290435791,82200.0
2019-04-02,12.25,12.359999656677246,12.180000305175781,12.180000305175781,10.564430236816406,45200.0
2019-04-03,12.1899995803833,12.25,11.979999542236328,12.0600004196167,10.460342407226562,75500.0
2019-04-04,12.020000457763672,12.109999656677246,11.960000038146973,11.989999771118164,10.399626731872559,85000.0
2019-04-05,11.970000267028809,11.970000267028809,11.9399995803833,11.949999809265137,10.364933013916016,46900.0
2019-04-08,11.960000038146973,11.960000038146973,11.899999618530273,11.930000305175781,10.34758472442627,33200.0
2019-04-09,11.960000038146973,12.050000190734863,11.930000305175781,12.029999732971191,10.434321403503418,49000.0
2019-04-10,12.039999961853027,12.09000015258789,12.020000457763672,12.029999732971191,10.434321403503418,25100.0
2019-04-11,11.979999542236328,12.069999694824219,11.979999542236328,12.029999732971191,10.434321403503418,27200.0
2019-04-12,11.979999542236328,12.010000228881836,11.930000305175781,11.960000038146973,10.417335510253906,20100.0
2019-04-15,12.020000457763672,12.020000457763672,11.899999618530273,11.920000076293945,10.38249683380127,12400.0
2019-04-16,11.90999984741211,11.90999984741211,11.760000228881836,11.859999656677246,10.33023452758789,69700.0
2019-04-17,11.850000381469727,11.880000114440918,11.84000015258789,11.84000015258789,10.312814712524414,13800.0
2019-04-18,11.899999618530273,11.90999984741211,11.850000381469727,11.869999885559082,10.338945388793945,47700.0
2019-04-22,11.890000343322754,11.890000343322754,11.829999923706055,11.869999885559082,10.338945388793945,13200.0
2019-04-23,11.859999656677246,12.069999694824219,11.859999656677246,11.979999542236328,10.4347562789917,24300.0
2019-04-24,12.029999732971191,12.100000381469727,12.0,12.029999732971191,10.478306770324707,41400.0
2019-04-25,12.010000228881836,12.079999923706055,11.979999542236328,12.010000228881836,10.460885047912598,20100.0
2019-04-26,12.020000457763672,12.1899995803833,11.960000038146973,12.149999618530273,10.582829475402832,26900.0
2019-04-29,12.220000267028809,12.220000267028809,11.949999809265137,11.949999809265137,10.408626556396484,24500.0
2019-04-30,12.050000190734863,12.0600004196167,11.880000114440918,11.899999618530273,10.365074157714844,30800.0
2019-05-01,11.9399995803833,11.970000267028809,11.90999984741211,11.970000267028809,10.426046371459961,48000.0
2019-05-02,11.979999542236328,11.979999542236328,11.899999618530273,11.9399995803833,10.399913787841797,28300.0
2019-05-03,11.930000305175781,12.25,11.890000343322754,12.09000015258789,10.53056812286377,87600.0
2019-05-06,12.15999984741211,12.1899995803833,12.020000457763672,12.020000457763672,10.469596862792969,26700.0
2019-05-07,12.050000190734863,12.109999656677246,11.979999542236328,12.039999961853027,10.487020492553711,24900.0
2019-05-08,12.020000457763672,12.050000190734863,11.970000267028809,11.989999771118164,10.443467140197754,19700.0
2019-05-09,12.029999732971191,12.09000015258789,12.020000457763672,12.069999694824219,10.513145446777344,17100.0
2019-05-10,12.050000190734863,12.079999923706055,11.930000305175781,11.930000305175781,10.391206741333008,65300.0
2019-05-13,11.960000038146973,12.050000190734863,11.960000038146973,12.010000228881836,10.460885047912598,23000.0
2019-05-14,11.979999542236328,11.979999542236328,11.829999923706055,11.930000305175781,10.43508243560791,34200.0
2019-05-15,11.949999809265137,11.979999542236328,11.899999618530273,11.930000305175781,10.43508243560791,37900.0
2019-05-16,11.9399995803833,12.0,11.890000343322754,11.920000076293945,10.426337242126465,28100.0
2019-05-17,11.899999618530273,11.949999809265137,11.890000343322754,11.899999618530273,10.408842086791992,14200.0
2019-05-20,11.899999618530273,11.949999809265137,11.869999885559082,11.869999885559082,10.38260269165039,16600.0
2019-05-21,11.899999618530273,11.930000305175781,11.829999923706055,11.850000381469727,10.365107536315918,20100.0
2019-05-22,11.819999694824219,11.890000343322754,11.819999694824219,11.850000381469727,10.365107536315918,34300.0
2019-05-23,11.859999656677246,11.890000343322754,11.859999656677246,11.859999656677246,10.37385368347168,27100.0
2019-05-24,11.869999885559082,11.890000343322754,11.800000190734863,11.84000015258789,10.35636043548584,103900.0
2019-05-28,11.859999656677246,11.9399995803833,11.850000381469727,11.890000343322754,10.40009593963623,34800.0
2019-05-29,11.90999984741211,11.970000267028809,11.899999618530273,11.920000076293945,10.426337242126465,44500.0
2019-05-30,11.930000305175781,11.960000038146973,11.899999618530273,11.930000305175781,10.43508243560791,18200.0
2019-05-31,11.949999809265137,11.989999771118164,11.930000305175781,11.970000267028809,10.47006893157959,19300.0
2019-06-03,11.949999809265137,12.0,11.949999809265137,11.979999542236328,10.478818893432617,33700.0
2019-06-04,11.989999771118164,12.050000190734863,11.989999771118164,12.0,10.496313095092773,36900.0
2019-06-05,12.0,12.029999732971191,11.979999542236328,11.989999771118164,10.487565994262695,31600.0
2019-06-06,12.010000228881836,12.039999961853027,12.0,12.039999961853027,10.531299591064453,26300.0
2019-06-07,12.069999694824219,12.140000343322754,12.0600004196167,12.140000343322754,10.618768692016602,33200.0
2019-06-10,12.130000114440918,12.149999618530273,12.100000381469727,12.149999618530273,10.62751579284668,14100.0
2019-06-11,12.149999618530273,12.15999984741211,12.010000228881836,12.130000114440918,10.610021591186523,56500.0
2019-06-12,12.140000343322754,12.199999809265137,12.109999656677246,12.180000305175781,10.653756141662598,39500.0
2019-06-13,12.130000114440918,12.229999542236328,12.109999656677246,12.220000267028809,10.733245849609375,24400.0
2019-06-14,12.229999542236328,12.3100004196167,12.229999542236328,12.3100004196167,10.812296867370605,34600.0
2019-06-17,12.300000190734863,12.300000190734863,12.270000457763672,12.279999732971191,10.7859468460083,18600.0
2019-06-18,12.3100004196167,12.3100004196167,12.260000228881836,12.3100004196167,10.812296867370605,30700.0
2019-06-19,12.3100004196167,12.420000076293945,12.229999542236328,12.34000015258789,10.83864688873291,34300.0
2019-06-20,12.380000114440918,12.630000114440918,12.380000114440918,12.579999923706055,11.049444198608398,39700.0
2019-06-21,12.600000381469727,12.600000381469727,12.25,12.260000228881836,10.768378257751465,35400.0
2019-06-24,12.329999923706055,12.5,12.329999923706055,12.5,10.979181289672852,24400.0
2019-06-25,12.460000038146973,12.59000015258789,12.390000343322754,12.470000267028809,10.952828407287598,35200.0
2019-06-26,12.539999961853027,12.5600004196167,12.489999771118164,12.520000457763672,10.996745109558105,22500.0
2019-06-27,12.520000457763672,12.569999694824219,12.470000267028809,12.5,10.979181289672852,29500.0
2019-06-28,12.539999961853027,12.630000114440918,12.449999809265137,12.630000114440918,11.093363761901855,52300.0
2019-07-01,12.75,12.75,12.539999961853027,12.59000015258789,11.0582275390625,58900.0
2019-07-02,12.619999885559082,12.720000267028809,12.609999656677246,12.720000267028809,11.172414779663086,44700.0
2019-07-03,12.75,12.75,12.539999961853027,12.680000305175781,11.137283325195312,40100.0
2019-07-05,12.619999885559082,12.6899995803833,12.449999809265137,12.529999732971191,11.005532264709473,43300.0
2019-07-08,12.550000190734863,12.569999694824219,12.449999809265137,12.460000038146973,10.944046020507812,38100.0
2019-07-09,12.489999771118164,12.510000228881836,12.449999809265137,12.470000267028809,10.952828407287598,23500.0
2019-07-10,12.59000015258789,12.619999885559082,12.529999732971191,12.59000015258789,11.0582275390625,48000.0
2019-07-11,12.649999618530273,12.699999809265137,12.640000343322754,12.640000343322754,11.102147102355957,37600.0
2019-07-12,12.630000114440918,12.65999984741211,12.510000228881836,12.569999694824219,11.08495044708252,37900.0
2019-07-15,12.59000015258789,12.649999618530273,12.520000457763672,12.520000457763672,11.04085636138916,48800.0
2019-07-16,12.529999732971191,12.569999694824219,12.5,12.529999732971191,11.049674987792969,19500.0
2019-07-17,12.529999732971191,12.5600004196167,12.479999542236328,12.520000457763672,11.04085636138916,16400.0
2019-07-18,12.579999923706055,12.579999923706055,12.510000228881836,12.569999694824219,11.08495044708252,20200.0
2019-07-19,12.569999694824219,12.680000305175781,12.520000457763672,12.5600004196167,11.076130867004395,24800.0
2019-07-22,12.619999885559082,12.619999885559082,12.470000267028809,12.5,11.023221969604492,62700.0
2019-07-23,12.5,12.5600004196167,12.430000305175781,12.460000038146973,10.987945556640625,74000.0
2019-07-24,12.489999771118164,12.529999732971191,12.399999618530273,12.449999809265137,10.979126930236816,49600.0
2019-07-25,12.40999984741211,12.4399995803833,12.380000114440918,12.40999984741211,10.943849563598633,56300.0
2019-07-26,12.390000343322754,12.420000076293945,12.329999923706055,12.350000381469727,10.890941619873047,62200.0
2019-07-29,12.380000114440918,12.510000228881836,12.329999923706055,12.510000228881836,11.032036781311035,50800.0
2019-07-30,12.529999732971191,12.739999771118164,12.510000228881836,12.710000038146973,11.208409309387207,74800.0
2019-07-31,12.739999771118164,12.960000038146973,12.630000114440918,12.880000114440918,11.358325958251953,54500.0
2019-08-01,12.890000343322754,12.970000267028809,12.859999656677246,12.970000267028809,11.437694549560547,72900.0
2019-08-02,12.989999771118164,13.010000228881836,12.930000305175781,12.930000305175781,11.402420043945312,40700.0
2019-08-05,13.0,13.010000228881836,12.890000343322754,12.9399995803833,11.411235809326172,39000.0
2019-08-06,12.949999809265137,12.989999771118164,12.930000305175781,12.979999542236328,11.446512222290039,16900.0
2019-08-07,12.989999771118164,13.050000190734863,12.960000038146973,12.970000267028809,11.437694549560547,18900.0
2019-08-08,13.029999732971191,13.029999732971191,12.90999984741211,12.920000076293945,11.39360237121582,23700.0
2019-08-09,12.970000267028809,13.069999694824219,12.880000114440918,12.930000305175781,11.402420043945312,45800.0
2019-08-12,13.020000457763672,13.029999732971191,12.90999984741211,12.9399995803833,11.411235809326172,41200.0
2019-08-13,13.0,13.0600004196167,12.930000305175781,12.989999771118164,11.455330848693848,27300.0
2019-08-14,13.020000457763672,13.029999732971191,12.850000381469727,12.880000114440918,11.402656555175781,57700.0
2019-08-15,12.9399995803833,12.979999542236328,12.84000015258789,12.859999656677246,11.38494873046875,50000.0
2019-08-16,12.869999885559082,12.979999542236328,12.8100004196167,12.979999542236328,11.491185188293457,65900.0
2019-08-19,12.970000267028809,12.979999542236328,12.8100004196167,12.920000076293945,11.438065528869629,37100.0
2019-08-20,12.979999542236328,12.989999771118164,12.899999618530273,12.90999984741211,11.42921257019043,21200.0
2019-08-21,12.930000305175781,12.930000305175781,12.770000457763672,12.819999694824219,11.34953498840332,38100.0
2019-08-22,12.800000190734863,12.859999656677246,12.760000228881836,12.819999694824219,11.34953498840332,31200.0
2019-08-23,12.819999694824219,12.880000114440918,12.779999732971191,12.850000381469727,11.376096725463867,31200.0
2019-08-26,12.869999885559082,12.899999618530273,12.819999694824219,12.859999656677246,11.38494873046875,25400.0
2019-08-27,12.869999885559082,12.880000114440918,12.8100004196167,12.869999885559082,11.393802642822266,26400.0
2019-08-28,12.920000076293945,13.050000190734863,12.890000343322754,13.050000190734863,11.553155899047852,36200.0
2019-08-29,13.079999923706055,13.100000381469727,13.020000457763672,13.100000381469727,11.597420692443848,48000.0
2019-08-30,13.0600004196167,13.119999885559082,13.0600004196167,13.119999885559082,11.61512565612793,39000.0
2019-09-03,13.140000343322754,13.140000343322754,13.079999923706055,13.119999885559082,11.61512565612793,15000.0
2019-09-04,13.119999885559082,13.149999618530273,13.0600004196167,13.149999618530273,11.64168643951416,17700.0
2019-09-05,13.140000343322754,13.1899995803833,13.050000190734863,13.180000305175781,11.668243408203125,30900.0
2019-09-06,13.229999542236328,13.329999923706055,13.15999984741211,13.3100004196167,11.783334732055664,29000.0
2019-09-09,13.260000228881836,13.270000457763672,13.069999694824219,13.1899995803833,11.67709732055664,37400.0
2019-09-10,13.25,13.350000381469727,13.15999984741211,13.15999984741211,11.650540351867676,19700.0
2019-09-11,13.220000267028809,13.239999771118164,13.0600004196167,13.09000015258789,11.588566780090332,35100.0
2019-09-12,13.079999923706055,13.079999923706055,12.720000267028809,12.770000457763672,11.305272102355957,86900.0
2019-09-13,12.699999809265137,12.710000038146973,12.319999694824219,12.399999618530273,11.0212984085083,76900.0
2019-09-16,12.4399995803833,12.460000038146973,12.380000114440918,12.420000076293945,11.039071083068848,34200.0
2019-09-17,12.449999809265137,12.539999961853027,12.380000114440918,12.460000038146973,11.07462215423584,26300.0
2019-09-18,12.489999771118164,12.5600004196167,12.359999656677246,12.449999809265137,11.065736770629883,35200.0
2019-09-19,12.569999694824219,12.59000015258789,12.520000457763672,12.59000015258789,11.190169334411621,18700.0
2019-09-20,12.699999809265137,12.699999809265137,12.5600004196167,12.640000343322754,11.234612464904785,31900.0
2019-09-23,12.699999809265137,12.710000038146973,12.640000343322754,12.670000076293945,11.26127815246582,22900.0
2019-09-24,12.75,12.75,12.680000305175781,12.720000267028809,11.305716514587402,13200.0
2019-09-25,12.680000305175781,12.75,12.619999885559082,12.640000343322754,11.234612464904785,12200.0
2019-09-26,12.65999984741211,12.6899995803833,12.59000015258789,12.670000076293945,11.26127815246582,10800.0
2019-09-27,12.65999984741211,12.699999809265137,12.600000381469727,12.65999984741211,11.252387046813965,17900.0
2019-09-30,12.630000114440918,12.699999809265137,12.619999885559082,12.619999885559082,11.216833114624023,29600.0
2019-10-01,12.65999984741211,12.800000190734863,12.65999984741211,12.779999732971191,11.359044075012207,31400.0
2019-10-02,12.869999885559082,12.890000343322754,12.800000190734863,12.890000343322754,11.45681381225586,31700.0
2019-10-03,12.84000015258789,12.9399995803833,12.829999923706055,12.920000076293945,11.483479499816895,10100.0
2019-10-04,12.960000038146973,13.0,12.90999984741211,12.930000305175781,11.492365837097168,9600.0
2019-10-07,12.970000267028809,12.970000267028809,12.930000305175781,12.930000305175781,11.492365837097168,17600.0
2019-10-08,13.0,13.289999961853027,12.9399995803833,13.039999961853027,11.590134620666504,31800.0
2019-10-09,13.09000015258789,13.3100004196167,13.050000190734863,13.25,11.776787757873535,29700.0
2019-10-10,13.25,13.25,13.09000015258789,13.239999771118164,11.767898559570312,18800.0
2019-10-11,13.15999984741211,13.210000038146973,13.079999923706055,13.149999618530273,11.732660293579102,32600.0
2019-10-14,13.199999809265137,13.199999809265137,13.050000190734863,13.069999694824219,11.661279678344727,24000.0
2019-10-15,13.119999885559082,13.130000114440918,12.979999542236328,13.0,11.598823547363281,34000.0
2019-10-16,12.979999542236328,13.069999694824219,12.949999809265137,12.970000267028809,11.572056770324707,28000.0
2019-10-17,13.020000457763672,13.020000457763672,12.9399995803833,12.970000267028809,11.572056770324707,28100.0
2019-10-18,12.970000267028809,12.970000267028809,12.84000015258789,12.850000381469727,11.46499252319336,25400.0
2019-10-21,12.880000114440918,12.880000114440918,12.710000038146973,12.729999542236328,11.357925415039062,38600.0
2019-10-22,12.800000190734863,12.850000381469727,12.710000038146973,12.710000038146973,11.340083122253418,26500.0
2019-10-23,12.760000228881836,12.829999923706055,12.699999809265137,12.699999809265137,11.331159591674805,24400.0
2019-10-24,12.739999771118164,12.779999732971191,12.649999618530273,12.649999618530273,11.286548614501953,23400.0
2019-10-25,12.6899995803833,12.710000038146973,12.5600004196167,12.569999694824219,11.215170860290527,30400.0
2019-10-28,12.619999885559082,12.619999885559082,12.479999542236328,12.479999542236328,11.134871482849121,34300.0
2019-10-29,12.520000457763672,12.520000457763672,12.420000076293945,12.489999771118164,11.143793106079102,29500.0
2019-10-30,12.449999809265137,12.8100004196167,12.449999809265137,12.579999923706055,11.22409439086914,71800.0
2019-10-31,12.670000076293945,12.699999809265137,12.649999618530273,12.6899995803833,11.32223892211914,30400.0
2019-11-01,12.729999542236328,12.729999542236328,12.579999923706055,12.609999656677246,11.250859260559082,33500.0
2019-11-04,12.569999694824219,12.640000343322754,12.550000190734863,12.59000015258789,11.233016014099121,33300.0
2019-11-05,12.59000015258789,12.640000343322754,12.479999542236328,12.529999732971191,11.179482460021973,47100.0
2019-11-06,12.539999961853027,12.680000305175781,12.539999961853027,12.680000305175781,11.313316345214844,34300.0
2019-11-07,12.680000305175781,12.680000305175781,12.470000267028809,12.579999923706055,11.22409439086914,51400.0
2019-11-08,12.479999542236328,12.579999923706055,12.479999542236328,12.569999694824219,11.215170860290527,19200.0
2019-11-11,12.5,12.600000381469727,12.5,12.59000015258789,11.233016014099121,7300.0
2019-11-12,12.529999732971191,12.600000381469727,12.529999732971191,12.579999923706055,11.22409439086914,7300.0
2019-11-13,12.579999923706055,12.619999885559082,12.539999961853027,12.539999961853027,11.18840503692627,33600.0
2019-11-14,12.5,12.619999885559082,12.5,12.609999656677246,11.29634952545166,33100.0
2019-11-15,12.619999885559082,12.619999885559082,12.539999961853027,12.550000190734863,11.24260139465332,17200.0
2019-11-18,12.569999694824219,12.619999885559082,12.550000190734863,12.550000190734863,11.24260139465332,18100.0
2019-11-19,12.600000381469727,12.619999885559082,12.579999923706055,12.600000381469727,11.287395477294922,11700.0
2019-11-20,12.619999885559082,12.680000305175781,12.619999885559082,12.619999885559082,11.305309295654297,15900.0
2019-11-21,12.609999656677246,12.649999618530273,12.510000228881836,12.529999732971191,11.224685668945312,28300.0
2019-11-22,12.5600004196167,12.569999694824219,12.5,12.5600004196167,11.251561164855957,26500.0
2019-11-25,12.529999732971191,12.569999694824219,12.489999771118164,12.510000228881836,11.206770896911621,23900.0
2019-11-26,12.489999771118164,12.550000190734863,12.479999542236328,12.489999771118164,11.188852310180664,27100.0
2019-11-27,12.510000228881836,12.510000228881836,12.430000305175781,12.470000267028809,11.170936584472656,26600.0
2019-11-29,12.470000267028809,12.550000190734863,12.449999809265137,12.529999732971191,11.224685668945312,15400.0
2019-12-02,12.5,12.5,12.40999984741211,12.479999542236328,11.179893493652344,29100.0
2019-12-03,12.5,12.520000457763672,12.40999984741211,12.5,11.197810173034668,16400.0
2019-12-04,12.470000267028809,12.510000228881836,12.449999809265137,12.510000228881836,11.206770896911621,35400.0
2019-12-05,12.479999542236328,12.510000228881836,12.4399995803833,12.510000228881836,11.206770896911621,35800.0
2019-12-06,12.479999542236328,12.640000343322754,12.479999542236328,12.579999923706055,11.269476890563965,55300.0
2019-12-09,12.600000381469727,12.729999542236328,12.550000190734863,12.619999885559082,11.305309295654297,59100.0
2019-12-10,12.630000114440918,12.720000267028809,12.619999885559082,12.710000038146973,11.385933876037598,21600.0
2019-12-11,12.680000305175781,12.739999771118164,12.680000305175781,12.739999771118164,11.412811279296875,10600.0
2019-12-12,12.770000457763672,12.779999732971191,12.710000038146973,12.729999542236328,11.403849601745605,22400.0
2019-12-13,12.760000228881836,12.989999771118164,12.699999809265137,12.869999885559082,11.575185775756836,30900.0
2019-12-16,12.859999656677246,13.180000305175781,12.739999771118164,12.899999618530273,11.602168083190918,21400.0
2019-12-17,12.90999984741211,13.109999656677246,12.90999984741211,13.079999923706055,11.764058113098145,61800.0
2019-12-18,13.079999923706055,13.15999984741211,12.989999771118164,13.130000114440918,11.809027671813965,40800.0
2019-12-19,13.149999618530273,13.1899995803833,13.050000190734863,13.140000343322754,11.81801986694336,21200.0
2019-12-20,13.100000381469727,13.180000305175781,12.9399995803833,13.050000190734863,11.737077713012695,22100.0
2019-12-23,13.069999694824219,13.069999694824219,13.029999732971191,13.069999694824219,11.755064010620117,23300.0
2019-12-24,13.149999618530273,13.180000305175781,13.069999694824219,13.069999694824219,11.755064010620117,14800.0
2019-12-26,13.079999923706055,13.09000015258789,13.050000190734863,13.050000190734863,11.737077713012695,13300.0
2019-12-27,13.100000381469727,13.100000381469727,12.970000267028809,12.970000267028809,11.665122985839844,17400.0
2019-12-30,12.989999771118164,13.0600004196167,12.850000381469727,12.850000381469727,11.557197570800781,45600.0
2019-12-31,12.890000343322754,12.979999542236328,12.770000457763672,12.770000457763672,11.485245704650879,51300.0
2020-01-02,12.84000015258789,12.930000305175781,12.710000038146973,12.770000457763672,11.485245704650879,96300.0
2020-01-03,12.800000190734863,12.8100004196167,12.710000038146973,12.800000190734863,11.512227058410645,32400.0
2020-01-06,12.8100004196167,12.869999885559082,12.760000228881836,12.760000228881836,11.476249694824219,45700.0
2020-01-07,12.800000190734863,12.869999885559082,12.770000457763672,12.829999923706055,11.539209365844727,44400.0
2020-01-08,12.800000190734863,12.90999984741211,12.779999732971191,12.789999961853027,11.503232955932617,53900.0
2020-01-09,12.779999732971191,12.859999656677246,12.760000228881836,12.770000457763672,11.485245704650879,26900.0
2020-01-10,12.779999732971191,12.960000038146973,12.779999732971191,12.829999923706055,11.539209365844727,46600.0
2020-01-13,12.859999656677246,12.899999618530273,12.859999656677246,12.869999885559082,11.575185775756836,16300.0
2020-01-14,12.859999656677246,12.930000305175781,12.829999923706055,12.90999984741211,11.656901359558105,32700.0
2020-01-15,12.930000305175781,12.970000267028809,12.869999885559082,12.899999618530273,11.647869110107422,60600.0
2020-01-16,12.9399995803833,12.949999809265137,12.880000114440918,12.899999618530273,11.647869110107422,16500.0
2020-01-17,12.899999618530273,12.9399995803833,12.869999885559082,12.899999618530273,11.647869110107422,6200.0
2020-01-21,12.930000305175781,12.960000038146973,12.90999984741211,12.949999809265137,11.693016052246094,29500.0
2020-01-22,12.920000076293945,12.949999809265137,12.90999984741211,12.930000305175781,11.67496109008789,16500.0
2020-01-23,12.960000038146973,12.979999542236328,12.880000114440918,12.90999984741211,11.656901359558105,24400.0
2020-01-24,12.9399995803833,13.0,12.90999984741211,12.920000076293945,11.665928840637207,27300.0
2020-01-27,12.970000267028809,13.0,12.920000076293945,12.9399995803833,11.683987617492676,22500.0
2020-01-28,12.9399995803833,13.0,12.920000076293945,12.920000076293945,11.665928840637207,29100.0
2020-01-29,12.970000267028809,12.989999771118164,12.930000305175781,12.9399995803833,11.683987617492676,33000.0
2020-01-30,12.960000038146973,12.979999542236328,12.920000076293945,12.920000076293945,11.665928840637207,32000.0
2020-01-31,12.949999809265137,12.960000038146973,12.9399995803833,12.949999809265137,11.693016052246094,26500.0
2020-02-03,12.960000038146973,12.979999542236328,12.869999885559082,12.930000305175781,11.67496109008789,39400.0
2020-02-04,12.899999618530273,12.920000076293945,12.859999656677246,12.920000076293945,11.665928840637207,27200.0
2020-02-05,12.920000076293945,13.010000228881836,12.90999984741211,12.979999542236328,11.720105171203613,50500.0
2020-02-06,12.979999542236328,13.039999961853027,12.960000038146973,13.039999961853027,11.774282455444336,32300.0
2020-02-07,13.050000190734863,13.09000015258789,13.039999961853027,13.09000015258789,11.819427490234375,23800.0
2020-02-10,13.100000381469727,13.130000114440918,13.069999694824219,13.069999694824219,11.80136775970459,26200.0
2020-02-11,13.050000190734863,13.140000343322754,13.050000190734863,13.069999694824219,11.80136775970459,37200.0
2020-02-12,13.119999885559082,13.180000305175781,13.119999885559082,13.170000076293945,11.891664505004883,26200.0
2020-02-13,13.15999984741211,13.170000076293945,13.119999885559082,13.119999885559082,11.892118453979492,22900.0
2020-02-14,13.15999984741211,13.170000076293945,13.069999694824219,13.069999694824219,11.846796035766602,36800.0
2020-02-18,13.100000381469727,13.15999984741211,13.069999694824219,13.149999618530273,11.91930866241455,40700.0
2020-02-19,13.15999984741211,13.34000015258789,13.15999984741211,13.289999961853027,12.0462064743042,68400.0
2020-02-20,13.300000190734863,13.529999732971191,13.300000190734863,13.489999771118164,12.22748851776123,48100.0
2020-02-21,13.520000457763672,13.760000228881836,13.520000457763672,13.649999618530273,12.372513771057129,34800.0
2020-02-24,13.75,13.75,13.520000457763672,13.520000457763672,12.254683494567871,73100.0
2020-02-25,13.609999656677246,13.609999656677246,13.449999809265137,13.550000190734863,12.28187370300293,82100.0
2020-02-26,13.630000114440918,13.699999809265137,13.579999923706055,13.609999656677246,12.336259841918945,47100.0
2020-02-27,13.619999885559082,13.819999694824219,13.539999961853027,13.5600004196167,12.290935516357422,59800.0
2020-02-28,13.579999923706055,13.579999923706055,12.800000190734863,12.90999984741211,11.701770782470703,107600.0
2020-03-02,13.0,13.279999732971191,13.0,13.199999809265137,11.964631080627441,56600.0
2020-03-03,13.199999809265137,13.270000457763672,13.170000076293945,13.239999771118164,12.000889778137207,79400.0
2020-03-04,13.300000190734863,13.3100004196167,13.220000267028809,13.220000267028809,11.982757568359375,37300.0
2020-03-05,13.239999771118164,13.300000190734863,13.220000267028809,13.270000457763672,12.028078079223633,16000.0
2020-03-06,13.300000190734863,13.300000190734863,13.239999771118164,13.25,12.009947776794434,18300.0
2020-03-09,13.180000305175781,13.229999542236328,12.859999656677246,13.020000457763672,11.801477432250977,50600.0
2020-03-10,13.020000457763672,13.130000114440918,12.770000457763672,12.8100004196167,11.611130714416504,60700.0
2020-03-11,12.84000015258789,12.890000343322754,12.100000381469727,12.119999885559082,10.985705375671387,151500.0
2020-03-12,12.0,12.0,10.760000228881836,10.869999885559082,9.852690696716309,119500.0
2020-03-13,11.020000457763672,11.270000457763672,10.670000076293945,11.210000038146973,10.208294868469238,114500.0
2020-03-16,10.850000381469727,11.0600004196167,10.699999809265137,10.899999618530273,9.925996780395508,62700.0
2020-03-17,10.960000038146973,10.960000038146973,10.680000305175781,10.880000114440918,9.90778636932373,112000.0
2020-03-18,10.59000015258789,10.609999656677246,9.390000343322754,9.390000343322754,8.55093002319336,79800.0
2020-03-19,8.890000343322754,9.640000343322754,8.5,9.640000343322754,8.778589248657227,113000.0
2020-03-20,9.59000015258789,10.220000267028809,9.399999618530273,9.979999542236328,9.08820629119873,165000.0
2020-03-23,10.0,10.079999923706055,9.149999618530273,9.25,8.42343807220459,88800.0
2020-03-24,9.630000114440918,10.729999542236328,9.470000267028809,9.890000343322754,9.00624942779541,164400.0
2020-03-25,9.989999771118164,10.59000015258789,9.930000305175781,10.579999923706055,9.63459300994873,135700.0
2020-03-26,10.65999984741211,11.210000038146973,10.59000015258789,11.140000343322754,10.144552230834961,72200.0
2020-03-27,11.020000457763672,11.220000267028809,10.729999542236328,11.039999961853027,10.053487777709961,76800.0
2020-03-30,11.1899995803833,11.300000190734863,10.3100004196167,11.289999961853027,10.281149864196777,206400.0
2020-03-31,11.449999809265137,11.489999771118164,11.109999656677246,11.220000267028809,10.21740436553955,78200.0
2020-04-01,10.720000267028809,11.079999923706055,10.720000267028809,10.90999984741211,9.935104370117188,96200.0
2020-04-02,10.729999542236328,10.920000076293945,10.479999542236328,10.8100004196167,9.844039916992188,35300.0
2020-04-03,10.770000457763672,10.819999694824219,10.569999694824219,10.59000015258789,9.643698692321777,31900.0
2020-04-06,10.680000305175781,10.770000457763672,10.510000228881836,10.5600004196167,9.616379737854004,132100.0
2020-04-07,10.710000038146973,10.829999923706055,10.630000114440918,10.630000114440918,9.68012809753418,62000.0
2020-04-08,10.640000343322754,10.869999885559082,10.640000343322754,10.829999923706055,9.862253189086914,9900.0
2020-04-09,11.0,11.210000038146973,10.979999542236328,11.149999618530273,10.153656959533691,34500.0
2020-04-13,11.170000076293945,11.170000076293945,10.979999542236328,11.010000228881836,10.026167869567871,46300.0
2020-04-14,11.050000190734863,11.149999618530273,11.020000457763672,11.109999656677246,10.163849830627441,73600.0
2020-04-15,10.880000114440918,11.109999656677246,10.880000114440918,11.010000228881836,10.072367668151855,42000.0
2020-04-16,11.050000190734863,11.079999923706055,10.989999771118164,10.989999771118164,10.054070472717285,42000.0
2020-04-17,11.09000015258789,11.25,11.020000457763672,11.069999694824219,10.127259254455566,56000.0
2020-04-20,11.069999694824219,11.100000381469727,11.0,11.079999923706055,10.136407852172852,76600.0
2020-04-21,11.029999732971191,11.25,11.029999732971191,11.079999923706055,10.136407852172852,130000.0
2020-04-22,11.100000381469727,11.170000076293945,11.100000381469727,11.140000343322754,10.191296577453613,35100.0
2020-04-23,11.140000343322754,11.180000305175781,10.920000076293945,10.979999542236328,10.044921875,38300.0
2020-04-24,11.050000190734863,11.050000190734863,10.699999809265137,10.850000381469727,9.925993919372559,31000.0
2020-04-27,10.770000457763672,10.84000015258789,10.550000190734863,10.600000381469727,9.697285652160645,54600.0
2020-04-28,10.640000343322754,10.699999809265137,10.569999694824219,10.569999694824219,9.669838905334473,83300.0
2020-04-29,10.630000114440918,10.890000343322754,10.569999694824219,10.800000190734863,9.880253791809082,73300.0
2020-04-30,10.800000190734863,10.949999809265137,10.729999542236328,10.920000076293945,9.990033149719238,94800.0
2020-05-01,10.90999984741211,11.0,10.850000381469727,11.0,10.06322193145752,22200.0
2020-05-04,10.949999809265137,11.050000190734863,10.949999809265137,11.020000457763672,10.081520080566406,29800.0
2020-05-05,11.020000457763672,11.069999694824219,10.84000015258789,10.869999885559082,9.944292068481445,107800.0
2020-05-06,10.930000305175781,10.989999771118164,10.880000114440918,10.899999618530273,9.971735000610352,28700.0
2020-05-07,10.930000305175781,11.079999923706055,10.930000305175781,10.989999771118164,10.054070472717285,33400.0
2020-05-08,11.039999961853027,11.100000381469727,10.899999618530273,11.029999732971191,10.090662956237793,44300.0
2020-05-11,11.020000457763672,11.09000015258789,11.0,11.020000457763672,10.081520080566406,28100.0
2020-05-12,11.09000015258789,11.149999618530273,11.010000228881836,11.010000228881836,10.072367668151855,30900.0
2020-05-13,11.039999961853027,11.069999694824219,10.930000305175781,11.0,10.06322193145752,43100.0
2020-05-14,10.930000305175781,10.930000305175781,10.84000015258789,10.899999618530273,10.01772689819336,19100.0
2020-05-15,10.899999618530273,10.930000305175781,10.859999656677246,10.890000343322754,10.008536338806152,34900.0
2020-05-18,10.920000076293945,10.920000076293945,10.869999885559082,10.869999885559082,9.990154266357422,27700.0
2020-05-19,10.859999656677246,10.949999809265137,10.859999656677246,10.890000343322754,10.008536338806152,27900.0
2020-05-20,10.899999618530273,10.989999771118164,10.899999618530273,10.9399995803833,10.054489135742188,45100.0
2020-05-21,10.930000305175781,11.0,10.930000305175781,10.970000267028809,10.082058906555176,27500.0
2020-05-22,11.010000228881836,11.069999694824219,11.0,11.069999694824219,10.173966407775879,22400.0
2020-05-26,11.210000038146973,11.210000038146973,11.0600004196167,11.09000015258789,10.19234848022461,193800.0
2020-05-27,11.109999656677246,11.15999984741211,11.079999923706055,11.15999984741211,10.256683349609375,47200.0
2020-05-28,11.15999984741211,11.260000228881836,11.15999984741211,11.260000228881836,10.348586082458496,30800.0
2020-05-29,11.260000228881836,11.4399995803833,11.260000228881836,11.420000076293945,10.495636940002441,47400.0
2020-06-01,11.470000267028809,11.479999542236328,11.399999618530273,11.430000305175781,10.504828453063965,91300.0
2020-06-02,11.449999809265137,11.510000228881836,11.449999809265137,11.489999771118164,10.559969902038574,24800.0
2020-06-03,11.5,11.5600004196167,11.460000038146973,11.5,10.569162368774414,37400.0
2020-06-04,11.479999542236328,11.539999961853027,11.479999542236328,11.539999961853027,10.605923652648926,19100.0
2020-06-05,11.550000190734863,11.579999923706055,11.489999771118164,11.510000228881836,10.578351020812988,37700.0
2020-06-08,11.520000457763672,11.729999542236328,11.510000228881836,11.59000015258789,10.651877403259277,30000.0
2020-06-09,11.5600004196167,11.619999885559082,11.510000228881836,11.539999961853027,10.605923652648926,18900.0
2020-06-10,11.550000190734863,11.649999618530273,11.550000190734863,11.649999618530273,10.707019805908203,28000.0
2020-06-11,11.600000381469727,11.640000343322754,11.5,11.569999694824219,10.633493423461914,62200.0
2020-06-12,11.520000457763672,11.680000305175781,11.520000457763672,11.680000305175781,10.781651496887207,33300.0
2020-06-15,11.609999656677246,11.789999961853027,11.59000015258789,11.760000228881836,10.855498313903809,29000.0
2020-06-16,11.729999542236328,11.800000190734863,11.729999542236328,11.770000457763672,10.864728927612305,44800.0
2020-06-17,11.739999771118164,11.850000381469727,11.699999809265137,11.720000267028809,10.818573951721191,21100.0
2020-06-18,11.770000457763672,11.770000457763672,11.6899995803833,11.720000267028809,10.818573951721191,6500.0
2020-06-19,11.75,11.760000228881836,11.6899995803833,11.6899995803833,10.790882110595703,43700.0
2020-06-22,11.680000305175781,11.699999809265137,11.65999984741211,11.680000305175781,10.781651496887207,25500.0
2020-06-23,11.680000305175781,11.729999542236328,11.680000305175781,11.699999809265137,10.8001127243042,16600.0
2020-06-24,11.760000228881836,11.760000228881836,11.710000038146973,11.710000038146973,10.809344291687012,41100.0
2020-06-25,11.75,11.800000190734863,11.729999542236328,11.729999542236328,10.827804565429688,12600.0
2020-06-26,11.699999809265137,11.779999732971191,11.699999809265137,11.770000457763672,10.864728927612305,15400.0
2020-06-29,11.819999694824219,11.819999694824219,11.699999809265137,11.739999771118164,10.8370361328125,31800.0
2020-06-30,11.739999771118164,11.850000381469727,11.720000267028809,11.850000381469727,10.938575744628906,35100.0
2020-07-01,11.829999923706055,11.829999923706055,11.770000457763672,11.770000457763672,10.864728927612305,52100.0
2020-07-02,11.800000190734863,11.829999923706055,11.760000228881836,11.760000228881836,10.855498313903809,28900.0
2020-07-06,11.770000457763672,12.180000305175781,11.770000457763672,12.010000228881836,11.086268424987793,52300.0
2020-07-07,12.039999961853027,12.039999961853027,11.930000305175781,11.970000267028809,11.049346923828125,79100.0
2020-07-08,11.949999809265137,12.079999923706055,11.949999809265137,12.010000228881836,11.086268424987793,36900.0
2020-07-09,12.0600004196167,12.270000457763672,11.989999771118164,12.270000457763672,11.326273918151855,22800.0
2020-07-10,12.220000267028809,12.350000381469727,12.220000267028809,12.350000381469727,11.400120735168457,16400.0
2020-07-13,12.390000343322754,12.390000343322754,12.329999923706055,12.359999656677246,11.40934944152832,16100.0
2020-07-14,12.380000114440918,12.380000114440918,12.270000457763672,12.34000015258789,11.437621116638184,22500.0
2020-07-15,12.329999923706055,12.40999984741211,12.319999694824219,12.390000343322754,11.483963966369629,14200.0
2020-07-16,12.369999885559082,12.390000343322754,12.369999885559082,12.369999885559082,11.465424537658691,11100.0
2020-07-17,12.359999656677246,12.4399995803833,12.359999656677246,12.430000305175781,11.521038055419922,16100.0
2020-07-20,12.460000038146973,12.460000038146973,12.34000015258789,12.34000015258789,11.437621116638184,27400.0
2020-07-21,12.380000114440918,12.380000114440918,12.270000457763672,12.300000190734863,11.400545120239258,37200.0
2020-07-22,12.300000190734863,12.390000343322754,12.300000190734863,12.329999923706055,11.428350448608398,21500.0
2020-07-23,12.329999923706055,12.449999809265137,12.329999923706055,12.449999809265137,11.539573669433594,17200.0
2020-07-24,12.479999542236328,12.5600004196167,12.430000305175781,12.520000457763672,11.604456901550293,22500.0
2020-07-27,12.479999542236328,12.609999656677246,12.479999542236328,12.569999694824219,11.650798797607422,23400.0
2020-07-28,12.569999694824219,12.600000381469727,12.550000190734863,12.579999923706055,11.66006851196289,5900.0
2020-07-29,12.600000381469727,12.649999618530273,12.550000190734863,12.619999885559082,11.697144508361816,13000.0
2020-07-30,12.630000114440918,12.65999984741211,12.609999656677246,12.630000114440918,11.706414222717285,9400.0
2020-07-31,12.619999885559082,12.680000305175781,12.600000381469727,12.680000305175781,11.752758979797363,13600.0
2020-08-03,12.6899995803833,12.75,12.640000343322754,12.75,11.817638397216797,34900.0
2020-08-04,12.75,12.84000015258789,12.739999771118164,12.84000015258789,11.901056289672852,15300.0
2020-08-05,12.869999885559082,12.880000114440918,12.8100004196167,12.84000015258789,11.901056289672852,8200.0
2020-08-06,12.829999923706055,12.890000343322754,12.829999923706055,12.880000114440918,11.938133239746094,13700.0
2020-08-07,12.859999656677246,12.899999618530273,12.859999656677246,12.890000343322754,11.947400093078613,20700.0
2020-08-10,12.920000076293945,13.020000457763672,12.920000076293945,12.989999771118164,12.040087699890137,13600.0
2020-08-11,13.010000228881836,13.039999961853027,12.960000038146973,13.0,12.04935359954834,18600.0
2020-08-12,12.979999542236328,13.020000457763672,12.890000343322754,12.989999771118164,12.040087699890137,18200.0
2020-08-13,12.869999885559082,12.869999885559082,12.770000457763672,12.800000190734863,11.910284042358398,56700.0
2020-08-14,12.800000190734863,12.800000190734863,12.680000305175781,12.680000305175781,11.798624992370605,18200.0
2020-08-17,12.65999984741211,12.710000038146973,12.369999885559082,12.59000015258789,11.714879035949707,45600.0
2020-08-18,12.59000015258789,12.619999885559082,12.569999694824219,12.569999694824219,11.696269035339355,9800.0
2020-08-19,12.550000190734863,12.619999885559082,12.470000267028809,12.470000267028809,11.60322093963623,26800.0
2020-08-20,12.5,12.5,12.350000381469727,12.350000381469727,11.491561889648438,19400.0
2020-08-21,12.359999656677246,12.380000114440918,12.15999984741211,12.170000076293945,11.324074745178223,22100.0
2020-08-24,12.210000038146973,12.279999732971191,12.210000038146973,12.220000267028809,11.370599746704102,44400.0
2020-08-25,12.25,12.289999961853027,12.149999618530273,12.289999961853027,11.435735702514648,52900.0
2020-08-26,12.289999961853027,12.289999961853027,12.050000190734863,12.079999923706055,11.240328788757324,32500.0
2020-08-27,12.109999656677246,12.109999656677246,12.0,12.050000190734863,11.212414741516113,26300.0
2020-08-28,12.109999656677246,12.149999618530273,12.039999961853027,12.140000343322754,11.296162605285645,55200.0
2020-08-31,12.170000076293945,12.279999732971191,12.140000343322754,12.1899995803833,11.342681884765625,55000.0
2020-09-01,12.1899995803833,12.289999961853027,12.100000381469727,12.289999961853027,11.435735702514648,32100.0
2020-09-02,12.300000190734863,12.34000015258789,12.25,12.300000190734863,11.445038795471191,54600.0
2020-09-03,12.300000190734863,12.329999923706055,12.109999656677246,12.119999885559082,11.27755069732666,38300.0
2020-09-04,12.109999656677246,12.130000114440918,11.979999542236328,12.0,11.16589069366455,31900.0
2020-09-08,11.979999542236328,12.069999694824219,11.9399995803833,11.979999542236328,11.147278785705566,29500.0
2020-09-09,12.010000228881836,12.130000114440918,12.010000228881836,12.130000114440918,11.28685474395752,30100.0
2020-09-10,12.140000343322754,12.199999809265137,12.130000114440918,12.170000076293945,11.324074745178223,18000.0
2020-09-11,12.170000076293945,12.25,12.170000076293945,12.199999809265137,11.351987838745117,18200.0
2020-09-14,12.140000343322754,12.229999542236328,12.140000343322754,12.210000038146973,11.40851879119873,14500.0
2020-09-15,12.15999984741211,12.239999771118164,12.15999984741211,12.1899995803833,11.3898286819458,9300.0
2020-09-16,12.1899995803833,12.220000267028809,12.15999984741211,12.180000305175781,11.380485534667969,12600.0
2020-09-17,12.130000114440918,12.229999542236328,12.130000114440918,12.220000267028809,11.417861938476562,25000.0
2020-09-18,12.1899995803833,12.210000038146973,12.140000343322754,12.140000343322754,11.34311294555664,10700.0
2020-09-21,12.109999656677246,12.109999656677246,12.0600004196167,12.079999923706055,11.287050247192383,14100.0
2020-09-22,12.050000190734863,12.100000381469727,11.930000305175781,11.979999542236328,11.193613052368164,38600.0
2020-09-23,11.9399995803833,11.949999809265137,11.800000190734863,11.8100004196167,11.034774780273438,52000.0
2020-09-24,11.800000190734863,11.869999885559082,11.75,11.779999732971191,11.006742477416992,24200.0
2020-09-25,11.779999732971191,11.829999923706055,11.770000457763672,11.800000190734863,11.025429725646973,18900.0
2020-09-28,11.859999656677246,11.899999618530273,11.8100004196167,11.880000114440918,11.100179672241211,24700.0
2020-09-29,11.850000381469727,11.949999809265137,11.84000015258789,11.859999656677246,11.08149242401123,24400.0
2020-09-30,11.859999656677246,11.890000343322754,11.800000190734863,11.800000190734863,11.025429725646973,20900.0
2020-10-01,11.869999885559082,11.869999885559082,11.819999694824219,11.869999885559082,11.090835571289062,28700.0
2020-10-02,11.829999923706055,11.899999618530273,11.819999694824219,11.899999618530273,11.118865966796875,37000.0
2020-10-05,11.859999656677246,11.949999809265137,11.84000015258789,11.899999618530273,11.118865966796875,38100.0
2020-10-06,11.949999809265137,11.949999809265137,11.869999885559082,11.920000076293945,11.137556076049805,28600.0
2020-10-07,12.0,12.069999694824219,11.930000305175781,12.010000228881836,11.221646308898926,45900.0
2020-10-08,12.010000228881836,12.020000457763672,11.989999771118164,12.0,11.212300300598145,16800.0
2020-10-09,12.0,12.029999732971191,11.970000267028809,11.979999542236328,11.193613052368164,12000.0
2020-10-12,12.029999732971191,12.0600004196167,12.0,12.029999732971191,11.240330696105957,14500.0
2020-10-13,12.0600004196167,12.069999694824219,12.0,12.029999732971191,11.240330696105957,25100.0
2020-10-14,11.989999771118164,12.0,11.859999656677246,11.859999656677246,11.128205299377441,31800.0
2020-10-15,11.84000015258789,11.899999618530273,11.819999694824219,11.84000015258789,11.109441757202148,17100.0
2020-10-16,11.84000015258789,11.90999984741211,11.829999923706055,11.850000381469727,11.11882209777832,18700.0
2020-10-19,11.850000381469727,11.890000343322754,11.829999923706055,11.850000381469727,11.11882209777832,12700.0
2020-10-20,11.890000343322754,11.920000076293945,11.880000114440918,11.899999618530273,11.165738105773926,18400.0
2020-10-21,11.869999885559082,11.90999984741211,11.829999923706055,11.899999618530273,11.165738105773926,44800.0
2020-10-22,11.850000381469727,11.90999984741211,11.8100004196167,11.850000381469727,11.11882209777832,37500.0
2020-10-23,11.84000015258789,11.859999656677246,11.75,11.760000228881836,11.034378051757812,38800.0
2020-10-26,11.729999542236328,11.75,11.649999618530273,11.720000267028809,10.996843338012695,59600.0
2020-10-27,11.680000305175781,11.699999809265137,11.600000381469727,11.670000076293945,10.949930191040039,33800.0
2020-10-28,11.569999694824219,11.649999618530273,11.569999694824219,11.649999618530273,10.931163787841797,42200.0
2020-10-29,11.579999923706055,11.680000305175781,11.520000457763672,11.680000305175781,10.95931339263916,42100.0
2020-10-30,11.609999656677246,11.770000457763672,11.569999694824219,11.720000267028809,10.996843338012695,80400.0
2020-11-02,11.65999984741211,11.729999542236328,11.649999618530273,11.729999542236328,11.006227493286133,30300.0
2020-11-03,11.729999542236328,11.770000457763672,11.640000343322754,11.770000457763672,11.043760299682617,36000.0
2020-11-04,11.789999961853027,11.930000305175781,11.789999961853027,11.930000305175781,11.193888664245605,47500.0
2020-11-05,11.989999771118164,12.09000015258789,11.930000305175781,12.069999694824219,11.325249671936035,50200.0
2020-11-06,12.069999694824219,12.140000343322754,12.0600004196167,12.100000381469727,11.353399276733398,30100.0
2020-11-09,12.109999656677246,12.180000305175781,12.100000381469727,12.119999885559082,11.37216567993164,57900.0
2020-11-10,12.119999885559082,12.25,12.119999885559082,12.25,11.49414348602295,37500.0
2020-11-11,12.350000381469727,12.359999656677246,12.15999984741211,12.25,11.49414348602295,13100.0
2020-11-12,12.289999961853027,12.3100004196167,12.239999771118164,12.3100004196167,11.550440788269043,34600.0
2020-11-13,12.40999984741211,12.40999984741211,12.130000114440918,12.300000190734863,11.588597297668457,20200.0
2020-11-16,12.279999732971191,12.34000015258789,12.270000457763672,12.329999923706055,11.616861343383789,19300.0
2020-11-17,12.34000015258789,12.449999809265137,12.289999961853027,12.350000381469727,11.635706901550293,25500.0
2020-11-18,12.329999923706055,12.399999618530273,12.329999923706055,12.369999885559082,11.654550552368164,16200.0
2020-11-19,12.369999885559082,12.420000076293945,12.34000015258789,12.390000343322754,11.673394203186035,8500.0
2020-11-20,12.399999618530273,12.420000076293945,12.319999694824219,12.369999885559082,11.654550552368164,16500.0
2020-11-23,12.40999984741211,12.449999809265137,12.380000114440918,12.399999618530273,11.682814598083496,39400.0
2020-11-24,12.479999542236328,12.489999771118164,12.420000076293945,12.479999542236328,11.758187294006348,23000.0
2020-11-25,12.529999732971191,12.550000190734863,12.4399995803833,12.4399995803833,11.720499992370605,16800.0
2020-11-27,12.5,12.699999809265137,12.470000267028809,12.670000076293945,11.937198638916016,27100.0
2020-11-30,12.739999771118164,12.739999771118164,12.649999618530273,12.670000076293945,11.937198638916016,5000.0
2020-12-01,12.729999542236328,12.75,12.649999618530273,12.670000076293945,11.937198638916016,19000.0
2020-12-02,12.6899995803833,12.699999809265137,12.5600004196167,12.640000343322754,11.90893268585205,20100.0
2020-12-03,12.699999809265137,12.75,12.649999618530273,12.75,12.012571334838867,20300.0
2020-12-04,12.75,12.789999961853027,12.720000267028809,12.729999542236328,11.99372673034668,17500.0
2020-12-07,12.760000228881836,12.84000015258789,12.739999771118164,12.819999694824219,12.078521728515625,68400.0
2020-12-08,12.850000381469727,12.890000343322754,12.779999732971191,12.84000015258789,12.097365379333496,17100.0
2020-12-09,12.869999885559082,12.890000343322754,12.779999732971191,12.800000190734863,12.05967903137207,27400.0
2020-12-10,12.779999732971191,12.920000076293945,12.720000267028809,12.779999732971191,12.040837287902832,10300.0
2020-12-11,12.789999961853027,12.850000381469727,12.789999961853027,12.829999923706055,12.087943077087402,19500.0
2020-12-14,12.84000015258789,12.890000343322754,12.729999542236328,12.760000228881836,12.025619506835938,22300.0
2020-12-15,12.789999961853027,12.899999618530273,12.65999984741211,12.65999984741211,11.931375503540039,21900.0
2020-12-16,12.619999885559082,12.65999984741211,12.539999961853027,12.579999923706055,11.855979919433594,26400.0
2020-12-17,12.539999961853027,12.6899995803833,12.539999961853027,12.630000114440918,11.903101921081543,24100.0
2020-12-18,12.680000305175781,12.75,12.4399995803833,12.720000267028809,11.987923622131348,21500.0
2020-12-21,12.739999771118164,12.770000457763672,12.680000305175781,12.710000038146973,11.978497505187988,22600.0
2020-12-22,12.760000228881836,12.760000228881836,12.65999984741211,12.65999984741211,11.931375503540039,21900.0
2020-12-23,12.720000267028809,12.760000228881836,12.649999618530273,12.75,12.016196250915527,15600.0
2020-12-24,12.8100004196167,12.899999618530273,12.8100004196167,12.859999656677246,12.119864463806152,7800.0
2020-12-28,12.899999618530273,12.899999618530273,12.609999656677246,12.699999809265137,11.969074249267578,61200.0
2020-12-29,12.760000228881836,12.84000015258789,12.640000343322754,12.699999809265137,11.969074249267578,51300.0
2020-12-30,12.680000305175781,12.75,12.640000343322754,12.75,12.016196250915527,35000.0
2020-12-31,12.699999809265137,12.779999732971191,12.5600004196167,12.720000267028809,11.987923622131348,55200.0
2021-01-04,12.699999809265137,12.779999732971191,12.619999885559082,12.739999771118164,12.006770133972168,43300.0
2021-01-05,12.640000343322754,12.720000267028809,12.630000114440918,12.670000076293945,11.940799713134766,30400.0
2021-01-06,12.720000267028809,12.720000267028809,12.619999885559082,12.649999618530273,11.921951293945312,18400.0
2021-01-07,12.6899995803833,12.760000228881836,12.649999618530273,12.680000305175781,11.950224876403809,26600.0
2021-01-08,12.739999771118164,12.84000015258789,12.680000305175781,12.789999961853027,12.05389404296875,26200.0
2021-01-11,12.819999694824219,12.920000076293945,12.819999694824219,12.890000343322754,12.148139953613281,20400.0
2021-01-12,12.899999618530273,12.899999618530273,12.819999694824219,12.84000015258789,12.101016998291016,17300.0
2021-01-13,12.84000015258789,12.84000015258789,12.699999809265137,12.829999923706055,12.091590881347656,22100.0
2021-01-14,12.800000190734863,12.84000015258789,12.6899995803833,12.819999694824219,12.129911422729492,43900.0
2021-01-15,12.829999923706055,12.829999923706055,12.760000228881836,12.779999732971191,12.09206485748291,17600.0
2021-01-19,12.819999694824219,12.819999694824219,12.770000457763672,12.8100004196167,12.120452880859375,6500.0
2021-01-20,12.8100004196167,12.899999618530273,12.739999771118164,12.789999961853027,12.101527214050293,51500.0
2021-01-21,12.829999923706055,12.829999923706055,12.770000457763672,12.800000190734863,12.110987663269043,32000.0
2021-01-22,12.829999923706055,12.84000015258789,12.729999542236328,12.779999732971191,12.09206485748291,32900.0
2021-01-25,12.8100004196167,12.989999771118164,12.800000190734863,12.930000305175781,12.233990669250488,51600.0
2021-01-26,12.979999542236328,13.180000305175781,12.84000015258789,13.15999984741211,12.451607704162598,30900.0
2021-01-27,12.859999656677246,12.920000076293945,12.800000190734863,12.829999923706055,12.139371871948242,70100.0
2021-01-28,12.880000114440918,12.9399995803833,12.850000381469727,12.930000305175781,12.233990669250488,14900.0
2021-01-29,12.880000114440918,12.90999984741211,12.850000381469727,12.899999618530273,12.205604553222656,8300.0
2021-02-01,12.899999618530273,13.020000457763672,12.880000114440918,12.949999809265137,12.252914428710938,31400.0
2021-02-02,13.0,13.010000228881836,12.930000305175781,12.970000267028809,12.271838188171387,11500.0
2021-02-03,13.029999732971191,13.029999732971191,12.880000114440918,12.890000343322754,12.196145057678223,29900.0
2021-02-04,12.949999809265137,12.949999809265137,12.899999618530273,12.930000305175781,12.233990669250488,6600.0
2021-02-05,13.0,13.1899995803833,12.9399995803833,12.989999771118164,12.29076099395752,24400.0
2021-02-08,12.989999771118164,13.300000190734863,12.960000038146973,13.109999656677246,12.404300689697266,33900.0
2021-02-09,13.119999885559082,13.140000343322754,13.039999961853027,13.119999885559082,12.413763999938965,28200.0
2021-02-10,13.079999923706055,13.1899995803833,13.079999923706055,13.109999656677246,12.404300689697266,26000.0
2021-02-11,13.199999809265137,13.199999809265137,13.119999885559082,13.119999885559082,12.413763999938965,23200.0
2021-02-12,13.100000381469727,13.119999885559082,13.0,13.0,12.347749710083008,49500.0
2021-02-16,12.960000038146973,13.029999732971191,12.859999656677246,12.899999618530273,12.252766609191895,94900.0
2021-02-17,12.850000381469727,12.989999771118164,12.84000015258789,12.859999656677246,12.214774131774902,33400.0
2021-02-18,12.869999885559082,12.869999885559082,12.779999732971191,12.779999732971191,12.138788223266602,34900.0
2021-02-19,12.779999732971191,12.779999732971191,12.699999809265137,12.720000267028809,12.08179759979248,46600.0
2021-02-22,12.760000228881836,12.760000228881836,12.4399995803833,12.5,11.872838020324707,67900.0
2021-02-23,12.520000457763672,12.539999961853027,12.170000076293945,12.390000343322754,11.768356323242188,118000.0
2021-02-24,12.329999923706055,12.529999732971191,12.300000190734863,12.470000267028809,11.844341278076172,42900.0
2021-02-25,12.470000267028809,12.520000457763672,12.369999885559082,12.4399995803833,11.815844535827637,75000.0
2021-02-26,12.4399995803833,12.600000381469727,12.4399995803833,12.59000015258789,11.958319664001465,47000.0
2021-03-01,12.539999961853027,12.6899995803833,12.539999961853027,12.640000343322754,12.005812644958496,43000.0
2021-03-02,12.640000343322754,12.699999809265137,12.640000343322754,12.670000076293945,12.034307479858398,25500.0
2021-03-03,12.619999885559082,12.6899995803833,12.579999923706055,12.619999885559082,11.986814498901367,16000.0
2021-03-04,12.630000114440918,12.699999809265137,12.399999618530273,12.470000267028809,11.844341278076172,31900.0
2021-03-05,12.5,12.579999923706055,12.479999542236328,12.489999771118164,11.863337516784668,23200.0
2021-03-08,12.520000457763672,12.539999961853027,12.470000267028809,12.539999961853027,11.9108304977417,13300.0
2021-03-09,12.59000015258789,12.649999618530273,12.550000190734863,12.649999618530273,12.01530933380127,10300.0
2021-03-10,12.670000076293945,12.699999809265137,12.670000076293945,12.6899995803833,12.053302764892578,18300.0
2021-03-11,12.710000038146973,12.84000015258789,12.710000038146973,12.819999694824219,12.17678165435791,14700.0
2021-03-12,12.829999923706055,12.899999618530273,12.670000076293945,12.720000267028809,12.129576683044434,26800.0
2021-03-15,12.710000038146973,12.729999542236328,12.609999656677246,12.710000038146973,12.12004280090332,13100.0
2021-03-16,12.710000038146973,12.729999542236328,12.59000015258789,12.65999984741211,12.072362899780273,47500.0
2021-03-17,12.65999984741211,12.6899995803833,12.470000267028809,12.520000457763672,11.938862800598145,36200.0
2021-03-18,12.510000228881836,12.510000228881836,12.359999656677246,12.460000038146973,11.881648063659668,43900.0
2021-03-19,12.460000038146973,12.479999542236328,12.369999885559082,12.479999542236328,11.900717735290527,47800.0
2021-03-22,12.470000267028809,12.489999771118164,12.390000343322754,12.399999618530273,11.824431419372559,41800.0
2021-03-23,12.399999618530273,12.430000305175781,12.350000381469727,12.399999618530273,11.824431419372559,41100.0
2021-03-24,12.430000305175781,12.460000038146973,12.329999923706055,12.430000305175781,11.853038787841797,57400.0
2021-03-25,12.430000305175781,12.449999809265137,12.350000381469727,12.430000305175781,11.853038787841797,39300.0
2021-03-26,12.449999809265137,12.529999732971191,12.4399995803833,12.529999732971191,11.94839859008789,18000.0
2021-03-29,12.5600004196167,12.600000381469727,12.510000228881836,12.539999961853027,11.957934379577637,50500.0
2021-03-30,12.539999961853027,12.59000015258789,12.5,12.59000015258789,12.005613327026367,46700.0
2021-03-31,12.609999656677246,12.65999984741211,12.609999656677246,12.65999984741211,12.072362899780273,25200.0
2021-04-01,12.65999984741211,12.770000457763672,12.65999984741211,12.710000038146973,12.12004280090332,43600.0
2021-04-05,12.710000038146973,12.779999732971191,12.699999809265137,12.760000228881836,12.16772174835205,43000.0
2021-04-06,12.800000190734863,12.800000190734863,12.720000267028809,12.800000190734863,12.205864906311035,35200.0
2021-04-07,12.800000190734863,12.930000305175781,12.760000228881836,12.899999618530273,12.301224708557129,70100.0
2021-04-08,12.90999984741211,12.960000038146973,12.859999656677246,12.9399995803833,12.339366912841797,30600.0
2021-04-09,12.9399995803833,12.960000038146973,12.859999656677246,12.960000038146973,12.358438491821289,22100.0
2021-04-12,12.970000267028809,13.010000228881836,12.899999618530273,13.010000228881836,12.406115531921387,23700.0
2021-04-13,13.010000228881836,13.140000343322754,12.989999771118164,13.130000114440918,12.520547866821289,43800.0
2021-04-14,13.069999694824219,13.079999923706055,12.949999809265137,13.050000190734863,12.492307662963867,57600.0
2021-04-15,13.079999923706055,13.109999656677246,12.989999771118164,13.100000381469727,12.540172576904297,14700.0
2021-04-16,13.100000381469727,13.100000381469727,13.0,13.0600004196167,12.501880645751953,24200.0
2021-04-19,13.079999923706055,13.079999923706055,12.949999809265137,12.989999771118164,12.434873580932617,20000.0
2021-04-20,12.979999542236328,13.050000190734863,12.970000267028809,13.039999961853027,12.482736587524414,23700.0
2021-04-21,13.069999694824219,13.079999923706055,12.970000267028809,12.979999542236328,12.425300598144531,16300.0
2021-04-22,13.010000228881836,13.079999923706055,13.010000228881836,13.079999923706055,12.521025657653809,10500.0
2021-04-23,13.079999923706055,13.109999656677246,13.029999732971191,13.050000190734863,12.492307662963867,14300.0
2021-04-26,13.09000015258789,13.130000114440918,13.039999961853027,13.130000114440918,12.568890571594238,26100.0
2021-04-27,13.130000114440918,13.140000343322754,13.109999656677246,13.109999656677246,12.549744606018066,13300.0
2021-04-28,13.140000343322754,13.149999618530273,13.109999656677246,13.140000343322754,12.578463554382324,25200.0
2021-04-29,13.140000343322754,13.170000076293945,13.039999961853027,13.039999961853027,12.482736587524414,9900.0
2021-04-30,13.100000381469727,13.199999809265137,13.09000015258789,13.199999809265137,12.635897636413574,13300.0
2021-05-03,13.199999809265137,13.260000228881836,13.140000343322754,13.260000228881836,12.693334579467773,18000.0
2021-05-04,13.260000228881836,13.34000015258789,13.170000076293945,13.25,12.683760643005371,27400.0
2021-05-05,13.319999694824219,13.470000267028809,13.319999694824219,13.449999809265137,12.875213623046875,43900.0
2021-05-06,13.5,13.59000015258789,13.430000305175781,13.479999542236328,12.903932571411133,74700.0
2021-05-07,13.569999694824219,13.579999923706055,13.460000038146973,13.470000267028809,12.89436149597168,11500.0
2021-05-10,13.680000305175781,13.699999809265137,13.479999542236328,13.510000228881836,12.93265151977539,18100.0
2021-05-11,13.579999923706055,13.59000015258789,13.319999694824219,13.350000381469727,12.779487609863281,26900.0
2021-05-12,13.4399995803833,13.4399995803833,13.170000076293945,13.270000457763672,12.70290756225586,29900.0
2021-05-13,13.25,13.270000457763672,13.079999923706055,13.079999923706055,12.56885814666748,29800.0
2021-05-14,13.149999618530273,13.289999961853027,13.119999885559082,13.15999984741211,12.645730972290039,15500.0
2021-05-17,13.199999809265137,13.210000038146973,13.15999984741211,13.15999984741211,12.645730972290039,7800.0
2021-05-18,13.140000343322754,13.210000038146973,13.079999923706055,13.079999923706055,12.56885814666748,18900.0
2021-05-19,13.170000076293945,13.319999694824219,13.109999656677246,13.260000228881836,12.74182415008545,17000.0
2021-05-20,13.34000015258789,13.489999771118164,13.34000015258789,13.489999771118164,12.962836265563965,22500.0
2021-05-21,13.5,13.569999694824219,13.470000267028809,13.479999542236328,12.953227996826172,8800.0
2021-05-24,13.579999923706055,13.59000015258789,13.319999694824219,13.319999694824219,12.799480438232422,27100.0
2021-05-25,13.4399995803833,13.510000228881836,13.149999618530273,13.229999542236328,12.712996482849121,42800.0
2021-05-26,13.239999771118164,13.25,13.170000076293945,13.220000267028809,12.703387260437012,25300.0
2021-05-27,13.220000267028809,13.34000015258789,13.170000076293945,13.279999732971191,12.761042594909668,37800.0
2021-05-28,13.260000228881836,13.350000381469727,13.199999809265137,13.34000015258789,12.818697929382324,28000.0
2021-06-01,13.489999771118164,13.59000015258789,13.380000114440918,13.420000076293945,12.895570755004883,38600.0
2021-06-02,13.510000228881836,13.539999961853027,13.359999656677246,13.40999984741211,12.88596248626709,24500.0
2021-06-03,13.470000267028809,13.479999542236328,13.34000015258789,13.390000343322754,12.866744041442871,36500.0
2021-06-04,13.4399995803833,13.4399995803833,13.319999694824219,13.359999656677246,12.837916374206543,21600.0
2021-06-07,13.399999618530273,13.40999984741211,13.34000015258789,13.40999984741211,12.88596248626709,26500.0
2021-06-08,13.390000343322754,13.430000305175781,13.350000381469727,13.40999984741211,12.88596248626709,30600.0
2021-06-09,13.5,13.5,13.399999618530273,13.40999984741211,12.88596248626709,25100.0
2021-06-10,13.510000228881836,13.510000228881836,13.350000381469727,13.460000038146973,12.934008598327637,28100.0
2021-06-11,13.460000038146973,13.460000038146973,13.40999984741211,13.4399995803833,12.914790153503418,21700.0
2021-06-14,13.449999809265137,13.449999809265137,13.350000381469727,13.4399995803833,12.963500022888184,26200.0
2021-06-15,13.420000076293945,13.5,13.399999618530273,13.470000267028809,12.992437362670898,23800.0
2021-06-16,13.479999542236328,13.579999923706055,13.479999542236328,13.5600004196167,13.079245567321777,27500.0
2021-06-17,13.600000381469727,13.600000381469727,13.510000228881836,13.539999961853027,13.059954643249512,29300.0
2021-06-18,13.5600004196167,13.5600004196167,13.510000228881836,13.5600004196167,13.079245567321777,32900.0
2021-06-21,13.5600004196167,13.5600004196167,13.550000190734863,13.5600004196167,13.079245567321777,9500.0
2021-06-22,13.579999923706055,13.680000305175781,13.550000190734863,13.59000015258789,13.108180046081543,29800.0
2021-06-23,13.630000114440918,13.65999984741211,13.609999656677246,13.630000114440918,13.146761894226074,24500.0
2021-06-24,13.680000305175781,13.680000305175781,13.600000381469727,13.619999885559082,13.137118339538574,20300.0
2021-06-25,13.630000114440918,13.640000343322754,13.619999885559082,13.619999885559082,13.137118339538574,9900.0
2021-06-28,13.640000343322754,13.75,13.59000015258789,13.619999885559082,13.137118339538574,16400.0
2021-06-29,13.619999885559082,13.670000076293945,13.449999809265137,13.569999694824219,13.088890075683594,44500.0
2021-06-30,13.609999656677246,13.640000343322754,13.5600004196167,13.609999656677246,13.127472877502441,31400.0
2021-07-01,13.65999984741211,13.65999984741211,13.579999923706055,13.600000381469727,13.117827415466309,41300.0
2021-07-02,13.619999885559082,13.8100004196167,13.619999885559082,13.8100004196167,13.320383071899414,34100.0
2021-07-06,13.829999923706055,13.829999923706055,13.75,13.8100004196167,13.320383071899414,17900.0
2021-07-07,13.800000190734863,13.800000190734863,13.739999771118164,13.789999961853027,13.301091194152832,47800.0
2021-07-08,13.699999809265137,13.84000015258789,13.699999809265137,13.800000190734863,13.310736656188965,22100.0
2021-07-09,13.84000015258789,13.859999656677246,13.779999732971191,13.800000190734863,13.310736656188965,65800.0
2021-07-12,13.829999923706055,13.890000343322754,13.8100004196167,13.84000015258789,13.349319458007812,23100.0
2021-07-13,13.800000190734863,13.890000343322754,13.779999732971191,13.850000381469727,13.358963012695312,42400.0
2021-07-14,13.8100004196167,13.859999656677246,13.649999618530273,13.720000267028809,13.28585433959961,65800.0
2021-07-15,13.680000305175781,13.739999771118164,13.600000381469727,13.609999656677246,13.179332733154297,46700.0
2021-07-16,13.59000015258789,13.630000114440918,13.489999771118164,13.520000457763672,13.092182159423828,52400.0
2021-07-19,13.520000457763672,13.529999732971191,13.399999618530273,13.430000305175781,13.005029678344727,69700.0
2021-07-20,13.399999618530273,13.470000267028809,13.390000343322754,13.449999809265137,13.024395942687988,64600.0
2021-07-21,13.430000305175781,13.460000038146973,13.390000343322754,13.390000343322754,12.966293334960938,43600.0
2021-07-22,13.390000343322754,13.4399995803833,13.34000015258789,13.369999885559082,12.946928024291992,51700.0
2021-07-23,13.380000114440918,13.420000076293945,13.3100004196167,13.420000076293945,12.995345115661621,44900.0
2021-07-26,13.420000076293945,13.520000457763672,13.350000381469727,13.520000457763672,13.092182159423828,43100.0
2021-07-27,13.510000228881836,13.529999732971191,13.449999809265137,13.510000228881836,13.082496643066406,47100.0
2021-07-28,13.510000228881836,13.619999885559082,13.5,13.609999656677246,13.179332733154297,60800.0
2021-07-29,13.569999694824219,13.670000076293945,13.569999694824219,13.649999618530273,13.218067169189453,40900.0
2021-07-30,13.649999618530273,13.680000305175781,13.630000114440918,13.649999618530273,13.218067169189453,32400.0
2021-08-02,13.649999618530273,13.75,13.630000114440918,13.720000267028809,13.28585433959961,41300.0
2021-08-03,13.699999809265137,13.760000228881836,13.649999618530273,13.739999771118164,13.305221557617188,40500.0
2021-08-04,13.739999771118164,13.75,13.699999809265137,13.739999771118164,13.305221557617188,24700.0
2021-08-05,13.75,13.75,13.670000076293945,13.680000305175781,13.247119903564453,32000.0
2021-08-06,13.65999984741211,13.739999771118164,13.649999618530273,13.729999542236328,13.29553508758545,29600.0
2021-08-09,13.729999542236328,13.84000015258789,13.699999809265137,13.8100004196167,13.373005867004395,102300.0
2021-08-10,13.84000015258789,13.899999618530273,13.8100004196167,13.859999656677246,13.421422004699707,36500.0
2021-08-11,13.970000267028809,14.020000457763672,13.880000114440918,14.020000457763672,13.576360702514648,61900.0
2021-08-12,13.9399995803833,14.0,13.890000343322754,13.930000305175781,13.489208221435547,58200.0
2021-08-13,13.880000114440918,13.920000076293945,13.829999923706055,13.890000343322754,13.503305435180664,32200.0
2021-08-16,13.920000076293945,13.9399995803833,13.739999771118164,13.90999984741211,13.522747993469238,30000.0
2021-08-17,13.90999984741211,13.920000076293945,13.850000381469727,13.880000114440918,13.493582725524902,23800.0
2021-08-18,13.899999618530273,14.0,13.869999885559082,13.949999809265137,13.561633110046387,38100.0
2021-08-19,14.0,14.0600004196167,13.960000038146973,14.039999961853027,13.649127960205078,26500.0
2021-08-20,14.100000381469727,14.25,14.09000015258789,14.25,13.853281021118164,25600.0
2021-08-23,14.359999656677246,14.670000076293945,14.170000076293945,14.550000190734863,14.144929885864258,43800.0
2021-08-24,14.5,14.680000305175781,14.40999984741211,14.59000015258789,14.183815956115723,50300.0
2021-08-25,14.680000305175781,14.699999809265137,14.029999732971191,14.3100004196167,13.911611557006836,82300.0
2021-08-26,14.260000228881836,14.479999542236328,14.130000114440918,14.359999656677246,13.960220336914062,40400.0
2021-08-27,14.430000305175781,14.550000190734863,14.140000343322754,14.550000190734863,14.144929885864258,55600.0
2021-08-30,14.59000015258789,14.59000015258789,14.359999656677246,14.420000076293945,14.018549919128418,30600.0
2021-08-31,14.479999542236328,14.520000457763672,14.279999732971191,14.470000267028809,14.067158699035645,31300.0
2021-09-01,14.539999961853027,14.59000015258789,14.4399995803833,14.579999923706055,14.174095153808594,23100.0
2021-09-02,14.630000114440918,14.630000114440918,14.399999618530273,14.430000305175781,14.028270721435547,23100.0
2021-09-03,14.479999542236328,14.5,14.239999771118164,14.4399995803833,14.037991523742676,30600.0
2021-09-07,14.449999809265137,14.449999809265137,14.079999923706055,14.15999984741211,13.765787124633789,44200.0
2021-09-08,14.25,14.319999694824219,14.0600004196167,14.130000114440918,13.73662281036377,16300.0
2021-09-09,14.15999984741211,14.329999923706055,14.130000114440918,14.149999618530273,13.756065368652344,12200.0
2021-09-10,14.300000190734863,14.350000381469727,14.09000015258789,14.350000381469727,13.950499534606934,32300.0
2021-09-13,14.350000381469727,14.699999809265137,14.279999732971191,14.40999984741211,14.008827209472656,38800.0
2021-09-14,14.40999984741211,14.75,14.199999809265137,14.720000267028809,14.36452579498291,18100.0
2021-09-15,14.720000267028809,15.1899995803833,14.470000267028809,14.829999923706055,14.471868515014648,40700.0
2021-09-16,14.890000343322754,14.890000343322754,14.710000038146973,14.75,14.393800735473633,72100.0
2021-09-17,14.829999923706055,14.829999923706055,14.5,14.5600004196167,14.208389282226562,47900.0
2021-09-20,14.460000038146973,14.539999961853027,14.239999771118164,14.319999694824219,13.974184036254883,19400.0
2021-09-21,14.40999984741211,14.550000190734863,14.199999809265137,14.199999809265137,13.857083320617676,17400.0
2021-09-22,14.199999809265137,14.369999885559082,14.199999809265137,14.229999542236328,13.886358261108398,12400.0
2021-09-23,14.289999961853027,14.5,14.119999885559082,14.130000114440918,13.788773536682129,27100.0
2021-09-24,14.220000267028809,14.220000267028809,14.050000190734863,14.109999656677246,13.769256591796875,23700.0
2021-09-27,14.109999656677246,14.210000038146973,13.869999885559082,13.869999885559082,13.535051345825195,14400.0
2021-09-28,13.789999961853027,13.979999542236328,13.600000381469727,13.65999984741211,13.330122947692871,56600.0
2021-09-29,13.640000343322754,13.850000381469727,13.640000343322754,13.710000038146973,13.378915786743164,43100.0
2021-09-30,13.770000457763672,13.869999885559082,13.520000457763672,13.520000457763672,13.19350528717041,36400.0
2021-10-01,13.6899995803833,13.710000038146973,13.600000381469727,13.630000114440918,13.300848007202148,31900.0
2021-10-04,13.699999809265137,13.930000305175781,13.460000038146973,13.5600004196167,13.232539176940918,20000.0
2021-10-05,13.630000114440918,13.699999809265137,13.460000038146973,13.539999961853027,13.213021278381348,23800.0
2021-10-06,13.59000015258789,13.609999656677246,13.510000228881836,13.529999732971191,13.203262329101562,24900.0
2021-10-07,13.59000015258789,13.59000015258789,13.449999809265137,13.479999542236328,13.15446949005127,23300.0
2021-10-08,13.529999732971191,13.529999732971191,13.449999809265137,13.489999771118164,13.164229393005371,14800.0
2021-10-11,13.539999961853027,13.579999923706055,13.489999771118164,13.569999694824219,13.242297172546387,39700.0
2021-10-12,13.539999961853027,13.760000228881836,13.539999961853027,13.75,13.417950630187988,49500.0
2021-10-13,13.760000228881836,14.010000228881836,13.649999618530273,13.949999809265137,13.613120079040527,57500.0
2021-10-14,13.9399995803833,13.949999809265137,13.779999732971191,13.90999984741211,13.627326011657715,37400.0
2021-10-15,13.920000076293945,14.239999771118164,13.899999618530273,14.239999771118164,13.950618743896484,32200.0
2021-10-18,14.1899995803833,14.1899995803833,14.0,14.039999961853027,13.754684448242188,23400.0
2021-10-19,14.100000381469727,14.100000381469727,13.640000343322754,13.710000038146973,13.431389808654785,25200.0
2021-10-20,13.710000038146973,13.819999694824219,13.65999984741211,13.680000305175781,13.401999473571777,13000.0
2021-10-21,13.649999618530273,13.819999694824219,13.5600004196167,13.609999656677246,13.333419799804688,19800.0
2021-10-22,13.680000305175781,13.75,13.579999923706055,13.619999885559082,13.343218803405762,17700.0
2021-10-25,13.59000015258789,13.720000267028809,13.489999771118164,13.5600004196167,13.284438133239746,17700.0
2021-10-26,13.609999656677246,13.609999656677246,13.300000190734863,13.449999809265137,13.17667293548584,52200.0
2021-10-27,13.449999809265137,13.449999809265137,13.319999694824219,13.34000015258789,13.06890869140625,21900.0
2021-10-28,13.380000114440918,13.390000343322754,13.319999694824219,13.319999694824219,13.049314498901367,19700.0
2021-10-29,13.350000381469727,13.470000267028809,13.329999923706055,13.359999656677246,13.088501930236816,58500.0
2021-11-01,13.449999809265137,13.550000190734863,13.380000114440918,13.550000190734863,13.274641990661621,21600.0
2021-11-02,13.579999923706055,13.720000267028809,13.579999923706055,13.699999809265137,13.421592712402344,29000.0
2021-11-03,13.720000267028809,13.84000015258789,13.6899995803833,13.84000015258789,13.558747291564941,8600.0
2021-11-04,13.84000015258789,13.890000343322754,13.520000457763672,13.550000190734863,13.274641990661621,106500.0
2021-11-05,13.65999984741211,13.800000190734863,13.569999694824219,13.800000190734863,13.519560813903809,47400.0
2021-11-08,13.869999885559082,14.15999984741211,13.869999885559082,14.15999984741211,13.872244834899902,49800.0
2021-11-09,14.15999984741211,14.220000267028809,14.119999885559082,14.220000267028809,13.931025505065918,43200.0
2021-11-10,14.210000038146973,14.34000015258789,14.210000038146973,14.329999923706055,14.038790702819824,49700.0
2021-11-11,14.329999923706055,14.430000305175781,14.319999694824219,14.420000076293945,14.126961708068848,16500.0
2021-11-12,14.359999656677246,14.5,14.329999923706055,14.420000076293945,14.180556297302246,15200.0
2021-11-15,14.420000076293945,14.59000015258789,14.420000076293945,14.449999809265137,14.210057258605957,18200.0
2021-11-16,14.449999809265137,14.649999618530273,14.449999809265137,14.649999618530273,14.406736373901367,16800.0
2021-11-17,14.619999885559082,14.619999885559082,14.119999885559082,14.569999694824219,14.328065872192383,23500.0
2021-11-18,14.5,14.569999694824219,14.229999542236328,14.229999542236328,13.9937105178833,36700.0
2021-11-19,14.289999961853027,14.399999618530273,14.1899995803833,14.210000038146973,13.974043846130371,17600.0
2021-11-22,14.279999732971191,14.399999618530273,14.079999923706055,14.079999923706055,13.846202850341797,11900.0
2021-11-23,14.100000381469727,14.100000381469727,13.520000457763672,13.600000381469727,13.37417221069336,58100.0
2021-11-24,13.670000076293945,13.670000076293945,13.4399995803833,13.5,13.275832176208496,79000.0
2021-11-26,13.470000267028809,13.600000381469727,13.270000457763672,13.4399995803833,13.216829299926758,53100.0
2021-11-29,13.5,13.5,13.380000114440918,13.4399995803833,13.216829299926758,38700.0
2021-11-30,13.470000267028809,13.529999732971191,13.270000457763672,13.449999809265137,13.226662635803223,59500.0
2021-12-01,13.539999961853027,13.539999961853027,13.329999923706055,13.40999984741211,13.187326431274414,60200.0
2021-12-02,13.470000267028809,13.470000267028809,13.109999656677246,13.239999771118164,13.020149230957031,87800.0
2021-12-03,13.210000038146973,13.270000457763672,13.079999923706055,13.270000457763672,13.049653053283691,72100.0
2021-12-06,13.270000457763672,13.3100004196167,13.050000190734863,13.149999618530273,12.93164348602295,86800.0
2021-12-07,13.170000076293945,13.489999771118164,13.170000076293945,13.390000343322754,13.167659759521484,55300.0
2021-12-08,13.40999984741211,13.609999656677246,13.40999984741211,13.5600004196167,13.334836959838867,69000.0
2021-12-09,13.579999923706055,13.760000228881836,13.5600004196167,13.760000228881836,13.531516075134277,68200.0
2021-12-10,13.829999923706055,14.489999771118164,13.710000038146973,14.4399995803833,14.200223922729492,155200.0
2021-12-13,14.5,14.779999732971191,14.079999923706055,14.6899995803833,14.446073532104492,119300.0
2021-12-14,14.670000076293945,14.75,14.430000305175781,14.710000038146973,14.465740203857422,54200.0
2021-12-15,14.699999809265137,14.699999809265137,14.460000038146973,14.569999694824219,14.328065872192383,46700.0
2021-12-16,14.59000015258789,14.720000267028809,14.489999771118164,14.5,14.312766075134277,60000.0
2021-12-17,14.600000381469727,14.649999618530273,14.470000267028809,14.510000228881836,14.322636604309082,30700.0
2021-12-20,14.329999923706055,14.59000015258789,14.210000038146973,14.539999961853027,14.352248191833496,30800.0
2021-12-21,14.6899995803833,14.6899995803833,14.399999618530273,14.489999771118164,14.30289363861084,16100.0
2021-12-22,14.569999694824219,14.619999885559082,14.25,14.279999732971191,14.095605850219727,31900.0
2021-12-23,14.390000343322754,14.699999809265137,14.380000114440918,14.640000343322754,14.450957298278809,31500.0
2021-12-27,14.640000343322754,14.9399995803833,14.529999732971191,14.699999809265137,14.510183334350586,38200.0
2021-12-28,14.829999923706055,15.069999694824219,14.710000038146973,15.0,14.80630874633789,46500.0
2021-12-29,15.0,15.050000190734863,14.829999923706055,14.989999771118164,14.796438217163086,41700.0
2021-12-30,15.0,15.180000305175781,14.8100004196167,15.180000305175781,14.983985900878906,16800.0
2021-12-31,15.1899995803833,15.4399995803833,15.0,15.0,14.80630874633789,40400.0
2022-01-03,15.010000228881836,15.149999618530273,14.5,14.800000190734863,14.608891487121582,51300.0
2022-01-04,14.850000381469727,14.899999618530273,14.380000114440918,14.420000076293945,14.23379898071289,37900.0
2022-01-05,14.420000076293945,14.5,13.960000038146973,14.029999732971191,13.848834037780762,42000.0
2022-01-06,14.050000190734863,14.050000190734863,13.850000381469727,13.890000343322754,13.71064281463623,65100.0
2022-01-07,13.890000343322754,13.989999771118164,13.829999923706055,13.880000114440918,13.70077133178711,15200.0
2022-01-10,13.819999694824219,13.9399995803833,13.8100004196167,13.84000015258789,13.661287307739258,16100.0
2022-01-11,13.850000381469727,13.930000305175781,13.680000305175781,13.8100004196167,13.63167667388916,9000.0
2022-01-12,13.819999694824219,13.880000114440918,13.670000076293945,13.739999771118164,13.562579154968262,30600.0
2022-01-13,13.65999984741211,13.779999732971191,13.59000015258789,13.600000381469727,13.477848052978516,14300.0
2022-01-14,13.5600004196167,13.5600004196167,13.319999694824219,13.34000015258789,13.220182418823242,32600.0
2022-01-18,13.1899995803833,13.300000190734863,13.050000190734863,13.050000190734863,12.932787895202637,30900.0
2022-01-19,13.0600004196167,13.25,12.880000114440918,12.880000114440918,12.764314651489258,69000.0
2022-01-20,12.850000381469727,13.09000015258789,12.75,12.75,12.635481834411621,33200.0
2022-01-21,12.75,12.949999809265137,12.399999618530273,12.550000190734863,12.437277793884277,98500.0
2022-01-24,12.430000305175781,12.510000228881836,12.319999694824219,12.4399995803833,12.328265190124512,62800.0
2022-01-25,12.470000267028809,12.710000038146973,12.4399995803833,12.539999961853027,12.427367210388184,78600.0
2022-01-26,12.529999732971191,12.779999732971191,12.529999732971191,12.609999656677246,12.49673843383789,55500.0
2022-01-27,12.600000381469727,12.739999771118164,12.539999961853027,12.600000381469727,12.486828804016113,32600.0
2022-01-28,12.529999732971191,12.5600004196167,12.40999984741211,12.430000305175781,12.31835651397705,54100.0
2022-01-31,12.399999618530273,12.5600004196167,12.399999618530273,12.539999961853027,12.427367210388184,33900.0
2022-02-01,12.550000190734863,12.680000305175781,12.520000457763672,12.569999694824219,12.457098007202148,65600.0
2022-02-02,12.600000381469727,12.729999542236328,12.529999732971191,12.5600004196167,12.447189331054688,66300.0
2022-02-03,12.470000267028809,12.5600004196167,12.470000267028809,12.539999961853027,12.427367210388184,76100.0
2022-02-04,12.479999542236328,12.5600004196167,12.430000305175781,12.430000305175781,12.31835651397705,59100.0
2022-02-07,12.479999542236328,12.569999694824219,12.470000267028809,12.529999732971191,12.41745662689209,30600.0
2022-02-08,12.5,12.569999694824219,12.449999809265137,12.539999961853027,12.427367210388184,68600.0
2022-02-09,12.529999732971191,12.619999885559082,12.520000457763672,12.5600004196167,12.447189331054688,66200.0
2022-02-10,12.539999961853027,12.65999984741211,12.460000038146973,12.529999732971191,12.41745662689209,53200.0
2022-02-11,12.470000267028809,12.5600004196167,12.399999618530273,12.399999618530273,12.28862476348877,53100.0
2022-02-14,12.34000015258789,12.34000015258789,12.1899995803833,12.229999542236328,12.173657417297363,39300.0
2022-02-15,12.25,12.329999923706055,12.0,12.050000190734863,11.994486808776855,105700.0
2022-02-16,12.020000457763672,12.050000190734863,11.9399995803833,11.960000038146973,11.904901504516602,129400.0
2022-02-17,11.970000267028809,12.109999656677246,11.970000267028809,12.039999961853027,11.984533309936523,82900.0
2022-02-18,12.050000190734863,12.100000381469727,11.84000015258789,11.890000343322754,11.835224151611328,147500.0
2022-02-22,11.890000343322754,11.890000343322754,11.75,11.789999961853027,11.735684394836426,104000.0
2022-02-23,11.789999961853027,11.949999809265137,11.739999771118164,11.899999618530273,11.84517765045166,148900.0
2022-02-24,11.800000190734863,11.979999542236328,11.800000190734863,11.949999809265137,11.894947052001953,49900.0
2022-02-25,11.9399995803833,12.140000343322754,11.9399995803833,12.130000114440918,12.074118614196777,72000.0
2022-02-28,12.100000381469727,12.289999961853027,12.0600004196167,12.289999961853027,12.233381271362305,51200.0
2022-03-01,12.300000190734863,12.420000076293945,12.300000190734863,12.34000015258789,12.283150672912598,85100.0
2022-03-02,12.300000190734863,12.390000343322754,12.289999961853027,12.390000343322754,12.332921028137207,42200.0
2022-03-03,12.390000343322754,12.539999961853027,12.289999961853027,12.4399995803833,12.382689476013184,76000.0
2022-03-04,12.4399995803833,12.479999542236328,12.289999961853027,12.479999542236328,12.422505378723145,58000.0
2022-03-07,12.390000343322754,12.4399995803833,12.199999809265137,12.199999809265137,12.14379596710205,64400.0
2022-03-08,12.149999618530273,12.199999809265137,12.0,12.029999732971191,11.974578857421875,48200.0
2022-03-09,12.130000114440918,12.130000114440918,12.0,12.039999961853027,11.984533309936523,39400.0
2022-03-10,12.0,12.020000457763672,11.8100004196167,11.819999694824219,11.765545845031738,38900.0
2022-03-11,11.869999885559082,12.010000228881836,11.6899995803833,11.829999923706055,11.775500297546387,83700.0
2022-03-14,,,,,,
2022-03-15,11.710000038146973,12.0600004196167,11.710000038146973,11.84000015258789,11.84000015258789,38100.0
