Date,Open,High,Low,Close,Adj Close,Volume
2009-09-17,40.25,40.25,40.040000915527344,40.150001525878906,18.930753707885742,0
2009-09-18,40.33000183105469,40.33000183105469,40.04999923706055,40.279998779296875,18.992048263549805,0
2009-09-21,40.04999923706055,40.25,40.0,40.16999816894531,18.94017219543457,0
2009-09-22,40.59000015258789,40.59000015258789,40.150001525878906,40.41999816894531,19.058061599731445,0
2009-09-23,40.470001220703125,40.54999923706055,40.27000045776367,40.439998626708984,19.067489624023438,0
2009-09-24,40.470001220703125,40.5,40.38999938964844,40.5,19.095773696899414,0
2009-09-25,40.45000076293945,41.33000183105469,40.369998931884766,41.25,19.449403762817383,0
2009-09-28,41.349998474121094,41.349998474121094,40.83000183105469,40.84000015258789,19.256080627441406,0
2009-09-29,41.09000015258789,41.09000015258789,40.650001525878906,40.7400016784668,19.208938598632812,0
2009-09-30,40.9900016784668,40.9900016784668,40.61000061035156,40.7400016784668,19.208938598632812,0
2009-10-01,40.7400016784668,40.7400016784668,40.61000061035156,40.709999084472656,19.19479751586914,0
2009-10-02,40.349998474121094,40.5099983215332,40.189998626708984,40.45000076293945,19.072202682495117,0
2009-10-05,40.70000076293945,40.70000076293945,40.34000015258789,40.63999938964844,19.161787033081055,0
2009-10-06,40.849998474121094,40.849998474121094,40.619998931884766,40.79999923706055,19.237224578857422,38000
2009-10-07,40.70000076293945,40.7599983215332,40.5099983215332,40.630001068115234,19.157073974609375,14300
2009-10-08,40.790000915527344,40.88999938964844,40.75,40.75,19.213665008544922,10600
2009-10-09,40.810001373291016,40.81999969482422,40.75,40.81999969482422,19.246652603149414,5500
2009-10-12,41.0,41.0,40.81999969482422,40.869998931884766,19.270225524902344,8200
2009-10-13,40.9900016784668,40.9900016784668,40.75,40.849998474121094,19.26079750061035,17500
2009-10-14,41.189998626708984,41.189998626708984,40.939998626708984,40.959999084472656,19.312665939331055,27300
2009-10-15,40.880001068115234,40.95000076293945,40.849998474121094,40.93000030517578,19.298526763916016,27300
2009-10-16,40.81999969482422,40.83000183105469,40.68000030517578,40.83000183105469,19.251375198364258,9700
2009-10-19,40.83000183105469,40.86000061035156,40.810001373291016,40.83000183105469,19.251375198364258,5500
2009-10-20,41.0,41.0,40.79999923706055,40.810001373291016,19.241947174072266,3500
2009-10-21,40.93000030517578,40.93000030517578,40.86000061035156,40.86000061035156,19.26551628112793,9600
2009-10-22,40.869998931884766,40.880001068115234,40.790000915527344,40.869998931884766,19.270225524902344,5800
2009-10-23,40.849998474121094,40.880001068115234,40.810001373291016,40.869998931884766,19.270225524902344,5300
2009-10-26,40.81999969482422,40.849998474121094,40.7400016784668,40.7400016784668,19.208938598632812,2900
2009-10-27,40.75,40.75,40.4900016784668,40.59000015258789,19.138216018676758,6900
2009-10-28,40.59000015258789,40.59000015258789,39.81999969482422,39.86000061035156,18.79401397705078,7700
2009-10-29,40.04999923706055,40.08000183105469,39.91999816894531,40.060001373291016,18.888317108154297,11400
2009-10-30,40.0099983215332,40.04999923706055,39.849998474121094,40.0099983215332,18.864742279052734,8100
2009-11-02,39.95000076293945,40.040000915527344,39.470001220703125,39.52000045776367,18.633708953857422,29400
2009-11-03,39.349998474121094,39.349998474121094,38.81999969482422,39.18000030517578,18.473398208618164,5700
2009-11-04,39.25,39.52000045776367,39.25,39.47999954223633,18.61484718322754,21700
2009-11-05,39.40999984741211,39.56999969482422,39.40999984741211,39.5,18.624271392822266,14400
2009-11-06,39.439998626708984,39.86000061035156,39.439998626708984,39.86000061035156,18.79401397705078,9600
2009-11-09,39.9900016784668,40.16999816894531,39.9900016784668,40.119998931884766,18.91661262512207,7300
2009-11-10,40.09000015258789,40.11000061035156,40.0,40.099998474121094,18.907184600830078,13500
2009-11-11,40.27000045776367,40.380001068115234,40.22999954223633,40.34000015258789,19.020339965820312,8000
2009-11-12,40.29999923706055,40.29999923706055,40.11000061035156,40.150001525878906,18.930753707885742,7200
2009-11-13,40.310001373291016,40.380001068115234,40.2400016784668,40.33000183105469,19.015626907348633,6500
2009-11-16,40.61000061035156,40.61000061035156,40.31999969482422,40.380001068115234,19.039201736450195,7300
2009-11-17,40.349998474121094,40.349998474121094,40.290000915527344,40.310001373291016,19.006200790405273,19400
2009-11-18,40.349998474121094,40.349998474121094,40.29999923706055,40.33000183105469,19.015626907348633,11400
2009-11-19,40.36000061035156,40.36000061035156,40.18000030517578,40.22999954223633,18.968481063842773,8000
2009-11-20,40.27000045776367,40.27000045776367,40.189998626708984,40.220001220703125,18.963764190673828,2400
2009-11-23,40.45000076293945,40.45000076293945,40.310001373291016,40.43000030517578,19.062772750854492,20800
2009-11-24,40.38999938964844,40.470001220703125,40.369998931884766,40.470001220703125,19.081636428833008,16700
2009-11-25,40.43000030517578,40.529998779296875,40.40999984741211,40.45000076293945,19.072202682495117,37800
2009-11-27,39.86000061035156,40.119998931884766,39.86000061035156,40.09000015258789,18.902463912963867,9800
2009-11-30,40.349998474121094,40.40999984741211,40.189998626708984,40.25,18.9779052734375,10000
2009-12-01,40.2400016784668,40.45000076293945,39.93000030517578,40.439998626708984,19.067489624023438,20400
2009-12-02,40.41999816894531,40.61000061035156,40.41999816894531,40.61000061035156,19.147645950317383,7000
2009-12-03,40.90999984741211,40.97999954223633,40.849998474121094,40.93000030517578,19.298526763916016,3600
2009-12-04,41.04999923706055,41.119998931884766,41.029998779296875,41.11000061035156,19.383394241333008,9400
2009-12-07,41.15999984741211,41.45000076293945,41.15999984741211,41.45000076293945,19.543701171875,5300
2009-12-08,41.45000076293945,41.54999923706055,41.45000076293945,41.54999923706055,19.590852737426758,16300
2009-12-09,41.54999923706055,41.65999984741211,41.5,41.650001525878906,19.638004302978516,6900
2009-12-10,41.790000915527344,41.790000915527344,41.61000061035156,41.65999984741211,19.642715454101562,51200
2009-12-11,41.72999954223633,41.790000915527344,41.709999084472656,41.7400016784668,19.680431365966797,5800
2009-12-14,41.7599983215332,41.83000183105469,41.70000076293945,41.7599983215332,19.68987274169922,16700
2009-12-15,41.689998626708984,41.81999969482422,41.689998626708984,41.81999969482422,19.718158721923828,5200
2009-12-16,41.95000076293945,41.95000076293945,41.869998931884766,41.88999938964844,19.75116539001465,9700
2009-12-17,41.779998779296875,41.86000061035156,41.779998779296875,41.86000061035156,19.73701286315918,9000
2009-12-18,41.08000183105469,41.08000183105469,40.91999816894531,41.08000183105469,19.782289505004883,13100
2009-12-21,41.08000183105469,41.290000915527344,41.08000183105469,41.27000045776367,19.8737850189209,4600
2009-12-22,41.349998474121094,41.349998474121094,41.2599983215332,41.310001373291016,19.89304542541504,26100
2009-12-23,41.349998474121094,41.439998626708984,41.349998474121094,41.439998626708984,19.95565414428711,12500
2009-12-24,41.459999084472656,41.56999969482422,41.459999084472656,41.56999969482422,20.01824951171875,4000
2009-12-28,41.61000061035156,43.27000045776367,41.5099983215332,41.58000183105469,20.023069381713867,11600
2009-12-29,41.58000183105469,41.58000183105469,41.45000076293945,41.470001220703125,19.970096588134766,18600
2009-12-30,41.4900016784668,41.58000183105469,41.45000076293945,41.58000183105469,20.023069381713867,3100
2009-12-31,41.599998474121094,41.63999938964844,41.54999923706055,41.54999923706055,20.00861358642578,13200
2010-01-04,41.70000076293945,41.72999954223633,41.630001068115234,41.720001220703125,20.090484619140625,10400
2010-01-05,41.720001220703125,41.97999954223633,41.65999984741211,41.900001525878906,20.177156448364258,63400
2010-01-06,42.47999954223633,42.5,41.959999084472656,42.029998779296875,20.239768981933594,15500
2010-01-07,42.099998474121094,42.099998474121094,42.029998779296875,42.09000015258789,20.26866340637207,30700
2010-01-08,42.15999984741211,42.15999984741211,42.099998474121094,42.130001068115234,20.287925720214844,15700
2010-01-11,42.220001220703125,42.279998779296875,42.20000076293945,42.279998779296875,20.360158920288086,7500
2010-01-12,42.2599983215332,42.29999923706055,42.20000076293945,42.29999923706055,20.36978530883789,17700
2010-01-13,42.34000015258789,42.40999984741211,42.310001373291016,42.40999984741211,20.422758102416992,11800
2010-01-14,42.400001525878906,42.66999816894531,42.38999938964844,42.560001373291016,20.49498748779297,6900
2010-01-15,42.470001220703125,42.56999969482422,42.0,42.56999969482422,20.499801635742188,52200
2010-01-19,42.52000045776367,42.540000915527344,42.459999084472656,42.540000915527344,20.485353469848633,27100
2010-01-20,42.5,42.540000915527344,42.459999084472656,42.540000915527344,20.485353469848633,16200
2010-01-21,42.58000183105469,42.58000183105469,42.310001373291016,42.380001068115234,20.408309936523438,20900
2010-01-22,42.290000915527344,42.290000915527344,42.0,42.02000045776367,20.234943389892578,10600
2010-01-25,42.41999816894531,42.41999816894531,41.95000076293945,42.06999969482422,20.25902557373047,10500
2010-01-26,42.029998779296875,42.15999984741211,41.9900016784668,42.09000015258789,20.26866340637207,18500
2010-01-27,42.040000915527344,42.04999923706055,41.90999984741211,41.9900016784668,20.220504760742188,12500
2010-01-28,42.09000015258789,42.09000015258789,41.869998931884766,41.939998626708984,20.196426391601562,8000
2010-01-29,42.0099983215332,42.029998779296875,41.779998779296875,41.779998779296875,20.119375228881836,18500
2010-02-01,42.04999923706055,42.119998931884766,41.869998931884766,42.119998931884766,20.28310203552246,25800
2010-02-02,42.290000915527344,42.290000915527344,42.09000015258789,42.2599983215332,20.35051727294922,15600
2010-02-03,42.279998779296875,42.290000915527344,42.20000076293945,42.290000915527344,20.364971160888672,14500
2010-02-04,42.16999816894531,42.18000030517578,41.959999084472656,41.970001220703125,20.21086311340332,17900
2010-02-05,42.029998779296875,42.13999938964844,41.52000045776367,41.61000061035156,20.037511825561523,34100
2010-02-08,41.58000183105469,41.72999954223633,41.58000183105469,41.689998626708984,20.076026916503906,10900
2010-02-09,41.88999938964844,41.88999938964844,41.70000076293945,41.86000061035156,20.15789794921875,27500
2010-02-10,41.95000076293945,41.970001220703125,41.7400016784668,41.880001068115234,20.167530059814453,63400
2010-02-11,42.0,42.02000045776367,41.939998626708984,42.02000045776367,20.234943389892578,12300
2010-02-12,41.88999938964844,42.0,41.88999938964844,41.95000076293945,20.20123291015625,17000
2010-02-16,42.099998474121094,42.279998779296875,42.08000183105469,42.22999954223633,20.33606719970703,62200
2010-02-17,42.36000061035156,42.470001220703125,42.2400016784668,42.470001220703125,20.451644897460938,42800
2010-02-18,42.45000076293945,42.630001068115234,42.45000076293945,42.59000015258789,20.509428024291992,19400
2010-02-19,42.54999923706055,42.68000030517578,42.52000045776367,42.68000030517578,20.55276870727539,21200
2010-02-22,42.79999923706055,42.79999923706055,42.70000076293945,42.77000045776367,20.596118927001953,9100
2010-02-23,43.400001525878906,43.400001525878906,42.70000076293945,42.79999923706055,20.610567092895508,11500
2010-02-24,43.0,43.0,42.79999923706055,42.91999816894531,20.668354034423828,33400
2010-02-25,42.790000915527344,42.939998626708984,42.709999084472656,42.939998626708984,20.677968978881836,49500
2010-02-26,43.720001220703125,43.720001220703125,42.88999938964844,43.02000045776367,20.71649932861328,8900
2010-03-01,43.16999816894531,43.16999816894531,43.09000015258789,43.13999938964844,20.774288177490234,30500
2010-03-02,43.220001220703125,43.33000183105469,43.20000076293945,43.33000183105469,20.86578369140625,23400
2010-03-03,43.400001525878906,43.400001525878906,43.27000045776367,43.290000915527344,20.846527099609375,20700
2010-03-04,43.2400016784668,43.40999984741211,43.20000076293945,43.40999984741211,20.904300689697266,22700
2010-03-05,43.540000915527344,43.54999923706055,43.43000030517578,43.54999923706055,20.971725463867188,41000
2010-03-08,43.619998931884766,43.619998931884766,43.58000183105469,43.61000061035156,21.0006160736084,18200
2010-03-09,43.56999969482422,43.709999084472656,43.5,43.709999084472656,21.048768997192383,62600
2010-03-10,43.68000030517578,43.869998931884766,43.630001068115234,43.709999084472656,21.048768997192383,163600
2010-03-11,43.79999923706055,43.849998474121094,43.790000915527344,43.849998474121094,21.116182327270508,20500
2010-03-12,43.84000015258789,44.0099983215332,43.84000015258789,44.0099983215332,21.19324493408203,11300
2010-03-15,44.040000915527344,44.040000915527344,43.900001525878906,44.02000045776367,21.198049545288086,21600
2010-03-16,44.16999816894531,44.16999816894531,44.06999969482422,44.15999984741211,21.26548194885254,15100
2010-03-17,43.40999984741211,44.369998931884766,43.40999984741211,44.36000061035156,21.361785888671875,634600
2010-03-18,44.47999954223633,44.47999954223633,44.279998779296875,44.31999969482422,21.34252166748047,202300
2010-03-19,43.650001525878906,43.79999923706055,43.529998779296875,43.650001525878906,21.314680099487305,15700
2010-03-22,43.58000183105469,43.630001068115234,43.34000015258789,43.630001068115234,21.304927825927734,8200
2010-03-23,43.75,43.75,43.66999816894531,43.689998626708984,21.334226608276367,10500
2010-03-24,43.540000915527344,43.790000915527344,43.540000915527344,43.65999984741211,21.319570541381836,56000
2010-03-25,43.720001220703125,43.790000915527344,43.630001068115234,43.650001525878906,21.314680099487305,12700
2010-03-26,43.7599983215332,43.7599983215332,43.459999084472656,43.5,21.241443634033203,25000
2010-03-29,43.529998779296875,43.59000015258789,43.5,43.560001373291016,21.270748138427734,12800
2010-03-30,43.68000030517578,43.68000030517578,43.540000915527344,43.59000015258789,21.285385131835938,8000
2010-03-31,43.560001373291016,43.61000061035156,43.400001525878906,43.400001525878906,21.192611694335938,9600
2010-04-01,43.52000045776367,43.52000045776367,43.34000015258789,43.43000030517578,21.20726203918457,17700
2010-04-05,43.45000076293945,43.459999084472656,43.310001373291016,43.34000015258789,21.163314819335938,4700
2010-04-06,43.34000015258789,43.400001525878906,43.27000045776367,43.31999969482422,21.153549194335938,41700
2010-04-07,43.25,43.349998474121094,43.25,43.290000915527344,21.13890266418457,2800
2010-04-08,43.27000045776367,43.33000183105469,43.220001220703125,43.33000183105469,21.158430099487305,2300
2010-04-09,43.41999816894531,43.41999816894531,43.27000045776367,43.380001068115234,21.18284797668457,4600
2010-04-12,43.45000076293945,43.470001220703125,43.38999938964844,43.439998626708984,21.212146759033203,10600
2010-04-13,43.459999084472656,43.459999084472656,43.31999969482422,43.40999984741211,21.19748878479004,13300
2010-04-14,43.36000061035156,43.52000045776367,43.36000061035156,43.470001220703125,21.226787567138672,18400
2010-04-15,43.5,43.5,43.40999984741211,43.40999984741211,21.19748878479004,2900
2010-04-16,43.400001525878906,43.4900016784668,43.04999923706055,43.22999954223633,21.10959815979004,45800
2010-04-19,43.18000030517578,43.20000076293945,43.06999969482422,43.150001525878906,21.07053565979004,4700
2010-04-20,43.279998779296875,43.349998474121094,43.25,43.349998474121094,21.168193817138672,5500
2010-04-21,43.22999954223633,43.43000030517578,43.22999954223633,43.41999816894531,21.20238494873047,4200
2010-04-22,43.380001068115234,43.41999816894531,43.22999954223633,43.41999816894531,21.20238494873047,10100
2010-04-23,43.45000076293945,43.54999923706055,43.38999938964844,43.45000076293945,21.217021942138672,4200
2010-04-26,43.349998474121094,43.459999084472656,43.29999923706055,43.33000183105469,21.158430099487305,6800
2010-04-27,43.2400016784668,43.2400016784668,43.02000045776367,43.189998626708984,21.090063095092773,5500
2010-04-28,43.25,43.25,43.08000183105469,43.08000183105469,21.03635597229004,4700
2010-04-29,43.36000061035156,43.36000061035156,43.119998931884766,43.22999954223633,21.10959815979004,3400
2010-04-30,43.220001220703125,43.22999954223633,43.150001525878906,43.16999816894531,21.080305099487305,353000
2010-05-03,43.279998779296875,43.279998779296875,43.209999084472656,43.27000045776367,21.12913703918457,3400
2010-05-04,43.08000183105469,43.189998626708984,42.79999923706055,42.79999923706055,20.899629592895508,59900
2010-05-05,42.75,42.75,41.939998626708984,42.209999084472656,20.611530303955078,131700
2010-05-06,41.900001525878906,42.02000045776367,38.2400016784668,39.650001525878906,19.361452102661133,131100
2010-05-07,40.27000045776367,40.790000915527344,39.310001373291016,40.689998626708984,19.86929702758789,29200
2010-05-10,42.2599983215332,42.34000015258789,41.81999969482422,41.880001068115234,20.45038414001465,19300
2010-05-11,41.790000915527344,42.06999969482422,41.61000061035156,41.970001220703125,20.494321823120117,4900
2010-05-12,42.08000183105469,42.31999969482422,42.08000183105469,42.25,20.63105010986328,6800
2010-05-13,42.38999938964844,42.45000076293945,42.31999969482422,42.34000015258789,20.674997329711914,11800
2010-05-14,42.31999969482422,42.31999969482422,41.529998779296875,41.59000015258789,20.30876922607422,14700
2010-05-17,41.40999984741211,41.709999084472656,40.939998626708984,41.31999969482422,20.176925659179688,4600
2010-05-18,41.52000045776367,41.77000045776367,41.04999923706055,41.11000061035156,20.074386596679688,10000
2010-05-19,40.97999954223633,41.130001068115234,40.31999969482422,40.869998931884766,19.95718765258789,13400
2010-05-20,40.790000915527344,40.790000915527344,39.689998626708984,39.9900016784668,19.527477264404297,18300
2010-05-21,39.56999969482422,40.720001220703125,39.56999969482422,40.540000915527344,19.796043395996094,18300
2010-05-24,40.630001068115234,41.11000061035156,40.630001068115234,41.04999923706055,20.045089721679688,7200
2010-05-25,40.25,40.86000061035156,40.099998474121094,40.86000061035156,19.952301025390625,23700
2010-05-26,40.84000015258789,41.33000183105469,40.84000015258789,41.0099983215332,20.025543212890625,25100
2010-05-27,41.34000015258789,41.72999954223633,41.34000015258789,41.72999954223633,20.377147674560547,7000
2010-05-28,41.75,41.900001525878906,41.56999969482422,41.880001068115234,20.45038414001465,4700
2010-06-01,41.75,41.93000030517578,41.560001373291016,41.900001525878906,20.46014404296875,4300
2010-06-02,41.939998626708984,42.0,41.790000915527344,42.0,20.508983612060547,2900
2010-06-03,42.290000915527344,42.290000915527344,42.040000915527344,42.25,20.63105010986328,6600
2010-06-04,41.81999969482422,42.029998779296875,41.70000076293945,41.810001373291016,20.41620445251465,5400
2010-06-07,41.81999969482422,42.02000045776367,41.7599983215332,41.900001525878906,20.46014404296875,9300
2010-06-08,42.08000183105469,42.08000183105469,41.86000061035156,41.880001068115234,20.45038414001465,2000
2010-06-09,42.0099983215332,42.130001068115234,41.83000183105469,42.0,20.508983612060547,4700
2010-06-10,42.290000915527344,42.290000915527344,42.029998779296875,42.150001525878906,20.582233428955078,12400
2010-06-11,42.2599983215332,42.47999954223633,42.2599983215332,42.47999954223633,20.743364334106445,305200
2010-06-14,42.459999084472656,42.65999984741211,42.459999084472656,42.459999084472656,20.733598709106445,23500
2010-06-15,42.63999938964844,42.84000015258789,42.599998474121094,42.84000015258789,20.919164657592773,6900
2010-06-16,42.849998474121094,42.849998474121094,42.540000915527344,42.61000061035156,20.806846618652344,7900
2010-06-17,42.540000915527344,42.59000015258789,42.5,42.58000183105469,20.792203903198242,1700
2010-06-18,42.099998474121094,42.45000076293945,42.099998474121094,42.45000076293945,20.902488708496094,5100
2010-06-21,42.59000015258789,42.59000015258789,42.130001068115234,42.27000045776367,20.813865661621094,155200
2010-06-22,42.0099983215332,42.16999816894531,42.0099983215332,42.130001068115234,20.744930267333984,14000
2010-06-23,42.119998931884766,42.13999938964844,42.099998474121094,42.13999938964844,20.74985122680664,600
2010-06-24,41.91999816894531,42.209999084472656,41.91999816894531,42.18000030517578,20.769554138183594,24300
2010-06-25,42.099998474121094,42.40999984741211,42.099998474121094,42.349998474121094,20.853267669677734,4200
2010-06-28,42.38999938964844,42.45000076293945,42.310001373291016,42.45000076293945,20.902488708496094,3500
2010-06-29,42.16999816894531,42.189998626708984,41.95000076293945,42.150001525878906,20.75478172302246,14400
2010-06-30,41.90999984741211,42.279998779296875,41.90999984741211,42.189998626708984,20.774465560913086,24900
2010-07-01,42.130001068115234,42.2599983215332,42.029998779296875,42.20000076293945,20.779394149780273,17600
2010-07-02,42.20000076293945,42.470001220703125,42.06999969482422,42.40999984741211,20.882802963256836,6200
2010-07-06,42.56999969482422,42.56999969482422,42.380001068115234,42.470001220703125,20.91234016418457,9300
2010-07-07,42.5099983215332,42.68000030517578,42.470001220703125,42.68000030517578,21.015745162963867,15000
2010-07-08,42.619998931884766,42.939998626708984,42.619998931884766,42.91999816894531,21.133935928344727,11300
2010-07-09,42.84000015258789,43.08000183105469,42.81999969482422,43.08000183105469,21.21270751953125,11000
2010-07-12,43.09000015258789,43.09000015258789,42.91999816894531,43.08000183105469,21.21270751953125,9400
2010-07-13,43.27000045776367,43.34000015258789,43.150001525878906,43.33000183105469,21.335811614990234,7700
2010-07-14,43.11000061035156,43.40999984741211,43.11000061035156,43.40999984741211,21.375194549560547,28200
2010-07-15,43.43000030517578,43.45000076293945,43.33000183105469,43.45000076293945,21.394895553588867,2700
2010-07-16,43.5,43.59000015258789,43.41999816894531,43.59000015258789,21.46383285522461,17400
2010-07-19,43.630001068115234,43.630001068115234,43.470001220703125,43.54999923706055,21.44414520263672,18500
2010-07-20,43.380001068115234,43.70000076293945,43.380001068115234,43.54999923706055,21.44414520263672,12900
2010-07-21,43.97999954223633,43.97999954223633,43.70000076293945,43.869998931884766,21.60170555114746,20200
2010-07-22,44.02000045776367,44.33000183105469,43.83000183105469,43.93000030517578,21.63124656677246,6000
2010-07-23,44.29999923706055,44.29999923706055,43.97999954223633,44.220001220703125,21.7740421295166,9200
2010-07-26,44.29999923706055,44.4900016784668,44.279998779296875,44.4900016784668,21.907001495361328,14000
2010-07-27,44.650001525878906,45.189998626708984,44.31999969482422,44.56999969482422,21.946386337280273,14500
2010-07-28,44.439998626708984,44.56999969482422,44.31999969482422,44.470001220703125,21.897146224975586,29100
2010-07-29,44.630001068115234,44.630001068115234,44.369998931884766,44.56999969482422,21.946386337280273,25800
2010-07-30,44.2400016784668,44.689998626708984,44.2400016784668,44.63999938964844,21.980850219726562,12000
2010-08-02,44.75,44.77000045776367,44.650001525878906,44.65999984741211,21.990711212158203,8200
2010-08-03,44.560001373291016,44.84000015258789,44.560001373291016,44.84000015258789,22.079334259033203,21000
2010-08-04,44.84000015258789,45.06999969482422,44.7599983215332,45.06999969482422,22.19259262084961,20000
2010-08-05,44.959999084472656,45.54999923706055,44.939998626708984,45.0,22.158126831054688,19700
2010-08-06,44.959999084472656,45.34000015258789,44.939998626708984,45.209999084472656,22.261526107788086,24100
2010-08-09,45.349998474121094,45.349998474121094,45.2400016784668,45.2599983215332,22.286157608032227,4900
2010-08-10,45.2599983215332,45.68000030517578,45.130001068115234,45.290000915527344,22.300928115844727,10300
2010-08-11,45.119998931884766,45.209999084472656,45.0099983215332,45.209999084472656,22.261526107788086,8300
2010-08-12,45.119998931884766,45.34000015258789,45.04999923706055,45.34000015258789,22.325532913208008,11000
2010-08-13,45.439998626708984,45.439998626708984,45.290000915527344,45.36000061035156,22.335390090942383,6200
2010-08-16,45.61000061035156,45.61000061035156,45.41999816894531,45.4900016784668,22.399402618408203,13200
2010-08-17,45.77000045776367,45.77000045776367,45.52000045776367,45.630001068115234,22.46833610534668,11100
2010-08-18,45.4900016784668,45.77000045776367,45.47999954223633,45.77000045776367,22.537281036376953,11000
2010-08-19,45.66999816894531,46.08000183105469,45.52000045776367,45.560001373291016,22.43387794494629,34000
2010-08-20,45.709999084472656,45.709999084472656,45.529998779296875,45.68000030517578,22.492952346801758,12200
2010-08-23,45.86000061035156,45.86000061035156,45.650001525878906,45.7599983215332,22.532358169555664,8700
2010-08-24,45.47999954223633,45.70000076293945,45.47999954223633,45.68000030517578,22.492952346801758,6900
2010-08-25,45.560001373291016,45.709999084472656,45.41999816894531,45.56999969482422,22.438785552978516,24600
2010-08-26,45.630001068115234,45.779998779296875,45.59000015258789,45.689998626708984,22.497888565063477,19000
2010-08-27,45.869998931884766,45.869998931884766,44.66999816894531,45.75,22.527435302734375,18600
2010-08-30,46.43000030517578,46.43000030517578,45.66999816894531,45.70000076293945,22.502805709838867,21400
2010-08-31,47.95000076293945,47.95000076293945,45.7599983215332,45.90999984741211,22.6062068939209,12000
2010-09-01,44.95000076293945,46.0,44.95000076293945,45.900001525878906,22.601295471191406,4300
2010-09-02,46.029998779296875,46.06999969482422,46.0,46.060001373291016,22.68006706237793,4400
2010-09-03,46.04999923706055,46.209999084472656,46.02000045776367,46.18000030517578,22.739158630371094,6300
2010-09-07,46.13999938964844,46.279998779296875,46.11000061035156,46.2599983215332,22.77855110168457,19800
2010-09-08,46.369998931884766,46.400001525878906,46.2599983215332,46.400001525878906,22.847490310668945,6600
2010-09-09,46.43000030517578,46.58000183105469,46.400001525878906,46.58000183105469,22.936119079589844,8600
2010-09-10,46.58000183105469,46.630001068115234,46.43000030517578,46.45000076293945,22.872102737426758,18800
2010-09-13,46.75,46.75,46.439998626708984,46.439998626708984,22.8671817779541,7200
2010-09-14,46.5,46.5099983215332,46.31999969482422,46.41999816894531,22.857332229614258,21300
2010-09-15,46.45000076293945,46.5,46.369998931884766,46.43000030517578,22.86225128173828,17700
2010-09-16,46.5099983215332,46.599998474121094,46.400001525878906,46.599998474121094,22.945968627929688,16600
2010-09-17,46.130001068115234,46.130001068115234,45.38999938964844,45.61000061035156,23.009532928466797,16000
2010-09-20,46.43000030517578,46.43000030517578,45.560001373291016,45.63999938964844,23.024667739868164,15700
2010-09-21,45.79999923706055,46.529998779296875,45.54999923706055,45.59000015258789,22.999439239501953,11700
2010-09-22,45.5,45.560001373291016,45.400001525878906,45.54999923706055,22.97926139831543,12600
2010-09-23,45.4900016784668,45.529998779296875,45.380001068115234,45.52000045776367,22.964134216308594,5900
2010-09-24,45.79999923706055,45.849998474121094,45.43000030517578,45.54999923706055,22.97926139831543,31600
2010-09-27,45.650001525878906,45.650001525878906,45.38999938964844,45.54999923706055,22.97926139831543,24300
2010-09-28,45.459999084472656,45.86000061035156,45.439998626708984,45.540000915527344,22.97421646118164,27100
2010-09-29,45.59000015258789,45.88999938964844,45.470001220703125,45.88999938964844,23.150793075561523,24100
2010-09-30,45.79999923706055,45.79999923706055,45.4900016784668,45.59000015258789,22.999439239501953,16600
2010-10-01,45.540000915527344,45.75,45.5099983215332,45.619998931884766,23.01458168029785,9800
2010-10-04,45.68000030517578,45.68000030517578,45.4900016784668,45.54999923706055,22.97926139831543,5800
2010-10-05,45.7599983215332,46.09000015258789,45.5099983215332,45.59000015258789,22.999439239501953,13900
2010-10-06,45.58000183105469,45.66999816894531,45.56999969482422,45.56999969482422,22.989355087280273,37000
2010-10-07,45.869998931884766,45.869998931884766,45.45000076293945,45.54999923706055,22.97926139831543,18400
2010-10-08,45.709999084472656,45.77000045776367,45.529998779296875,45.56999969482422,22.989355087280273,16700
2010-10-11,45.84000015258789,45.84000015258789,45.61000061035156,45.779998779296875,23.09529685974121,7900
2010-10-12,45.779998779296875,45.810001373291016,45.650001525878906,45.79999923706055,23.10538673400879,12800
2010-10-13,45.810001373291016,46.13999938964844,45.68000030517578,45.68000030517578,23.044841766357422,72400
2010-10-14,45.86000061035156,45.86000061035156,45.56999969482422,45.56999969482422,22.989355087280273,7100
2010-10-15,45.81999969482422,45.81999969482422,44.7599983215332,45.060001373291016,22.732065200805664,67000
2010-10-18,45.189998626708984,45.189998626708984,44.79999923706055,45.0,22.701797485351562,16700
2010-10-19,45.099998474121094,45.11000061035156,44.939998626708984,44.95000076293945,22.676576614379883,9500
2010-10-20,44.970001220703125,45.349998474121094,44.790000915527344,45.0099983215332,22.70684242248535,18400
2010-10-21,45.0099983215332,45.529998779296875,45.0099983215332,45.220001220703125,22.81278419494629,15000
2010-10-22,45.209999084472656,45.310001373291016,45.0099983215332,45.29999923706055,22.853147506713867,14000
2010-10-25,45.4900016784668,46.470001220703125,44.91999816894531,45.06999969482422,22.73711585998535,21000
2010-10-26,45.04999923706055,45.13999938964844,44.869998931884766,45.13999938964844,22.772422790527344,8000
2010-10-27,45.099998474121094,45.22999954223633,45.06999969482422,45.209999084472656,22.8077335357666,4400
2010-10-28,45.459999084472656,45.619998931884766,45.09000015258789,45.279998779296875,22.843053817749023,27100
2010-10-29,45.400001525878906,45.400001525878906,45.220001220703125,45.380001068115234,22.89350128173828,15700
2010-11-01,45.470001220703125,45.470001220703125,45.13999938964844,45.29999923706055,22.853147506713867,21300
2010-11-02,45.41999816894531,45.47999954223633,45.400001525878906,45.439998626708984,22.923765182495117,9800
2010-11-03,45.5099983215332,46.0,45.25,45.790000915527344,23.100343704223633,22100
2010-11-04,45.65999984741211,45.66999816894531,45.5099983215332,45.66999816894531,23.039798736572266,61500
2010-11-05,45.75,45.9900016784668,45.66999816894531,45.709999084472656,23.059982299804688,31400
2010-11-08,45.7599983215332,45.7599983215332,45.599998474121094,45.709999084472656,23.059982299804688,22500
2010-11-09,45.70000076293945,45.72999954223633,45.599998474121094,45.599998474121094,23.004491806030273,19800
2010-11-10,45.77000045776367,45.77000045776367,45.5099983215332,45.58000183105469,22.99439811706543,39000
2010-11-11,45.5,45.689998626708984,45.5,45.68000030517578,23.044841766357422,44700
2010-11-12,45.63999938964844,45.65999984741211,45.5,45.59000015258789,22.999439239501953,27100
2010-11-15,45.59000015258789,45.650001525878906,45.529998779296875,45.529998779296875,22.96917724609375,20700
2010-11-16,45.54999923706055,45.54999923706055,44.95000076293945,45.16999816894531,22.78755760192871,39300
2010-11-17,45.630001068115234,45.79999923706055,45.15999984741211,45.27000045776367,22.838003158569336,10600
2010-11-18,45.560001373291016,45.560001373291016,45.310001373291016,45.529998779296875,22.96917724609375,8600
2010-11-19,45.349998474121094,45.560001373291016,45.349998474121094,45.560001373291016,22.984312057495117,13100
2010-11-22,45.58000183105469,45.599998474121094,45.25,45.310001373291016,22.858196258544922,31600
2010-11-23,45.029998779296875,45.220001220703125,44.880001068115234,45.119998931884766,22.762327194213867,25500
2010-11-24,45.34000015258789,45.400001525878906,45.20000076293945,45.36000061035156,22.88341522216797,8500
2010-11-26,45.529998779296875,45.529998779296875,45.189998626708984,45.279998779296875,22.843053817749023,4600
2010-11-29,45.369998931884766,45.369998931884766,45.099998474121094,45.209999084472656,22.8077335357666,16900
2010-11-30,45.099998474121094,45.459999084472656,45.0099983215332,45.43000030517578,22.918724060058594,10000
2010-12-01,45.54999923706055,45.54999923706055,45.220001220703125,45.36000061035156,22.88341522216797,13400
2010-12-02,45.25,45.380001068115234,45.22999954223633,45.279998779296875,22.843053817749023,8300
2010-12-03,45.279998779296875,45.33000183105469,45.15999984741211,45.310001373291016,22.858196258544922,10300
2010-12-06,45.34000015258789,45.40999984741211,45.15999984741211,45.40999984741211,22.90863037109375,16400
2010-12-07,45.58000183105469,45.61000061035156,45.29999923706055,45.34000015258789,22.873310089111328,209900
2010-12-08,45.13999938964844,45.400001525878906,45.13999938964844,45.25,22.827909469604492,42000
2010-12-09,45.290000915527344,45.290000915527344,45.15999984741211,45.25,22.827909469604492,32700
2010-12-10,45.349998474121094,45.40999984741211,45.209999084472656,45.38999938964844,22.898550033569336,13700
2010-12-13,45.369998931884766,45.369998931884766,45.2599983215332,45.36000061035156,22.88341522216797,23900
2010-12-14,45.349998474121094,45.36000061035156,45.130001068115234,45.150001525878906,22.777463912963867,34000
2010-12-15,45.060001373291016,45.099998474121094,44.93000030517578,44.93000030517578,22.666494369506836,34400
2010-12-16,45.11000061035156,45.11000061035156,44.779998779296875,44.849998474121094,22.626123428344727,345100
2010-12-17,44.15999984741211,44.2599983215332,44.099998474121094,44.16999816894531,22.58573341369629,24500
2010-12-20,44.119998931884766,44.22999954223633,43.650001525878906,43.93000030517578,22.46299934387207,186600
2010-12-21,43.91999816894531,43.95000076293945,43.83000183105469,43.900001525878906,22.44767189025879,15500
2010-12-22,43.849998474121094,44.08000183105469,43.849998474121094,43.939998626708984,22.468120574951172,115300
2010-12-23,43.97999954223633,44.099998474121094,43.560001373291016,44.099998474121094,22.54994010925293,138700
2010-12-27,44.13999938964844,44.279998779296875,43.880001068115234,44.27000045776367,22.636863708496094,29900
2010-12-28,44.029998779296875,44.36000061035156,44.029998779296875,44.29999923706055,22.652204513549805,14300
2010-12-29,44.45000076293945,44.4900016784668,44.33000183105469,44.400001525878906,22.703350067138672,5900
2010-12-30,44.5,44.529998779296875,44.29999923706055,44.4900016784668,22.749361038208008,13600
2010-12-31,44.52000045776367,44.650001525878906,44.470001220703125,44.59000015258789,22.800477981567383,34500
2011-01-03,44.7400016784668,44.970001220703125,44.560001373291016,44.619998931884766,22.815837860107422,69700
2011-01-04,44.709999084472656,44.7599983215332,44.529998779296875,44.7599983215332,22.887418746948242,8900
2011-01-05,44.61000061035156,44.75,44.599998474121094,44.599998474121094,22.80560302734375,9300
2011-01-06,44.599998474121094,44.7400016784668,44.599998474121094,44.630001068115234,22.820945739746094,11900
2011-01-07,44.630001068115234,44.720001220703125,44.59000015258789,44.689998626708984,22.85162353515625,11000
2011-01-10,44.65999984741211,44.70000076293945,44.5099983215332,44.630001068115234,22.820945739746094,5700
2011-01-11,44.849998474121094,44.849998474121094,44.63999938964844,44.720001220703125,22.866958618164062,10300
2011-01-12,44.70000076293945,44.79999923706055,44.619998931884766,44.79999923706055,22.907867431640625,16400
2011-01-13,44.650001525878906,44.84000015258789,44.650001525878906,44.810001373291016,22.91298484802246,14300
2011-01-14,44.70000076293945,44.869998931884766,44.70000076293945,44.81999969482422,22.918094635009766,7500
2011-01-18,44.709999084472656,44.790000915527344,44.63999938964844,44.7599983215332,22.887418746948242,10100
2011-01-19,44.709999084472656,44.849998474121094,44.709999084472656,44.849998474121094,22.933439254760742,18200
2011-01-20,44.83000183105469,44.880001068115234,44.75,44.75,22.882308959960938,19400
2011-01-21,44.72999954223633,44.90999984741211,44.68000030517578,44.83000183105469,22.923213958740234,14000
2011-01-24,44.900001525878906,44.900001525878906,44.779998779296875,44.84000015258789,22.928321838378906,9400
2011-01-25,44.849998474121094,44.90999984741211,44.779998779296875,44.88999938964844,22.953887939453125,18700
2011-01-26,44.9900016784668,45.0,44.83000183105469,44.97999954223633,22.999916076660156,22000
2011-01-27,44.9900016784668,45.040000915527344,44.880001068115234,45.0,23.010133743286133,4600
2011-01-28,45.22999954223633,45.22999954223633,44.869998931884766,44.95000076293945,22.984573364257812,11900
2011-01-31,44.75,45.029998779296875,44.75,44.959999084472656,22.989686965942383,12000
2011-02-01,45.16999816894531,45.16999816894531,45.0,45.02000045776367,23.02036476135254,6600
2011-02-02,45.119998931884766,45.130001068115234,44.86000061035156,45.130001068115234,23.076616287231445,8700
2011-02-03,45.130001068115234,45.209999084472656,45.060001373291016,45.209999084472656,23.117517471313477,16300
2011-02-04,45.189998626708984,45.2400016784668,45.09000015258789,45.22999954223633,23.12774085998535,8300
2011-02-07,45.2400016784668,45.279998779296875,44.75,45.09000015258789,23.05616569519043,17500
2011-02-08,44.959999084472656,45.209999084472656,44.959999084472656,45.13999938964844,23.081722259521484,22200
2011-02-09,45.290000915527344,45.290000915527344,45.099998474121094,45.209999084472656,23.117517471313477,18400
2011-02-10,45.20000076293945,45.29999923706055,45.18000030517578,45.29999923706055,23.163532257080078,10300
2011-02-11,45.150001525878906,45.380001068115234,45.150001525878906,45.380001068115234,23.20444679260254,6100
2011-02-14,45.380001068115234,45.40999984741211,45.34000015258789,45.400001525878906,23.21467399597168,8900
2011-02-15,45.470001220703125,45.470001220703125,45.29999923706055,45.29999923706055,23.163532257080078,16300
2011-02-16,45.38999938964844,45.4900016784668,45.38999938964844,45.4900016784668,23.260690689086914,5500
2011-02-17,45.5099983215332,45.5099983215332,45.34000015258789,45.36000061035156,23.194215774536133,43900
2011-02-18,45.439998626708984,45.58000183105469,45.400001525878906,45.56999969482422,23.30160140991211,23600
2011-02-22,45.52000045776367,45.52000045776367,45.31999969482422,45.34000015258789,23.183992385864258,14000
2011-02-23,45.41999816894531,45.43000030517578,45.2599983215332,45.400001525878906,23.21467399597168,28200
2011-02-24,45.36000061035156,45.400001525878906,45.310001373291016,45.36000061035156,23.194215774536133,8500
2011-02-25,45.400001525878906,45.43000030517578,45.29999923706055,45.36000061035156,23.194215774536133,11300
2011-02-28,45.47999954223633,45.59000015258789,45.38999938964844,45.59000015258789,23.311830520629883,7500
2011-03-01,45.470001220703125,45.61000061035156,45.470001220703125,45.529998779296875,23.281143188476562,6400
2011-03-02,45.52000045776367,45.619998931884766,45.47999954223633,45.619998931884766,23.32715606689453,5000
2011-03-03,45.70000076293945,45.790000915527344,45.56999969482422,45.7400016784668,23.388526916503906,108200
2011-03-04,45.86000061035156,45.900001525878906,45.689998626708984,45.900001525878906,23.47034454345703,21600
2011-03-07,45.79999923706055,45.849998474121094,45.79999923706055,45.79999923706055,23.419206619262695,4900
2011-03-08,45.9900016784668,45.9900016784668,45.72999954223633,45.83000183105469,23.43454933166504,6300
2011-03-09,45.90999984741211,45.93000030517578,45.54999923706055,45.93000030517578,23.485689163208008,7900
2011-03-10,45.81999969482422,45.939998626708984,45.81999969482422,45.83000183105469,23.43454933166504,12200
2011-03-11,45.720001220703125,45.900001525878906,45.16999816894531,45.880001068115234,23.460119247436523,27500
2011-03-14,45.869998931884766,45.869998931884766,45.75,45.810001373291016,23.424318313598633,7300
2011-03-15,45.06999969482422,45.7400016784668,45.06999969482422,45.72999954223633,23.383413314819336,14200
2011-03-16,45.75,45.7599983215332,45.65999984741211,45.709999084472656,23.373188018798828,72800
2011-03-17,45.70000076293945,46.189998626708984,45.66999816894531,45.689998626708984,23.362964630126953,23300
2011-03-18,45.5,45.5,45.130001068115234,45.150001525878906,23.38731575012207,9200
2011-03-21,46.20000076293945,46.20000076293945,45.20000076293945,45.22999954223633,23.428741455078125,62300
2011-03-22,45.31999969482422,45.380001068115234,45.2400016784668,45.279998779296875,23.454639434814453,15700
2011-03-23,45.33000183105469,45.349998474121094,45.290000915527344,45.349998474121094,23.490903854370117,22000
2011-03-24,45.2599983215332,45.529998779296875,45.2599983215332,45.41999816894531,23.52716636657715,20700
2011-03-25,45.45000076293945,45.529998779296875,45.38999938964844,45.439998626708984,23.537519454956055,77000
2011-03-28,45.5,45.54999923706055,45.41999816894531,45.470001220703125,23.55307388305664,8300
2011-03-29,45.5099983215332,45.560001373291016,45.4900016784668,45.52000045776367,23.578968048095703,6800
2011-03-30,45.58000183105469,45.59000015258789,45.5099983215332,45.54999923706055,23.59449577331543,40300
2011-03-31,45.599998474121094,45.68000030517578,45.5099983215332,45.68000030517578,23.66183853149414,18400
2011-04-01,45.90999984741211,45.90999984741211,45.619998931884766,45.66999816894531,23.656661987304688,10200
2011-04-04,45.779998779296875,45.779998779296875,45.61000061035156,45.61000061035156,23.625577926635742,13800
2011-04-05,45.619998931884766,45.7599983215332,45.619998931884766,45.75,23.69810676574707,11000
2011-04-06,45.630001068115234,45.720001220703125,45.619998931884766,45.709999084472656,23.677379608154297,7700
2011-04-07,45.63999938964844,45.779998779296875,45.63999938964844,45.720001220703125,23.682559967041016,5500
2011-04-08,45.630001068115234,45.72999954223633,45.61000061035156,45.72999954223633,23.687742233276367,4500
2011-04-11,45.54999923706055,45.70000076293945,45.54999923706055,45.54999923706055,23.59449577331543,23700
2011-04-12,45.650001525878906,45.650001525878906,45.470001220703125,45.529998779296875,23.584138870239258,15400
2011-04-13,45.58000183105469,45.58000183105469,45.5,45.540000915527344,23.58932876586914,5100
2011-04-14,45.68000030517578,45.68000030517578,45.47999954223633,45.52000045776367,23.578968048095703,7500
2011-04-15,45.41999816894531,45.619998931884766,45.41999816894531,45.619998931884766,23.630752563476562,7000
2011-04-18,45.650001525878906,45.650001525878906,45.38999938964844,45.47999954223633,23.55825424194336,3000
2011-04-19,45.36000061035156,45.63999938964844,45.36000061035156,45.63999938964844,23.641124725341797,5200
2011-04-20,45.900001525878906,45.900001525878906,45.65999984741211,45.810001373291016,23.729177474975586,9600
2011-04-21,45.95000076293945,45.970001220703125,45.779998779296875,45.779998779296875,23.713642120361328,6100
2011-04-25,45.75,46.13999938964844,45.75,45.93000030517578,23.791343688964844,7100
2011-04-26,45.810001373291016,46.0099983215332,45.810001373291016,46.0099983215332,23.832773208618164,21700
2011-04-27,46.20000076293945,46.20000076293945,45.970001220703125,46.09000015258789,23.874221801757812,20500
2011-04-28,46.130001068115234,46.15999984741211,46.099998474121094,46.15999984741211,23.910472869873047,24600
2011-04-29,46.189998626708984,46.189998626708984,46.130001068115234,46.189998626708984,23.9260196685791,5500
2011-05-02,46.36000061035156,46.4900016784668,46.08000183105469,46.08000183105469,23.86904525756836,16000
2011-05-03,46.04999923706055,46.15999984741211,46.040000915527344,46.130001068115234,23.894939422607422,8800
2011-05-04,46.220001220703125,46.220001220703125,46.06999969482422,46.20000076293945,23.931198120117188,18000
2011-05-05,46.18000030517578,46.2400016784668,46.119998931884766,46.150001525878906,23.905290603637695,8900
2011-05-06,46.310001373291016,46.310001373291016,46.189998626708984,46.220001220703125,23.941556930541992,6300
2011-05-09,46.290000915527344,46.31999969482422,46.189998626708984,46.27000045776367,23.96746063232422,6400
2011-05-10,46.380001068115234,46.43000030517578,46.349998474121094,46.43000030517578,24.050336837768555,17800
2011-05-11,46.41999816894531,46.5,46.40999984741211,46.5,24.086593627929688,16700
2011-05-12,46.5,46.56999969482422,46.43000030517578,46.56999969482422,24.122861862182617,25000
2011-05-13,46.650001525878906,46.650001525878906,46.56999969482422,46.58000183105469,24.128032684326172,13700
2011-05-16,46.65999984741211,46.65999984741211,46.5,46.540000915527344,24.107309341430664,8400
2011-05-17,46.5099983215332,46.61000061035156,46.439998626708984,46.540000915527344,24.107309341430664,13900
2011-05-18,46.59000015258789,46.59000015258789,46.459999084472656,46.540000915527344,24.107309341430664,15100
2011-05-19,46.59000015258789,46.63999938964844,46.439998626708984,46.5099983215332,24.09177017211914,33900
2011-05-20,46.540000915527344,46.540000915527344,46.45000076293945,46.5,24.086593627929688,4100
2011-05-23,46.439998626708984,46.47999954223633,46.38999938964844,46.45000076293945,24.06068992614746,10100
2011-05-24,46.38999938964844,46.459999084472656,46.38999938964844,46.43000030517578,24.050336837768555,31700
2011-05-25,46.45000076293945,46.45000076293945,46.38999938964844,46.43000030517578,24.050336837768555,13900
2011-05-26,46.45000076293945,46.47999954223633,46.38999938964844,46.43000030517578,24.050336837768555,23900
2011-05-27,46.40999984741211,46.470001220703125,46.38999938964844,46.43000030517578,24.050336837768555,15300
2011-05-31,46.540000915527344,46.540000915527344,46.33000183105469,46.4900016784668,24.081418991088867,99900
2011-06-01,46.4900016784668,46.4900016784668,46.380001068115234,46.41999816894531,24.045156478881836,9000
2011-06-02,46.41999816894531,46.470001220703125,46.29999923706055,46.380001068115234,24.02443504333496,8600
2011-06-03,46.27000045776367,46.439998626708984,46.209999084472656,46.41999816894531,24.045156478881836,7900
2011-06-06,46.41999816894531,46.41999816894531,46.279998779296875,46.33000183105469,23.998533248901367,38000
2011-06-07,46.369998931884766,46.41999816894531,46.279998779296875,46.290000915527344,23.97783088684082,19700
2011-06-08,46.25,46.29999923706055,46.11000061035156,46.11000061035156,23.88457489013672,12800
2011-06-09,46.060001373291016,46.18000030517578,46.04999923706055,46.13999938964844,23.90011215209961,18900
2011-06-10,46.189998626708984,46.189998626708984,46.0,46.13999938964844,23.90011215209961,10300
2011-06-13,46.119998931884766,46.16999816894531,46.08000183105469,46.13999938964844,23.90011215209961,16800
2011-06-14,46.15999984741211,46.27000045776367,46.13999938964844,46.2599983215332,23.962265014648438,10800
2011-06-15,46.22999954223633,46.22999954223633,46.040000915527344,46.040000915527344,23.848316192626953,17100
2011-06-16,46.119998931884766,46.119998931884766,45.68000030517578,45.68000030517578,23.66183853149414,15300
2011-06-17,45.189998626708984,47.0,43.689998626708984,45.15999984741211,23.77979278564453,15000
2011-06-20,45.40999984741211,45.40999984741211,45.11000061035156,45.220001220703125,23.811384201049805,39200
2011-06-21,45.38999938964844,45.470001220703125,45.290000915527344,45.470001220703125,23.943025588989258,13900
2011-06-22,45.4900016784668,45.540000915527344,45.400001525878906,45.5099983215332,23.964092254638672,5300
2011-06-23,45.65999984741211,45.65999984741211,45.290000915527344,45.439998626708984,23.927228927612305,4700
2011-06-24,45.4900016784668,45.4900016784668,45.27000045776367,45.40999984741211,23.911436080932617,116000
2011-06-27,45.599998474121094,45.599998474121094,45.31999969482422,45.400001525878906,23.90616226196289,19200
2011-06-28,45.31999969482422,45.56999969482422,45.31999969482422,45.56999969482422,23.995689392089844,11300
2011-06-29,45.52000045776367,45.630001068115234,45.47999954223633,45.5,23.958826065063477,8200
2011-06-30,45.689998626708984,45.790000915527344,45.560001373291016,45.779998779296875,24.106273651123047,21300
2011-07-01,46.04999923706055,46.04999923706055,45.58000183105469,45.7400016784668,24.085195541381836,25400
2011-07-05,46.38999938964844,48.959999084472656,45.650001525878906,45.689998626708984,24.058866500854492,21500
2011-07-06,45.779998779296875,45.779998779296875,45.630001068115234,45.66999816894531,24.048336029052734,30900
2011-07-07,45.779998779296875,45.779998779296875,45.650001525878906,45.709999084472656,24.06940269470215,14900
2011-07-08,45.7599983215332,45.779998779296875,45.630001068115234,45.7400016784668,24.085195541381836,13800
2011-07-11,45.61000061035156,45.650001525878906,45.58000183105469,45.650001525878906,24.037813186645508,5800
2011-07-12,45.63999938964844,45.63999938964844,45.439998626708984,45.4900016784668,23.95355987548828,9000
2011-07-13,45.560001373291016,45.959999084472656,45.43000030517578,45.630001068115234,24.02727508544922,15600
2011-07-14,45.619998931884766,45.650001525878906,45.540000915527344,45.599998474121094,24.011470794677734,8400
2011-07-15,45.619998931884766,45.720001220703125,45.459999084472656,45.709999084472656,24.06940269470215,13300
2011-07-18,45.63999938964844,45.63999938964844,45.310001373291016,45.380001068115234,23.89564323425293,7300
2011-07-19,45.5,45.5,45.25,45.349998474121094,23.879838943481445,16200
2011-07-20,45.400001525878906,46.29999923706055,45.349998474121094,45.459999084472656,23.937761306762695,8600
2011-07-21,45.540000915527344,45.650001525878906,45.540000915527344,45.599998474121094,24.011470794677734,20900
2011-07-22,45.650001525878906,45.650001525878906,44.83000183105469,45.630001068115234,24.02727508544922,7000
2011-07-25,45.61000061035156,45.61000061035156,45.34000015258789,45.45000076293945,23.93250274658203,8800
2011-07-26,45.47999954223633,45.560001373291016,45.43000030517578,45.470001220703125,23.943025588989258,13200
2011-07-27,45.5,45.5,45.20000076293945,45.25,23.827178955078125,7400
2011-07-28,45.22999954223633,45.27000045776367,45.099998474121094,45.099998474121094,23.748184204101562,7300
2011-07-29,45.09000015258789,45.09000015258789,44.47999954223633,44.849998474121094,23.61655616760254,17500
2011-08-01,44.900001525878906,45.27000045776367,44.900001525878906,45.2599983215332,23.832448959350586,11900
2011-08-02,45.290000915527344,45.380001068115234,45.220001220703125,45.31999969482422,23.864044189453125,14100
2011-08-03,45.29999923706055,45.43000030517578,45.130001068115234,45.40999984741211,23.911436080932617,7600
2011-08-04,45.43000030517578,45.43000030517578,44.41999816894531,44.560001373291016,23.463844299316406,12500
2011-08-05,44.27000045776367,44.619998931884766,41.0,43.290000915527344,22.79511070251465,91700
2011-08-08,41.04999923706055,41.599998474121094,38.619998931884766,39.630001068115234,20.867876052856445,153600
2011-08-09,40.459999084472656,42.689998626708984,39.869998931884766,42.599998474121094,22.43177604675293,59300
2011-08-10,42.15999984741211,42.599998474121094,41.939998626708984,42.400001525878906,22.326461791992188,41100
2011-08-11,42.29999923706055,43.52000045776367,42.189998626708984,43.47999954223633,22.89514923095703,25800
2011-08-12,43.119998931884766,44.34000015258789,43.119998931884766,43.970001220703125,23.153173446655273,24500
2011-08-15,43.66999816894531,44.540000915527344,43.66999816894531,44.47999954223633,23.42172622680664,17300
2011-08-16,44.4900016784668,44.4900016784668,43.970001220703125,44.43000030517578,23.395401000976562,9400
2011-08-17,44.5099983215332,44.720001220703125,44.459999084472656,44.54999923706055,23.458581924438477,8800
2011-08-18,43.7400016784668,44.09000015258789,43.5099983215332,43.900001525878906,23.116321563720703,10200
2011-08-19,43.65999984741211,43.91999816894531,43.349998474121094,43.560001373291016,22.937294006347656,5000
2011-08-22,44.459999084472656,44.459999084472656,42.0099983215332,43.52000045776367,22.916217803955078,7500
2011-08-23,43.34000015258789,43.5,43.29999923706055,43.459999084472656,22.88462257385254,7300
2011-08-24,43.59000015258789,44.15999984741211,43.400001525878906,43.70000076293945,23.011005401611328,14800
2011-08-25,44.369998931884766,44.369998931884766,43.91999816894531,44.279998779296875,23.316408157348633,10400
2011-08-26,44.16999816894531,44.560001373291016,44.16999816894531,44.54999923706055,23.458581924438477,7200
2011-08-29,44.77000045776367,45.08000183105469,44.77000045776367,44.9900016784668,23.69027328491211,27600
2011-08-30,45.040000915527344,45.130001068115234,45.0,45.119998931884766,23.75872039794922,10400
2011-08-31,45.20000076293945,45.25,44.93000030517578,45.040000915527344,23.71660614013672,8100
2011-09-01,44.869998931884766,45.0099983215332,44.849998474121094,44.91999816894531,23.653425216674805,10300
2011-09-02,44.34000015258789,44.810001373291016,44.34000015258789,44.7599983215332,23.569162368774414,9200
2011-09-06,44.689998626708984,44.689998626708984,43.9900016784668,44.619998931884766,23.495450973510742,15000
2011-09-07,44.65999984741211,44.9900016784668,44.4900016784668,44.95000076293945,23.669225692749023,12000
2011-09-08,45.0,45.0,44.75,44.790000915527344,23.584957122802734,5800
2011-09-09,44.9900016784668,44.9900016784668,44.400001525878906,44.439998626708984,23.400663375854492,9400
2011-09-12,44.150001525878906,44.27000045776367,43.36000061035156,43.540000915527344,22.926748275756836,32600
2011-09-13,43.34000015258789,43.900001525878906,43.34000015258789,43.810001373291016,23.068927764892578,7100
2011-09-14,43.65999984741211,44.2400016784668,43.65999984741211,44.0,23.168975830078125,6700
2011-09-15,43.70000076293945,45.15999984741211,43.70000076293945,44.25,23.300613403320312,23300
2011-09-16,44.09000015258789,44.09000015258789,43.439998626708984,43.4900016784668,23.28668785095215,15800
2011-09-19,43.15999984741211,43.400001525878906,43.08000183105469,43.38999938964844,23.233139038085938,17900
2011-09-20,43.189998626708984,43.400001525878906,43.15999984741211,43.2400016784668,23.152835845947266,10500
2011-09-21,43.279998779296875,43.279998779296875,42.83000183105469,42.91999816894531,22.981487274169922,15100
2011-09-22,42.06999969482422,42.36000061035156,41.939998626708984,42.130001068115234,22.558483123779297,17200
2011-09-23,41.779998779296875,42.54999923706055,41.4900016784668,42.34000015258789,22.670930862426758,15900
2011-09-26,42.75,42.84000015258789,42.0,42.150001525878906,22.56919288635254,8400
2011-09-27,42.630001068115234,42.95000076293945,42.40999984741211,42.810001373291016,22.922584533691406,4600
2011-09-28,43.130001068115234,43.130001068115234,42.59000015258789,42.59000015258789,22.80479621887207,5600
2011-09-29,42.650001525878906,42.970001220703125,42.630001068115234,42.630001068115234,22.826202392578125,4800
2011-09-30,42.56999969482422,42.779998779296875,42.40999984741211,42.40999984741211,22.70840835571289,10800
2011-10-03,42.11000061035156,42.2400016784668,41.5,41.5,22.22113800048828,20600
2011-10-04,41.0,41.220001220703125,40.560001373291016,40.9900016784668,21.94808006286621,20200
2011-10-05,41.2400016784668,41.72999954223633,41.119998931884766,41.54999923706055,22.24791717529297,35100
2011-10-06,41.65999984741211,42.25,41.65999984741211,42.209999084472656,22.601316452026367,11000
2011-10-07,42.7599983215332,42.7599983215332,42.11000061035156,42.40999984741211,22.70840835571289,61500
2011-10-10,42.58000183105469,42.939998626708984,42.58000183105469,42.65999984741211,22.84225845336914,46200
2011-10-11,42.66999816894531,42.83000183105469,42.58000183105469,42.77000045776367,22.901172637939453,18300
2011-10-12,43.13999938964844,43.31999969482422,42.88999938964844,42.88999938964844,22.965421676635742,13400
2011-10-13,43.150001525878906,43.150001525878906,42.540000915527344,42.810001373291016,22.922584533691406,38600
2011-10-14,43.2400016784668,43.2400016784668,42.630001068115234,42.709999084472656,22.869041442871094,25300
2011-10-17,42.70000076293945,42.939998626708984,42.41999816894531,42.45000076293945,22.729827880859375,23200
2011-10-18,42.72999954223633,43.0,42.709999084472656,42.95000076293945,22.997554779052734,7400
2011-10-19,42.869998931884766,43.119998931884766,42.869998931884766,42.93000030517578,22.986848831176758,5600
2011-10-20,42.900001525878906,43.02000045776367,42.7400016784668,43.02000045776367,23.035036087036133,12700
2011-10-21,43.06999969482422,43.189998626708984,42.93000030517578,43.0,23.024316787719727,4800
2011-10-24,43.310001373291016,43.369998931884766,43.02000045776367,43.31999969482422,23.195680618286133,11500
2011-10-25,43.369998931884766,43.38999938964844,43.0099983215332,43.16999816894531,23.115354537963867,15000
2011-10-26,43.5,43.5,43.029998779296875,43.41999816894531,23.249210357666016,7900
2011-10-27,44.2599983215332,44.2599983215332,43.619998931884766,44.0,23.55977439880371,17800
2011-10-28,43.720001220703125,44.040000915527344,43.720001220703125,43.81999969482422,23.463390350341797,9400
2011-10-31,43.41999816894531,43.790000915527344,43.41999816894531,43.7400016784668,23.420562744140625,7000
2011-11-01,43.5,43.5,43.04999923706055,43.2400016784668,23.152835845947266,25300
2011-11-02,43.599998474121094,43.619998931884766,43.41999816894531,43.5,23.292043685913086,81800
2011-11-03,43.70000076293945,43.7400016784668,43.40999984741211,43.439998626708984,23.25992202758789,10200
2011-11-04,43.599998474121094,43.77000045776367,43.349998474121094,43.689998626708984,23.393781661987305,24100
2011-11-07,43.810001373291016,43.810001373291016,43.58000183105469,43.61000061035156,23.35094451904297,12000
2011-11-08,43.88999938964844,43.88999938964844,43.45000076293945,43.689998626708984,23.393781661987305,15500
2011-11-09,43.4900016784668,43.4900016784668,43.0,43.11000061035156,23.083221435546875,60000
2011-11-10,43.540000915527344,43.540000915527344,43.029998779296875,43.16999816894531,23.115354537963867,7500
2011-11-11,43.18000030517578,43.52000045776367,43.150001525878906,43.52000045776367,23.302751541137695,7400
2011-11-14,43.810001373291016,43.810001373291016,43.2400016784668,43.45000076293945,23.265274047851562,8600
2011-11-15,43.470001220703125,43.47999954223633,43.16999816894531,43.459999084472656,23.270627975463867,9100
2011-11-16,43.470001220703125,43.47999954223633,43.25,43.25,23.15818977355957,2100
2011-11-17,43.290000915527344,43.290000915527344,42.939998626708984,43.099998474121094,23.077865600585938,8300
2011-11-18,43.38999938964844,43.38999938964844,42.9900016784668,43.189998626708984,23.12605094909668,9700
2011-11-21,43.189998626708984,43.189998626708984,42.70000076293945,42.93000030517578,22.986848831176758,12700
2011-11-22,42.9900016784668,43.88999938964844,42.7599983215332,42.810001373291016,22.922584533691406,14700
2011-11-23,42.779998779296875,43.63999938964844,42.380001068115234,42.529998779296875,22.772661209106445,8100
2011-11-25,42.61000061035156,42.68000030517578,42.599998474121094,42.63999938964844,22.831554412841797,3100
2011-11-28,43.84000015258789,43.84000015258789,42.75,42.75,22.89046287536621,11200
2011-11-29,42.84000015258789,42.869998931884766,42.61000061035156,42.619998931884766,22.820852279663086,14900
2011-11-30,42.869998931884766,43.02000045776367,42.790000915527344,42.81999969482422,22.92795181274414,14000
2011-12-01,42.650001525878906,42.849998474121094,42.650001525878906,42.7400016784668,22.88510513305664,8900
2011-12-02,42.7400016784668,42.90999984741211,42.650001525878906,42.900001525878906,22.970781326293945,19900
2011-12-05,43.0099983215332,43.310001373291016,42.29999923706055,43.150001525878906,23.104639053344727,20600
2011-12-06,43.16999816894531,43.34000015258789,43.16999816894531,43.31999969482422,23.195680618286133,13100
2011-12-07,43.22999954223633,43.68000030517578,43.060001373291016,43.13999938964844,23.099285125732422,20000
2011-12-08,43.349998474121094,43.349998474121094,43.02000045776367,43.029998779296875,23.040388107299805,37800
2011-12-09,43.0,43.31999969482422,43.0,43.31999969482422,23.195680618286133,8400
2011-12-12,43.29999923706055,43.29999923706055,42.93000030517578,43.20000076293945,23.131410598754883,12900
2011-12-13,43.2400016784668,43.45000076293945,43.2400016784668,43.43000030517578,23.254568099975586,11500
2011-12-14,43.25,43.279998779296875,43.08000183105469,43.2400016784668,23.152835845947266,14700
2011-12-15,43.15999984741211,43.33000183105469,43.130001068115234,43.15999984741211,23.109989166259766,22200
2011-12-16,42.52000045776367,42.52000045776367,42.040000915527344,42.16999816894531,23.065689086914062,23400
2011-12-19,42.290000915527344,42.290000915527344,41.77000045776367,42.0099983215332,22.978178024291992,9800
2011-12-20,42.150001525878906,42.209999084472656,42.02000045776367,42.09000015258789,23.021940231323242,7300
2011-12-21,42.040000915527344,42.18000030517578,41.84000015258789,42.150001525878906,23.054752349853516,15300
2011-12-22,42.290000915527344,42.43000030517578,42.11000061035156,42.29999923706055,23.136804580688477,16000
2011-12-23,42.33000183105469,42.380001068115234,41.77000045776367,42.34000015258789,23.158679962158203,16700
2011-12-27,42.400001525878906,42.400001525878906,42.0,42.0,22.97270965576172,14100
2011-12-28,41.83000183105469,42.0,41.83000183105469,41.97999954223633,22.961769104003906,14400
2011-12-29,42.189998626708984,42.25,41.95000076293945,42.099998474121094,23.027406692504883,30300
2011-12-30,41.709999084472656,42.220001220703125,41.709999084472656,42.16999816894531,23.065689086914062,19200
2012-01-03,42.79999923706055,43.150001525878906,42.36000061035156,42.47999954223633,23.235246658325195,22100
2012-01-04,42.22999954223633,42.79999923706055,42.22999954223633,42.79999923706055,23.410282135009766,7700
2012-01-05,42.9900016784668,43.220001220703125,42.75,43.13999938964844,23.596250534057617,21900
2012-01-06,43.0,43.31999969482422,43.0,43.2599983215332,23.661890029907227,17600
2012-01-09,43.54999923706055,43.54999923706055,43.209999084472656,43.380001068115234,23.727529525756836,22600
2012-01-10,43.54999923706055,43.619998931884766,43.470001220703125,43.560001373291016,23.825986862182617,10600
2012-01-11,43.5,43.58000183105469,43.380001068115234,43.529998779296875,23.809572219848633,21900
2012-01-12,43.59000015258789,43.61000061035156,43.5099983215332,43.59000015258789,23.84238052368164,19500
2012-01-13,43.59000015258789,43.61000061035156,43.380001068115234,43.540000915527344,23.815032958984375,12200
2012-01-17,43.88999938964844,43.88999938964844,43.5,43.599998474121094,23.847848892211914,12700
2012-01-18,43.689998626708984,43.70000076293945,43.619998931884766,43.70000076293945,23.902549743652344,33900
2012-01-19,43.88999938964844,43.91999816894531,43.7599983215332,43.790000915527344,23.951793670654297,19900
2012-01-20,43.790000915527344,43.88999938964844,43.75,43.88999938964844,24.006473541259766,9200
2012-01-23,43.9900016784668,44.0099983215332,43.81999969482422,43.849998474121094,23.984609603881836,34500
2012-01-24,43.56999969482422,43.900001525878906,43.56999969482422,43.84000015258789,23.97913360595703,41100
2012-01-25,43.88999938964844,44.65999984741211,43.84000015258789,44.04999923706055,24.093997955322266,19800
2012-01-26,44.13999938964844,44.16999816894531,44.040000915527344,44.11000061035156,24.126811981201172,26000
2012-01-27,44.0,44.65999984741211,44.0,44.209999084472656,24.18151092529297,17900
2012-01-30,44.20000076293945,44.209999084472656,44.04999923706055,44.18000030517578,24.16508674621582,34100
2012-01-31,44.099998474121094,44.310001373291016,44.099998474121094,44.290000915527344,24.22525978088379,24000
2012-02-01,44.4900016784668,44.4900016784668,44.31999969482422,44.400001525878906,24.285444259643555,39900
2012-02-02,44.400001525878906,44.540000915527344,44.400001525878906,44.459999084472656,24.318252563476562,80000
2012-02-03,44.63999938964844,44.650001525878906,44.54999923706055,44.630001068115234,24.411237716674805,78400
2012-02-06,44.59000015258789,44.66999816894531,44.540000915527344,44.61000061035156,24.40028953552246,28400
2012-02-07,44.59000015258789,44.66999816894531,44.59000015258789,44.619998931884766,24.405765533447266,35300
2012-02-08,44.68000030517578,44.7400016784668,44.58000183105469,44.65999984741211,24.42765235900879,210000
2012-02-09,44.72999954223633,44.84000015258789,44.599998474121094,44.66999816894531,24.43311882019043,26500
2012-02-10,44.66999816894531,44.70000076293945,44.400001525878906,44.400001525878906,24.285444259643555,30000
2012-02-13,44.54999923706055,44.72999954223633,44.5,44.72999954223633,24.46593475341797,27500
2012-02-14,44.70000076293945,44.779998779296875,44.619998931884766,44.779998779296875,24.493284225463867,37100
2012-02-15,44.849998474121094,44.900001525878906,44.720001220703125,44.77000045776367,24.487810134887695,23100
2012-02-16,44.880001068115234,44.880001068115234,44.68000030517578,44.77000045776367,24.487810134887695,32300
2012-02-17,44.70000076293945,44.93000030517578,44.70000076293945,44.91999816894531,24.56985855102539,30500
2012-02-21,45.09000015258789,45.560001373291016,44.880001068115234,44.93000030517578,24.575342178344727,35100
2012-02-22,44.869998931884766,44.970001220703125,44.869998931884766,44.970001220703125,24.59720802307129,24800
2012-02-23,44.97999954223633,45.09000015258789,44.97999954223633,45.09000015258789,24.662832260131836,22800
2012-02-24,45.400001525878906,45.400001525878906,45.119998931884766,45.16999816894531,24.70659828186035,33500
2012-02-27,45.119998931884766,45.33000183105469,45.099998474121094,45.2599983215332,24.755826950073242,35400
2012-02-28,45.290000915527344,45.31999969482422,45.220001220703125,45.279998779296875,24.76676368713379,297700
2012-02-29,45.459999084472656,45.5,45.34000015258789,45.36000061035156,24.810529708862305,51200
2012-03-01,45.38999938964844,45.41999816894531,45.29999923706055,45.31999969482422,24.78864288330078,36000
2012-03-02,45.33000183105469,45.38999938964844,45.310001373291016,45.38999938964844,24.826932907104492,38700
2012-03-05,45.27000045776367,45.40999984741211,45.220001220703125,45.29999923706055,24.7777042388916,35600
2012-03-06,45.18000030517578,45.18000030517578,44.970001220703125,45.02000045776367,24.624547958374023,35600
2012-03-07,45.11000061035156,45.349998474121094,45.09000015258789,45.119998931884766,24.67924690246582,43300
2012-03-08,45.2599983215332,45.279998779296875,45.0,45.27000045776367,24.761289596557617,45400
2012-03-09,45.31999969482422,45.400001525878906,45.29999923706055,45.400001525878906,24.832395553588867,45600
2012-03-12,45.369998931884766,45.41999816894531,45.2400016784668,45.34000015258789,24.799579620361328,160300
2012-03-13,45.59000015258789,45.650001525878906,45.5,45.61000061035156,24.947265625,170600
2012-03-14,45.59000015258789,45.59000015258789,45.470001220703125,45.47999954223633,24.876163482666016,39300
2012-03-15,45.689998626708984,45.689998626708984,45.31999969482422,45.34000015258789,24.799579620361328,38300
2012-03-16,44.900001525878906,44.939998626708984,44.81999969482422,44.939998626708984,24.839929580688477,40000
2012-03-19,44.939998626708984,44.97999954223633,44.939998626708984,44.939998626708984,24.839929580688477,27300
2012-03-20,44.79999923706055,44.959999084472656,44.68000030517578,44.959999084472656,24.85098648071289,21300
2012-03-21,44.959999084472656,44.9900016784668,44.88999938964844,44.970001220703125,24.85651397705078,20100
2012-03-22,44.83000183105469,44.95000076293945,44.83000183105469,44.88999938964844,24.812299728393555,41200
2012-03-23,44.900001525878906,45.02000045776367,44.900001525878906,45.02000045776367,24.884151458740234,37200
2012-03-26,45.119998931884766,45.119998931884766,45.0,45.02000045776367,24.884151458740234,27100
2012-03-27,45.029998779296875,45.040000915527344,44.900001525878906,44.900001525878906,24.817821502685547,80000
2012-03-28,45.0,45.04999923706055,44.95000076293945,45.0,24.873092651367188,44700
2012-03-29,44.95000076293945,45.04999923706055,44.95000076293945,44.959999084472656,24.85098648071289,51400
2012-03-30,45.040000915527344,45.040000915527344,44.91999816894531,44.91999816894531,24.8288631439209,32100
2012-04-02,44.900001525878906,44.97999954223633,44.880001068115234,44.91999816894531,24.8288631439209,40500
2012-04-03,44.90999984741211,44.970001220703125,44.869998931884766,44.959999084472656,24.85098648071289,29600
2012-04-04,44.810001373291016,44.91999816894531,44.79999923706055,44.900001525878906,24.817821502685547,27200
2012-04-05,44.810001373291016,44.900001525878906,44.7599983215332,44.88999938964844,24.812299728393555,17800
2012-04-09,44.72999954223633,44.83000183105469,44.689998626708984,44.81999969482422,24.77360725402832,18500
2012-04-10,44.72999954223633,44.84000015258789,44.56999969482422,44.65999984741211,24.685171127319336,128900
2012-04-11,44.75,44.75,44.560001373291016,44.619998931884766,24.663068771362305,29700
2012-04-12,44.7400016784668,44.97999954223633,44.70000076293945,44.959999084472656,24.85098648071289,15400
2012-04-13,44.93000030517578,44.93000030517578,44.77000045776367,44.90999984741211,24.823341369628906,21600
2012-04-16,45.02000045776367,45.02000045776367,44.849998474121094,44.970001220703125,24.85651397705078,29900
2012-04-17,45.06999969482422,45.08000183105469,44.95000076293945,44.959999084472656,24.85098648071289,20200
2012-04-18,44.900001525878906,45.0099983215332,44.849998474121094,44.849998474121094,24.79018783569336,26600
2012-04-19,44.75,44.939998626708984,44.75,44.90999984741211,24.823341369628906,27700
2012-04-20,44.93000030517578,44.970001220703125,44.81999969482422,44.83000183105469,24.779130935668945,26700
2012-04-23,44.650001525878906,44.79999923706055,44.650001525878906,44.79999923706055,24.762540817260742,30700
2012-04-24,44.86000061035156,44.91999816894531,44.79999923706055,44.900001525878906,24.817821502685547,33600
2012-04-25,45.0099983215332,45.0099983215332,44.88999938964844,44.95000076293945,24.84546661376953,69400
2012-04-26,44.9900016784668,45.02000045776367,44.939998626708984,44.959999084472656,24.85098648071289,117500
2012-04-27,45.04999923706055,45.06999969482422,44.95000076293945,45.06999969482422,24.91179656982422,120100
2012-04-30,45.16999816894531,45.16999816894531,45.04999923706055,45.08000183105469,24.91733169555664,33000
2012-05-01,45.099998474121094,45.16999816894531,45.08000183105469,45.15999984741211,24.96154022216797,51400
2012-05-02,45.099998474121094,45.189998626708984,45.099998474121094,45.150001525878906,24.95600700378418,42000
2012-05-03,45.16999816894531,45.2400016784668,45.150001525878906,45.2400016784668,25.00574493408203,32000
2012-05-04,45.15999984741211,45.25,45.150001525878906,45.220001220703125,24.99470329284668,25100
2012-05-07,45.189998626708984,45.290000915527344,45.130001068115234,45.27000045776367,25.022340774536133,41000
2012-05-08,45.220001220703125,45.27000045776367,45.18000030517578,45.209999084472656,24.989168167114258,48500
2012-05-09,45.15999984741211,45.209999084472656,45.0,45.06999969482422,24.91179656982422,48900
2012-05-10,45.18000030517578,45.220001220703125,45.130001068115234,45.150001525878906,24.95600700378418,49300
2012-05-11,45.029998779296875,45.16999816894531,44.939998626708984,44.959999084472656,24.85098648071289,35000
2012-05-14,44.9900016784668,44.9900016784668,44.75,44.7599983215332,24.74043846130371,51000
2012-05-15,44.849998474121094,44.849998474121094,44.709999084472656,44.720001220703125,24.718332290649414,30000
2012-05-16,44.70000076293945,45.0,44.650001525878906,44.7400016784668,24.729389190673828,19900
2012-05-17,44.75,44.75,44.099998474121094,44.130001068115234,24.39222526550293,104800
2012-05-18,44.2599983215332,44.2599983215332,43.58000183105469,43.7400016784668,24.176651000976562,153800
2012-05-21,43.68000030517578,44.369998931884766,43.68000030517578,44.369998931884766,24.524866104125977,69400
2012-05-22,44.439998626708984,44.86000061035156,44.439998626708984,44.599998474121094,24.652002334594727,47700
2012-05-23,44.33000183105469,44.72999954223633,44.33000183105469,44.709999084472656,24.712800979614258,21000
2012-05-24,44.79999923706055,44.93000030517578,44.7599983215332,44.869998931884766,24.801239013671875,32700
2012-05-25,44.849998474121094,44.939998626708984,44.75,44.939998626708984,24.839929580688477,30300
2012-05-29,45.08000183105469,45.16999816894531,44.93000030517578,45.15999984741211,24.96154022216797,140600
2012-05-30,44.97999954223633,45.09000015258789,44.849998474121094,44.849998474121094,24.79018783569336,20500
2012-05-31,44.91999816894531,45.029998779296875,44.709999084472656,44.90999984741211,24.823341369628906,58000
2012-06-01,44.66999816894531,44.70000076293945,44.380001068115234,44.619998931884766,24.663068771362305,33700
2012-06-04,44.63999938964844,44.77000045776367,44.529998779296875,44.72999954223633,24.723857879638672,50800
2012-06-05,44.63999938964844,45.0,44.63999938964844,44.83000183105469,24.779130935668945,29700
2012-06-06,45.33000183105469,45.33000183105469,45.06999969482422,45.099998474121094,24.92836570739746,166900
2012-06-07,45.279998779296875,45.279998779296875,45.04999923706055,45.09000015258789,24.922853469848633,151600
2012-06-08,45.63999938964844,45.63999938964844,45.0099983215332,45.04999923706055,24.900733947753906,83200
2012-06-11,45.2599983215332,45.2599983215332,44.9900016784668,45.0,24.873092651367188,102600
2012-06-12,45.099998474121094,45.150001525878906,44.959999084472656,45.150001525878906,24.95600700378418,67700
2012-06-13,45.06999969482422,45.189998626708984,45.029998779296875,45.16999816894531,24.96705436706543,80500
2012-06-14,45.25,45.2599983215332,45.11000061035156,45.2599983215332,25.016807556152344,126300
2012-06-15,44.65999984741211,44.65999984741211,44.52000045776367,44.650001525878906,25.083662033081055,49600
2012-06-18,44.529998779296875,44.72999954223633,44.529998779296875,44.630001068115234,25.072425842285156,260300
2012-06-19,44.93000030517578,44.93000030517578,44.689998626708984,44.779998779296875,25.156686782836914,53000
2012-06-20,44.97999954223633,44.97999954223633,44.75,44.95000076293945,25.252193450927734,49100
2012-06-21,45.119998931884766,45.119998931884766,44.79999923706055,44.869998931884766,25.207244873046875,47100
2012-06-22,44.970001220703125,44.970001220703125,44.849998474121094,44.91999816894531,25.23533821105957,37400
2012-06-25,44.880001068115234,44.880001068115234,44.79999923706055,44.869998931884766,25.207244873046875,43900
2012-06-26,44.880001068115234,44.970001220703125,44.869998931884766,44.970001220703125,25.263439178466797,50500
2012-06-27,44.93000030517578,45.40999984741211,44.93000030517578,45.04999923706055,25.308378219604492,60000
2012-06-28,45.0099983215332,45.18000030517578,44.959999084472656,45.18000030517578,25.38140296936035,145100
2012-06-29,45.47999954223633,45.47999954223633,45.11000061035156,45.25,25.420730590820312,82500
2012-07-02,45.43000030517578,45.43000030517578,45.029998779296875,45.40999984741211,25.5106201171875,161700
2012-07-03,45.43000030517578,45.47999954223633,45.209999084472656,45.47999954223633,25.549951553344727,52000
2012-07-05,45.40999984741211,45.47999954223633,45.220001220703125,45.459999084472656,25.53870391845703,86200
2012-07-06,45.439998626708984,45.529998779296875,45.400001525878906,45.5,25.561176300048828,101400
2012-07-09,45.54999923706055,45.619998931884766,45.43000030517578,45.54999923706055,25.589258193969727,35600
2012-07-10,45.68000030517578,45.68000030517578,45.439998626708984,45.529998779296875,25.57802963256836,36300
2012-07-11,45.59000015258789,45.59000015258789,45.40999984741211,45.54999923706055,25.589258193969727,38700
2012-07-12,45.5099983215332,45.61000061035156,45.41999816894531,45.54999923706055,25.589258193969727,71700
2012-07-13,45.619998931884766,45.72999954223633,45.619998931884766,45.689998626708984,25.66791534423828,78900
2012-07-16,46.0099983215332,46.0099983215332,45.59000015258789,45.810001373291016,25.73533058166504,125400
2012-07-17,45.79999923706055,45.90999984741211,45.70000076293945,45.779998779296875,25.718482971191406,219500
2012-07-18,45.83000183105469,45.91999816894531,45.790000915527344,45.880001068115234,25.774656295776367,137800
2012-07-19,45.939998626708984,45.95000076293945,45.81999969482422,45.869998931884766,25.76903533935547,42600
2012-07-20,45.81999969482422,45.880001068115234,45.75,45.86000061035156,25.7634334564209,66500
2012-07-23,45.7599983215332,45.79999923706055,45.70000076293945,45.790000915527344,25.724090576171875,144500
2012-07-24,45.86000061035156,46.15999984741211,45.54999923706055,45.650001525878906,25.64545440673828,41400
2012-07-25,45.810001373291016,45.810001373291016,45.560001373291016,45.599998474121094,25.617355346679688,44200
2012-07-26,45.689998626708984,45.7400016784668,45.599998474121094,45.689998626708984,25.66791534423828,45600
2012-07-27,45.779998779296875,45.849998474121094,45.72999954223633,45.810001373291016,25.73533058166504,52600
2012-07-30,45.84000015258789,45.88999938964844,45.720001220703125,45.810001373291016,25.73533058166504,136500
2012-07-31,45.630001068115234,46.27000045776367,45.630001068115234,45.84000015258789,25.752185821533203,38800
2012-08-01,45.939998626708984,45.939998626708984,45.79999923706055,45.81999969482422,25.740947723388672,47600
2012-08-02,45.84000015258789,45.88999938964844,45.63999938964844,45.79999923706055,25.729713439941406,53200
2012-08-03,45.97999954223633,46.0099983215332,45.720001220703125,45.79999923706055,25.729713439941406,47600
2012-08-06,45.91999816894531,46.04999923706055,45.91999816894531,46.029998779296875,25.85892105102539,63800
2012-08-07,46.099998474121094,46.099998474121094,46.0,46.0,25.842071533203125,49600
2012-08-08,46.02000045776367,46.08000183105469,45.9900016784668,46.08000183105469,25.88702392578125,76500
2012-08-09,46.09000015258789,46.22999954223633,46.08000183105469,46.119998931884766,25.909488677978516,77300
2012-08-10,46.119998931884766,46.119998931884766,45.93000030517578,45.93000030517578,25.802751541137695,43500
2012-08-13,46.04999923706055,46.099998474121094,45.970001220703125,45.97999954223633,25.830829620361328,99600
2012-08-14,46.099998474121094,46.119998931884766,45.939998626708984,46.0099983215332,25.847684860229492,75000
2012-08-15,46.04999923706055,46.06999969482422,45.91999816894531,45.9900016784668,25.83645248413086,58100
2012-08-16,46.09000015258789,46.09000015258789,45.84000015258789,45.91999816894531,25.797121047973633,58700
2012-08-17,45.959999084472656,45.9900016784668,45.900001525878906,45.959999084472656,25.819595336914062,55400
2012-08-20,46.029998779296875,46.04999923706055,45.75,45.90999984741211,25.791501998901367,59300
2012-08-21,45.91999816894531,45.95000076293945,45.84000015258789,45.880001068115234,25.774656295776367,32200
2012-08-22,45.7599983215332,45.95000076293945,45.7599983215332,45.88999938964844,25.7802677154541,389600
2012-08-23,45.880001068115234,45.97999954223633,45.81999969482422,45.970001220703125,25.82521629333496,31600
2012-08-24,45.970001220703125,46.060001373291016,45.52000045776367,46.060001373291016,25.875764846801758,292000
2012-08-27,46.060001373291016,46.11000061035156,45.95000076293945,46.08000183105469,25.88702392578125,182500
2012-08-28,46.06999969482422,46.189998626708984,46.029998779296875,46.18000030517578,25.943185806274414,46700
2012-08-29,46.189998626708984,46.22999954223633,46.11000061035156,46.220001220703125,25.965665817260742,79100
2012-08-30,46.20000076293945,46.29999923706055,46.16999816894531,46.29999923706055,26.010608673095703,93400
2012-08-31,46.38999938964844,46.38999938964844,46.22999954223633,46.290000915527344,26.004993438720703,49000
2012-09-04,46.290000915527344,46.290000915527344,46.119998931884766,46.279998779296875,25.999366760253906,142400
2012-09-05,46.31999969482422,46.31999969482422,46.2599983215332,46.29999923706055,26.010608673095703,104500
2012-09-06,46.2599983215332,46.36000061035156,46.2599983215332,46.36000061035156,26.0443115234375,78700
2012-09-07,46.380001068115234,46.380001068115234,46.29999923706055,46.380001068115234,26.0555362701416,31900
2012-09-10,46.349998474121094,46.43000030517578,46.33000183105469,46.400001525878906,26.066781997680664,76200
2012-09-11,46.40999984741211,46.439998626708984,46.34000015258789,46.369998931884766,26.04993438720703,47000
2012-09-12,46.41999816894531,46.45000076293945,46.36000061035156,46.45000076293945,26.094871520996094,60700
2012-09-13,46.5099983215332,46.560001373291016,46.40999984741211,46.5,26.12295150756836,38600
2012-09-14,46.4900016784668,46.540000915527344,46.400001525878906,46.47999954223633,26.11172866821289,32100
2012-09-17,46.59000015258789,46.59000015258789,46.400001525878906,46.41999816894531,26.078020095825195,38300
2012-09-18,46.45000076293945,46.470001220703125,46.31999969482422,46.459999084472656,26.100496292114258,30400
2012-09-19,46.47999954223633,46.47999954223633,46.380001068115234,46.45000076293945,26.094871520996094,60700
2012-09-20,46.45000076293945,46.45000076293945,46.349998474121094,46.41999816894531,26.078020095825195,39200
2012-09-21,45.709999084472656,45.709999084472656,45.47999954223633,45.47999954223633,25.983190536499023,249600
2012-09-24,45.58000183105469,45.59000015258789,45.33000183105469,45.33000183105469,25.89748191833496,331200
2012-09-25,45.470001220703125,45.540000915527344,45.380001068115234,45.5099983215332,26.000333786010742,50500
2012-09-26,45.540000915527344,45.58000183105469,45.439998626708984,45.54999923706055,26.023162841796875,38600
2012-09-27,45.599998474121094,45.66999816894531,45.52000045776367,45.58000183105469,26.040315628051758,114200
2012-09-28,45.65999984741211,45.65999984741211,45.56999969482422,45.61000061035156,26.057449340820312,85000
2012-10-01,45.810001373291016,45.810001373291016,45.58000183105469,45.689998626708984,26.103153228759766,62100
2012-10-02,45.720001220703125,45.720001220703125,45.599998474121094,45.70000076293945,26.108875274658203,45900
2012-10-03,45.619998931884766,45.77000045776367,45.619998931884766,45.689998626708984,26.103153228759766,50300
2012-10-04,45.75,45.75,45.630001068115234,45.75,26.137434005737305,34000
2012-10-05,45.779998779296875,45.869998931884766,45.7599983215332,45.869998931884766,26.205991744995117,41200
2012-10-08,45.81999969482422,45.900001525878906,45.7599983215332,45.84000015258789,26.188859939575195,21500
2012-10-09,45.880001068115234,45.880001068115234,45.720001220703125,45.79999923706055,26.166004180908203,39500
2012-10-10,45.84000015258789,45.849998474121094,45.720001220703125,45.83000183105469,26.183143615722656,19500
2012-10-11,45.77000045776367,45.97999954223633,45.77000045776367,45.970001220703125,26.263126373291016,35600
2012-10-12,45.91999816894531,46.0,45.869998931884766,45.9900016784668,26.274547576904297,42400
2012-10-15,46.060001373291016,46.060001373291016,45.900001525878906,45.959999084472656,26.25740623474121,30300
2012-10-16,46.040000915527344,46.040000915527344,45.95000076293945,46.0099983215332,26.285974502563477,45500
2012-10-17,46.040000915527344,46.040000915527344,45.9900016784668,46.0099983215332,26.285974502563477,19500
2012-10-18,46.040000915527344,46.119998931884766,45.9900016784668,46.040000915527344,26.303112030029297,27000
2012-10-19,46.060001373291016,46.09000015258789,45.95000076293945,46.029998779296875,26.297401428222656,32300
2012-10-22,45.97999954223633,46.04999923706055,45.90999984741211,46.0099983215332,26.285974502563477,81800
2012-10-23,45.97999954223633,46.0,45.7599983215332,45.93000030517578,26.240278244018555,65700
2012-10-24,45.849998474121094,45.970001220703125,45.81999969482422,45.83000183105469,26.183143615722656,65100
2012-10-25,45.7599983215332,46.0,45.7599983215332,45.84000015258789,26.188859939575195,67000
2012-10-26,45.900001525878906,45.900001525878906,45.75,45.869998931884766,26.205991744995117,105300
2012-10-31,45.869998931884766,46.459999084472656,45.75,45.90999984741211,26.22884178161621,63300
2012-11-01,45.959999084472656,46.099998474121094,45.90999984741211,46.099998474121094,26.33739471435547,30300
2012-11-02,46.25,46.25,46.0099983215332,46.099998474121094,26.33739471435547,111500
2012-11-05,46.130001068115234,46.130001068115234,46.06999969482422,46.099998474121094,26.33739471435547,83900
2012-11-06,46.150001525878906,46.150001525878906,45.970001220703125,45.970001220703125,26.263126373291016,40600
2012-11-07,46.0099983215332,46.02000045776367,45.869998931884766,45.939998626708984,26.245981216430664,42400
2012-11-08,45.95000076293945,46.0,45.810001373291016,45.810001373291016,26.171714782714844,30900
2012-11-09,45.75,45.849998474121094,45.689998626708984,45.81999969482422,26.17742347717285,56500
2012-11-12,45.880001068115234,45.880001068115234,45.77000045776367,45.880001068115234,26.211708068847656,24100
2012-11-13,45.869998931884766,45.880001068115234,45.779998779296875,45.86000061035156,26.20029067993164,123800
2012-11-14,45.88999938964844,45.90999984741211,45.2599983215332,45.2599983215332,25.857492446899414,93100
2012-11-15,45.47999954223633,45.47999954223633,44.91999816894531,45.04999923706055,25.73752212524414,62500
2012-11-16,45.099998474121094,45.52000045776367,45.099998474121094,45.52000045776367,26.00603675842285,56400
2012-11-19,45.540000915527344,45.709999084472656,44.720001220703125,45.630001068115234,26.068880081176758,92400
2012-11-20,45.52000045776367,45.79999923706055,45.52000045776367,45.779998779296875,26.15458106994629,43300
2012-11-21,46.060001373291016,46.060001373291016,45.77000045776367,45.83000183105469,26.183143615722656,22700
2012-11-23,46.0,46.0,45.81999969482422,45.93000030517578,26.240278244018555,12200
2012-11-26,45.97999954223633,45.97999954223633,45.75,45.83000183105469,26.183143615722656,86400
2012-11-27,46.04999923706055,46.04999923706055,45.849998474121094,45.88999938964844,26.2174129486084,35200
2012-11-28,45.93000030517578,45.93000030517578,45.79999923706055,45.81999969482422,26.17742347717285,52400
2012-11-29,45.91999816894531,45.939998626708984,45.849998474121094,45.849998474121094,26.19456672668457,70800
2012-11-30,45.91999816894531,45.93000030517578,45.86000061035156,45.88999938964844,26.2174129486084,68800
2012-12-03,45.939998626708984,45.939998626708984,45.68000030517578,45.72999954223633,26.126008987426758,62000
2012-12-04,46.0,46.0,45.689998626708984,45.77000045776367,26.148860931396484,66700
2012-12-05,45.81999969482422,45.81999969482422,45.689998626708984,45.7400016784668,26.131725311279297,68800
2012-12-06,45.81999969482422,45.81999969482422,45.70000076293945,45.810001373291016,26.171714782714844,52800
2012-12-07,45.91999816894531,45.91999816894531,45.720001220703125,45.77000045776367,26.148860931396484,44200
2012-12-10,45.70000076293945,45.790000915527344,45.70000076293945,45.72999954223633,26.126008987426758,62000
2012-12-11,45.869998931884766,45.869998931884766,45.72999954223633,45.77000045776367,26.148860931396484,54000
2012-12-12,45.86000061035156,45.86000061035156,45.70000076293945,45.77000045776367,26.148860931396484,53300
2012-12-13,45.88999938964844,45.88999938964844,45.65999984741211,45.68000030517578,26.097444534301758,51300
2012-12-14,45.72999954223633,45.72999954223633,45.599998474121094,45.66999816894531,26.091737747192383,56700
2012-12-17,45.650001525878906,45.79999923706055,45.630001068115234,45.689998626708984,26.103153228759766,72700
2012-12-18,45.75,45.75,45.59000015258789,45.66999816894531,26.091737747192383,61700
2012-12-19,45.7400016784668,45.779998779296875,45.630001068115234,45.720001220703125,26.12029266357422,117800
2012-12-20,45.7599983215332,45.849998474121094,45.650001525878906,45.70000076293945,26.108875274658203,46100
2012-12-21,45.5,45.5,44.689998626708984,44.7400016784668,26.047744750976562,61400
2012-12-24,44.75,44.7599983215332,44.689998626708984,44.75,26.053564071655273,24700
2012-12-26,44.75,44.7599983215332,44.68000030517578,44.709999084472656,26.030271530151367,211700
2012-12-27,44.63999938964844,44.790000915527344,44.59000015258789,44.7400016784668,26.047744750976562,87300
2012-12-28,44.70000076293945,45.099998474121094,44.650001525878906,45.099998474121094,26.257320404052734,90500
2012-12-31,44.84000015258789,44.97999954223633,44.790000915527344,44.97999954223633,26.187463760375977,135700
2013-01-02,44.93000030517578,45.25,44.880001068115234,45.0099983215332,26.20493507385254,106600
2013-01-03,45.060001373291016,45.15999984741211,45.029998779296875,45.119998931884766,26.268959045410156,64000
2013-01-04,45.18000030517578,45.27000045776367,45.08000183105469,45.2599983215332,26.350488662719727,104200
2013-01-07,45.290000915527344,45.290000915527344,45.20000076293945,45.27000045776367,26.356311798095703,194100
2013-01-08,45.290000915527344,45.400001525878906,45.2599983215332,45.400001525878906,26.43199348449707,58000
2013-01-09,45.439998626708984,45.459999084472656,45.369998931884766,45.45000076293945,26.461109161376953,89500
2013-01-10,45.4900016784668,45.5,45.439998626708984,45.47999954223633,26.47857093811035,50600
2013-01-11,45.400001525878906,45.54999923706055,45.400001525878906,45.47999954223633,26.47857093811035,108400
2013-01-14,45.4900016784668,45.5,45.45000076293945,45.4900016784668,26.48438835144043,62000
2013-01-15,45.45000076293945,45.4900016784668,45.380001068115234,45.470001220703125,26.472747802734375,273000
2013-01-16,45.52000045776367,45.54999923706055,45.45000076293945,45.470001220703125,26.472747802734375,125100
2013-01-17,45.5,45.56999969482422,45.459999084472656,45.56999969482422,26.53097152709961,90400
2013-01-18,45.599998474121094,45.70000076293945,45.599998474121094,45.70000076293945,26.606657028198242,79200
2013-01-22,45.63999938964844,45.79999923706055,45.619998931884766,45.70000076293945,26.606657028198242,92600
2013-01-23,45.709999084472656,45.720001220703125,45.619998931884766,45.66999816894531,26.58917808532715,69800
2013-01-24,45.66999816894531,45.68000030517578,45.58000183105469,45.599998474121094,26.54843521118164,87900
2013-01-25,45.619998931884766,45.619998931884766,45.529998779296875,45.599998474121094,26.54843521118164,55900
2013-01-28,45.599998474121094,45.599998474121094,45.5,45.5099983215332,26.49604034423828,109500
2013-01-29,45.5099983215332,45.560001373291016,45.43000030517578,45.470001220703125,26.472747802734375,107200
2013-01-30,45.4900016784668,45.52000045776367,45.400001525878906,45.400001525878906,26.43199348449707,57100
2013-01-31,45.40999984741211,45.439998626708984,45.369998931884766,45.380001068115234,26.420352935791016,34300
2013-02-01,45.40999984741211,45.47999954223633,45.369998931884766,45.459999084472656,26.46693229675293,56200
2013-02-04,45.36000061035156,45.529998779296875,45.349998474121094,45.38999938964844,26.426177978515625,95800
2013-02-05,45.43000030517578,45.47999954223633,45.36000061035156,45.40999984741211,26.437801361083984,51500
2013-02-06,45.310001373291016,45.470001220703125,45.310001373291016,45.40999984741211,26.437801361083984,56100
2013-02-07,45.36000061035156,45.439998626708984,45.36000061035156,45.43000030517578,26.449451446533203,59400
2013-02-08,45.47999954223633,45.540000915527344,45.43000030517578,45.47999954223633,26.47857093811035,79600
2013-02-11,45.529998779296875,45.560001373291016,45.459999084472656,45.4900016784668,26.48438835144043,41400
2013-02-12,45.529998779296875,45.529998779296875,45.4900016784668,45.529998779296875,26.507678985595703,70200
2013-02-13,45.58000183105469,45.61000061035156,45.5,45.54999923706055,26.519323348999023,45000
2013-02-14,45.58000183105469,45.58000183105469,45.470001220703125,45.52000045776367,26.501855850219727,68700
2013-02-15,45.560001373291016,45.560001373291016,45.52000045776367,45.529998779296875,26.507678985595703,63900
2013-02-19,45.560001373291016,45.61000061035156,45.529998779296875,45.59000015258789,26.542604446411133,53900
2013-02-20,45.599998474121094,45.619998931884766,45.54999923706055,45.58000183105469,26.536787033081055,46200
2013-02-21,45.58000183105469,45.599998474121094,45.529998779296875,45.599998474121094,26.54843521118164,52900
2013-02-22,45.630001068115234,45.68000030517578,45.56999969482422,45.630001068115234,26.56589126586914,43900
2013-02-25,45.65999984741211,45.720001220703125,45.619998931884766,45.70000076293945,26.606657028198242,79500
2013-02-26,45.75,45.779998779296875,45.66999816894531,45.7599983215332,26.641586303710938,67200
2013-02-27,45.709999084472656,45.86000061035156,45.709999084472656,45.77000045776367,26.647401809692383,49900
2013-02-28,45.72999954223633,45.810001373291016,45.70000076293945,45.7599983215332,26.641586303710938,31200
2013-03-01,45.56999969482422,45.7400016784668,45.56999969482422,45.72999954223633,26.62413215637207,46700
2013-03-04,45.7599983215332,45.79999923706055,45.619998931884766,45.79999923706055,26.66488265991211,54100
2013-03-05,45.849998474121094,45.86000061035156,45.79999923706055,45.83000183105469,26.682336807250977,59900
2013-03-06,45.880001068115234,45.91999816894531,45.79999923706055,45.83000183105469,26.682336807250977,63600
2013-03-07,45.86000061035156,45.91999816894531,45.810001373291016,45.84000015258789,26.688159942626953,80400
2013-03-08,45.900001525878906,45.93000030517578,45.79999923706055,45.810001373291016,26.670698165893555,61600
2013-03-11,45.7400016784668,45.84000015258789,45.7400016784668,45.79999923706055,26.66488265991211,61600
2013-03-12,45.83000183105469,45.849998474121094,45.77000045776367,45.79999923706055,26.66488265991211,42100
2013-03-13,45.84000015258789,45.869998931884766,45.79999923706055,45.86000061035156,26.699811935424805,88400
2013-03-14,45.900001525878906,45.95000076293945,45.86000061035156,45.939998626708984,26.746374130249023,69500
2013-03-15,45.400001525878906,45.470001220703125,45.369998931884766,45.41999816894531,26.739315032958984,123200
2013-03-18,45.40999984741211,45.5099983215332,45.310001373291016,45.43000030517578,26.74520492553711,132400
2013-03-19,45.470001220703125,45.599998474121094,45.36000061035156,45.43000030517578,26.74520492553711,55300
2013-03-20,45.4900016784668,45.56999969482422,45.40999984741211,45.45000076293945,26.75697898864746,85100
2013-03-21,45.439998626708984,45.529998779296875,45.43000030517578,45.5099983215332,26.79230308532715,83600
2013-03-22,45.529998779296875,45.54999923706055,45.5099983215332,45.54999923706055,26.815845489501953,41000
2013-03-25,45.59000015258789,45.59000015258789,45.5099983215332,45.5099983215332,26.79230308532715,59400
2013-03-26,45.56999969482422,45.58000183105469,45.5,45.540000915527344,26.80996322631836,60000
2013-03-27,45.470001220703125,45.5099983215332,45.459999084472656,45.5,26.786413192749023,93600
2013-03-28,45.54999923706055,45.630001068115234,45.52000045776367,45.599998474121094,26.84528160095215,33800
2013-04-01,45.650001525878906,45.650001525878906,45.4900016784668,45.56999969482422,26.827621459960938,40000
2013-04-02,45.619998931884766,45.68000030517578,45.56999969482422,45.630001068115234,26.86294174194336,45900
2013-04-03,45.65999984741211,45.65999984741211,45.59000015258789,45.599998474121094,26.84528160095215,31400
2013-04-04,45.619998931884766,45.630001068115234,45.54999923706055,45.599998474121094,26.84528160095215,52700
2013-04-05,45.560001373291016,45.61000061035156,45.52000045776367,45.599998474121094,26.84528160095215,23400
2013-04-08,45.619998931884766,45.63999938964844,45.529998779296875,45.56999969482422,26.827621459960938,77700
2013-04-09,45.599998474121094,45.61000061035156,45.529998779296875,45.599998474121094,26.84528160095215,144600
2013-04-10,45.630001068115234,45.66999816894531,45.58000183105469,45.58000183105469,26.83350944519043,96100
2013-04-11,45.58000183105469,45.66999816894531,45.560001373291016,45.650001525878906,26.874725341796875,89100
2013-04-12,45.599998474121094,45.68000030517578,45.560001373291016,45.66999816894531,26.88648796081543,69300
2013-04-15,45.70000076293945,45.7400016784668,45.650001525878906,45.709999084472656,26.910043716430664,101900
2013-04-16,45.77000045776367,45.84000015258789,45.7400016784668,45.81999969482422,26.974803924560547,74300
2013-04-17,45.849998474121094,45.849998474121094,45.779998779296875,45.84000015258789,26.986572265625,84500
2013-04-18,45.88999938964844,46.119998931884766,45.83000183105469,45.849998474121094,26.992464065551758,87600
2013-04-19,45.939998626708984,45.9900016784668,45.810001373291016,45.81999969482422,26.974803924560547,103600
2013-04-22,45.88999938964844,45.88999938964844,45.7400016784668,45.75,26.933584213256836,90900
2013-04-23,45.77000045776367,45.849998474121094,45.77000045776367,45.810001373291016,26.968915939331055,63800
2013-04-24,45.83000183105469,45.84000015258789,45.779998779296875,45.84000015258789,26.986572265625,39400
2013-04-25,45.88999938964844,45.88999938964844,45.81999969482422,45.84000015258789,26.986572265625,90100
2013-04-26,45.81999969482422,45.90999984741211,45.81999969482422,45.90999984741211,27.027795791625977,32000
2013-04-29,45.95000076293945,46.04999923706055,45.939998626708984,46.04999923706055,27.11020851135254,51600
2013-04-30,46.08000183105469,46.119998931884766,46.040000915527344,46.099998474121094,27.139650344848633,53500
2013-05-01,46.099998474121094,46.13999938964844,46.029998779296875,46.09000015258789,27.133764266967773,31900
2013-05-02,46.119998931884766,46.25,46.119998931884766,46.2400016784668,27.222055435180664,43500
2013-05-03,46.349998474121094,46.349998474121094,46.18000030517578,46.279998779296875,27.24561882019043,30600
2013-05-06,46.290000915527344,46.29999923706055,46.18000030517578,46.290000915527344,27.251497268676758,103400
2013-05-07,46.31999969482422,46.54999923706055,46.2599983215332,46.54999923706055,27.404558181762695,614400
2013-05-08,46.599998474121094,46.599998474121094,46.4900016784668,46.58000183105469,27.422222137451172,98100
2013-05-09,46.619998931884766,46.630001068115234,46.52000045776367,46.54999923706055,27.404558181762695,91400
2013-05-10,46.59000015258789,46.59000015258789,46.41999816894531,46.52000045776367,27.38690185546875,84500
2013-05-13,46.5,46.560001373291016,46.40999984741211,46.43000030517578,27.33391761779785,68400
2013-05-14,46.459999084472656,46.459999084472656,46.2599983215332,46.27000045776367,27.23972511291504,70100
2013-05-15,46.34000015258789,46.349998474121094,46.099998474121094,46.119998931884766,27.151409149169922,111200
2013-05-16,46.150001525878906,46.189998626708984,46.099998474121094,46.18000030517578,27.186744689941406,41500
2013-05-17,46.16999816894531,46.2599983215332,46.13999938964844,46.25,27.227947235107422,74400
2013-05-20,46.209999084472656,46.279998779296875,46.20000076293945,46.27000045776367,27.23972511291504,63500
2013-05-21,46.29999923706055,46.34000015258789,46.220001220703125,46.33000183105469,27.27505111694336,104500
2013-05-22,46.369998931884766,46.369998931884766,46.25,46.2599983215332,27.23383903503418,51800
2013-05-23,46.2400016784668,46.2400016784668,46.0099983215332,46.13999938964844,27.163188934326172,120600
2013-05-24,46.15999984741211,46.279998779296875,46.06999969482422,46.209999084472656,27.204408645629883,59200
2013-05-28,46.380001068115234,46.400001525878906,46.189998626708984,46.189998626708984,27.192623138427734,50200
2013-05-29,46.20000076293945,46.209999084472656,45.7599983215332,45.869998931884766,27.00423240661621,68900
2013-05-30,45.869998931884766,45.9900016784668,45.810001373291016,45.97999954223633,27.068994522094727,52900
2013-05-31,45.9900016784668,46.0,45.459999084472656,45.47999954223633,26.774642944335938,98300
2013-06-03,45.40999984741211,45.45000076293945,44.790000915527344,44.95000076293945,26.462627410888672,201200
2013-06-04,44.810001373291016,45.09000015258789,44.79999923706055,44.93000030517578,26.45084571838379,1004200
2013-06-05,44.810001373291016,44.91999816894531,44.599998474121094,44.630001068115234,26.27423667907715,72800
2013-06-06,44.529998779296875,44.83000183105469,44.52000045776367,44.79999923706055,26.374305725097656,77600
2013-06-07,44.79999923706055,45.029998779296875,44.79999923706055,44.880001068115234,26.421417236328125,29500
2013-06-10,44.959999084472656,44.959999084472656,44.65999984741211,44.7599983215332,26.350765228271484,103300
2013-06-11,44.56999969482422,44.56999969482422,43.97999954223633,44.029998779296875,25.92100715637207,177700
2013-06-12,43.849998474121094,45.060001373291016,43.150001525878906,43.34000015258789,25.514795303344727,548900
2013-06-13,43.18000030517578,44.02000045776367,42.5099983215332,44.0,25.903350830078125,285400
2013-06-14,44.09000015258789,44.56999969482422,44.04999923706055,44.560001373291016,26.23301887512207,57500
2013-06-17,44.709999084472656,44.95000076293945,44.529998779296875,44.70000076293945,26.315454483032227,89300
2013-06-18,44.630001068115234,44.75,44.5099983215332,44.709999084472656,26.32133674621582,50100
2013-06-19,44.7400016784668,44.79999923706055,44.369998931884766,44.38999938964844,26.13294219970703,45300
2013-06-20,43.9900016784668,43.9900016784668,43.52000045776367,43.63999938964844,25.6914119720459,113600
2013-06-21,43.04999923706055,43.20000076293945,42.72999954223633,42.959999084472656,25.703975677490234,117500
2013-06-24,42.75,42.95000076293945,41.810001373291016,42.310001373291016,25.315061569213867,170300
2013-06-25,42.61000061035156,42.650001525878906,42.099998474121094,42.4900016784668,25.422771453857422,81300
2013-06-26,42.439998626708984,43.27000045776367,42.439998626708984,43.02000045776367,25.739871978759766,105500
2013-06-27,43.29999923706055,43.54999923706055,43.119998931884766,43.38999938964844,25.961254119873047,64600
2013-06-28,43.310001373291016,43.540000915527344,43.20000076293945,43.470001220703125,26.009111404418945,137800
2013-07-01,43.90999984741211,44.0,43.459999084472656,43.56999969482422,26.068954467773438,123200
2013-07-02,43.95000076293945,43.95000076293945,43.310001373291016,43.5099983215332,26.033048629760742,33400
2013-07-03,43.41999816894531,43.4900016784668,43.29999923706055,43.33000183105469,25.925357818603516,7200
2013-07-05,43.209999084472656,43.209999084472656,42.81999969482422,42.86000061035156,25.64414405822754,25700
2013-07-08,42.86000061035156,42.91999816894531,42.5,42.66999816894531,25.530466079711914,115300
2013-07-09,42.619998931884766,43.099998474121094,42.619998931884766,42.84000015258789,25.632183074951172,25400
2013-07-10,42.65999984741211,43.029998779296875,42.65999984741211,42.91999816894531,25.6800479888916,262700
2013-07-11,43.0,43.22999954223633,43.0,43.16999816894531,25.82961654663086,40100
2013-07-12,43.04999923706055,43.349998474121094,43.04999923706055,43.119998931884766,25.799701690673828,35900
2013-07-15,43.27000045776367,43.279998779296875,43.09000015258789,43.22999954223633,25.86552619934082,28200
2013-07-16,43.25,43.27000045776367,43.130001068115234,43.150001525878906,25.817659378051758,45900
2013-07-17,43.22999954223633,43.380001068115234,42.650001525878906,43.220001220703125,25.85954475402832,33300
2013-07-18,43.15999984741211,43.31999969482422,43.15999984741211,43.209999084472656,25.85356330871582,41200
2013-07-19,43.20000076293945,43.41999816894531,43.15999984741211,43.36000061035156,25.943313598632812,27200
2013-07-22,43.310001373291016,43.36000061035156,43.25,43.290000915527344,25.901412963867188,31600
2013-07-23,43.20000076293945,43.41999816894531,43.11000061035156,43.36000061035156,25.943313598632812,105400
2013-07-24,43.4900016784668,43.4900016784668,43.04999923706055,43.08000183105469,25.775772094726562,35600
2013-07-25,43.04999923706055,43.04999923706055,42.810001373291016,42.939998626708984,25.692005157470703,21600
2013-07-26,42.7599983215332,43.06999969482422,42.7599983215332,43.0,25.72791290283203,19800
2013-07-29,42.90999984741211,43.13999938964844,42.75,42.7599983215332,25.584306716918945,29400
2013-07-30,42.70000076293945,42.810001373291016,42.689998626708984,42.689998626708984,25.542423248291016,18100
2013-07-31,42.619998931884766,42.83000183105469,42.5,42.79999923706055,25.60824203491211,57400
2013-08-01,42.81999969482422,42.88999938964844,42.5,42.5,25.428754806518555,39100
2013-08-02,42.5,42.709999084472656,42.5,42.650001525878906,25.51850700378418,46500
2013-08-05,42.5099983215332,42.849998474121094,42.41999816894531,42.470001220703125,25.41079330444336,27700
2013-08-06,42.400001525878906,42.41999816894531,42.25,42.290000915527344,25.30309295654297,28600
2013-08-07,42.279998779296875,42.36000061035156,42.189998626708984,42.27000045776367,25.29113006591797,29400
2013-08-08,42.310001373291016,42.310001373291016,42.150001525878906,42.15999984741211,25.22531509399414,41900
2013-08-09,42.349998474121094,42.349998474121094,42.13999938964844,42.16999816894531,25.231304168701172,427100
2013-08-12,42.22999954223633,42.349998474121094,42.22999954223633,42.25,25.279163360595703,23200
2013-08-13,41.84000015258789,42.290000915527344,41.5099983215332,41.97999954223633,25.11762046813965,113400
2013-08-14,41.86000061035156,42.0,41.540000915527344,41.540000915527344,24.85436248779297,907500
2013-08-15,41.25,41.2599983215332,40.79999923706055,41.04999923706055,24.56117820739746,931700
2013-08-16,40.970001220703125,41.22999954223633,40.790000915527344,40.810001373291016,24.417591094970703,67200
2013-08-19,40.70000076293945,40.83000183105469,40.310001373291016,40.310001373291016,24.118419647216797,71400
2013-08-20,40.439998626708984,40.79999923706055,40.0,40.63999938964844,24.315858840942383,258200
2013-08-21,40.650001525878906,40.970001220703125,40.56999969482422,40.689998626708984,24.34578514099121,90500
2013-08-22,40.709999084472656,41.15999984741211,40.65999984741211,41.09000015258789,24.585107803344727,37900
2013-08-23,41.130001068115234,41.630001068115234,41.130001068115234,41.58000183105469,24.878284454345703,44600
2013-08-26,41.709999084472656,41.849998474121094,41.47999954223633,41.47999954223633,24.81845474243164,30000
2013-08-27,40.790000915527344,41.560001373291016,40.790000915527344,41.5099983215332,24.836406707763672,88800
2013-08-28,41.380001068115234,41.63999938964844,41.34000015258789,41.61000061035156,24.8962345123291,44700
2013-08-29,41.599998474121094,41.75,41.58000183105469,41.66999816894531,24.9321346282959,33000
2013-08-30,41.59000015258789,41.84000015258789,41.59000015258789,41.84000015258789,25.033849716186523,15500
2013-09-03,41.810001373291016,41.88999938964844,41.52000045776367,41.58000183105469,24.878284454345703,33000
2013-09-04,41.5,41.7400016784668,41.5,41.58000183105469,24.878284454345703,28000
2013-09-05,41.560001373291016,41.65999984741211,41.29999923706055,41.29999923706055,24.71076202392578,38700
2013-09-06,41.279998779296875,41.470001220703125,41.279998779296875,41.33000183105469,24.72869873046875,43500
2013-09-09,41.33000183105469,41.84000015258789,41.29999923706055,41.34000015258789,24.73469352722168,102900
2013-09-10,41.2599983215332,41.529998779296875,41.2599983215332,41.439998626708984,24.794525146484375,80900
2013-09-11,41.2599983215332,41.54999923706055,41.2599983215332,41.540000915527344,24.85436248779297,267600
2013-09-12,41.400001525878906,41.5,41.25,41.25,24.680845260620117,15600
2013-09-13,41.2599983215332,41.349998474121094,41.18000030517578,41.279998779296875,24.698787689208984,50000
2013-09-16,41.29999923706055,41.540000915527344,41.22999954223633,41.22999954223633,24.668872833251953,27400
2013-09-17,41.18000030517578,41.400001525878906,41.18000030517578,41.25,24.680845260620117,25900
2013-09-18,41.22999954223633,41.83000183105469,41.220001220703125,41.7599983215332,24.985990524291992,49500
2013-09-19,41.849998474121094,41.849998474121094,41.540000915527344,41.540000915527344,24.85436248779297,48200
2013-09-20,40.900001525878906,41.349998474121094,40.75,40.779998779296875,24.79841423034668,106400
2013-09-23,40.7599983215332,40.849998474121094,40.70000076293945,40.70000076293945,24.749757766723633,53000
2013-09-24,39.75,40.88999938964844,39.75,40.7400016784668,24.774089813232422,39900
2013-09-25,40.66999816894531,40.88999938964844,40.66999816894531,40.81999969482422,24.822734832763672,32200
2013-09-26,40.810001373291016,40.9900016784668,40.709999084472656,40.95000076293945,24.901790618896484,69800
2013-09-27,40.97999954223633,41.060001373291016,40.72999954223633,40.79999923706055,24.810577392578125,29300
2013-09-30,40.7400016784668,40.93000030517578,40.65999984741211,40.86000061035156,24.847055435180664,54700
2013-10-01,40.900001525878906,40.95000076293945,40.79999923706055,40.79999923706055,24.810577392578125,27400
2013-10-02,40.7599983215332,40.900001525878906,40.7599983215332,40.81999969482422,24.822734832763672,46400
2013-10-03,40.72999954223633,40.86000061035156,40.70000076293945,40.7400016784668,24.774089813232422,43900
2013-10-04,40.7400016784668,40.86000061035156,40.7400016784668,40.81999969482422,24.822734832763672,14500
2013-10-07,40.77000045776367,40.81999969482422,40.689998626708984,40.70000076293945,24.749757766723633,39800
2013-10-08,40.61000061035156,40.7599983215332,40.5,40.59000015258789,24.682865142822266,18000
2013-10-09,40.54999923706055,40.709999084472656,40.52000045776367,40.61000061035156,24.695039749145508,68800
2013-10-10,40.59000015258789,40.7400016784668,40.58000183105469,40.63999938964844,24.713272094726562,36400
2013-10-11,40.56999969482422,40.790000915527344,40.5,40.68000030517578,24.73760414123535,37900
2013-10-14,40.650001525878906,40.75,40.599998474121094,40.720001220703125,24.761926651000977,13800
2013-10-15,40.540000915527344,40.709999084472656,40.47999954223633,40.47999954223633,24.615982055664062,31800
2013-10-16,40.47999954223633,40.650001525878906,40.45000076293945,40.540000915527344,24.652463912963867,127900
2013-10-17,40.34000015258789,40.880001068115234,40.33000183105469,40.869998931884766,24.853126525878906,69900
2013-10-18,40.900001525878906,41.189998626708984,40.81999969482422,41.130001068115234,25.011240005493164,45200
2013-10-21,41.13999938964844,41.25,41.13999938964844,41.22999954223633,25.072046279907227,29500
2013-10-22,41.130001068115234,41.52000045776367,41.130001068115234,41.470001220703125,25.218000411987305,27600
2013-10-23,41.599998474121094,41.689998626708984,41.47999954223633,41.68000030517578,25.345699310302734,20100
2013-10-24,41.68000030517578,41.81999969482422,41.33000183105469,41.33000183105469,25.132862091064453,51000
2013-10-25,41.369998931884766,41.529998779296875,41.31999969482422,41.36000061035156,25.151123046875,91400
2013-10-28,41.36000061035156,41.54999923706055,41.31999969482422,41.33000183105469,25.132862091064453,16700
2013-10-29,41.31999969482422,41.43000030517578,41.31999969482422,41.43000030517578,25.19367027282715,21200
2013-10-30,41.36000061035156,41.5,41.31999969482422,41.33000183105469,25.132862091064453,27100
2013-10-31,41.2400016784668,41.470001220703125,41.2400016784668,41.470001220703125,25.218000411987305,41500
2013-11-01,41.25,41.45000076293945,41.209999084472656,41.29999923706055,25.114625930786133,15800
2013-11-04,41.20000076293945,41.38999938964844,41.20000076293945,41.2400016784668,25.078142166137695,31300
2013-11-05,41.27000045776367,41.310001373291016,41.040000915527344,41.099998474121094,24.992992401123047,11800
2013-11-06,41.099998474121094,41.27000045776367,41.099998474121094,41.13999938964844,25.0173282623291,13200
2013-11-07,41.150001525878906,41.290000915527344,41.13999938964844,41.20000076293945,25.053813934326172,22000
2013-11-08,41.20000076293945,41.20000076293945,41.0,41.0,24.932188034057617,39100
2013-11-11,40.959999084472656,41.13999938964844,40.790000915527344,40.970001220703125,24.913957595825195,44800
2013-11-12,40.95000076293945,41.04999923706055,40.810001373291016,40.880001068115234,24.859222412109375,24700
2013-11-13,40.86000061035156,41.02000045776367,40.86000061035156,40.90999984741211,24.87746810913086,31700
2013-11-14,40.869998931884766,40.9900016784668,40.869998931884766,40.970001220703125,24.913957595825195,41400
2013-11-15,41.02000045776367,41.08000183105469,40.90999984741211,41.0099983215332,24.93826675415039,50900
2013-11-18,41.0,41.130001068115234,41.0,41.029998779296875,24.9504337310791,15500
2013-11-19,41.060001373291016,41.099998474121094,40.81999969482422,40.97999954223633,24.92003059387207,25000
2013-11-20,40.970001220703125,41.13999938964844,40.900001525878906,40.900001525878906,24.87138557434082,31400
2013-11-21,40.849998474121094,41.119998931884766,40.849998474121094,41.029998779296875,24.9504337310791,111200
2013-11-22,40.97999954223633,41.470001220703125,40.88999938964844,41.40999984741211,25.18151092529297,108900
2013-11-25,41.5,41.5,41.22999954223633,41.2400016784668,25.078142166137695,38200
2013-11-26,41.20000076293945,41.4900016784668,41.20000076293945,41.31999969482422,25.12677764892578,47500
2013-11-27,41.34000015258789,41.459999084472656,41.29999923706055,41.349998474121094,25.14502716064453,33200
2013-11-29,41.27000045776367,41.4900016784668,41.27000045776367,41.34000015258789,25.13895034790039,30900
2013-12-02,41.36000061035156,41.459999084472656,41.2400016784668,41.279998779296875,25.102455139160156,37300
2013-12-03,41.34000015258789,41.369998931884766,41.06999969482422,41.189998626708984,25.047733306884766,63400
2013-12-04,41.130001068115234,41.15999984741211,40.9900016784668,40.9900016784668,24.926109313964844,30200
2013-12-05,40.95000076293945,40.9900016784668,40.689998626708984,40.7599983215332,24.786243438720703,104700
2013-12-06,40.79999923706055,40.91999816894531,40.150001525878906,40.849998474121094,24.840974807739258,54400
2013-12-09,40.77000045776367,40.95000076293945,40.61000061035156,40.880001068115234,24.859222412109375,20400
2013-12-10,40.79999923706055,40.880001068115234,40.720001220703125,40.720001220703125,24.761926651000977,60000
2013-12-11,40.709999084472656,40.86000061035156,40.58000183105469,40.58000183105469,24.676782608032227,66900
2013-12-12,40.54999923706055,40.58000183105469,40.310001373291016,40.439998626708984,24.59164810180664,102100
2013-12-13,40.41999816894531,40.689998626708984,40.41999816894531,40.650001525878906,24.719362258911133,71600
2013-12-16,40.599998474121094,40.81999969482422,40.529998779296875,40.70000076293945,24.749757766723633,74900
2013-12-17,40.779998779296875,40.790000915527344,40.5,40.72999954223633,24.768001556396484,34000
2013-12-18,40.880001068115234,40.900001525878906,40.599998474121094,40.66999816894531,24.731521606445312,71800
2013-12-19,40.66999816894531,40.77000045776367,40.56999969482422,40.61000061035156,24.695039749145508,33900
2013-12-20,39.68000030517578,39.7400016784668,39.47999954223633,39.5,24.73259735107422,95400
2013-12-23,39.52000045776367,39.68000030517578,39.38999938964844,39.38999938964844,24.66373062133789,66200
2013-12-24,39.34000015258789,39.52000045776367,39.2599983215332,39.349998474121094,24.638675689697266,36700
2013-12-26,39.29999923706055,39.38999938964844,39.25,39.25,24.57605743408203,28100
2013-12-27,39.220001220703125,39.29999923706055,39.220001220703125,39.27000045776367,24.588590621948242,37600
2013-12-30,39.18000030517578,39.349998474121094,39.119998931884766,39.31999969482422,24.619895935058594,60600
2013-12-31,39.5,39.5,39.25,39.41999816894531,24.682506561279297,52800
2014-01-02,39.45000076293945,39.81999969482422,39.45000076293945,39.7599983215332,24.895389556884766,73100
2014-01-03,39.91999816894531,40.060001373291016,39.880001068115234,40.0099983215332,25.051931381225586,37500
2014-01-06,40.040000915527344,40.369998931884766,40.0,40.33000183105469,25.252307891845703,45800
2014-01-07,40.5,40.560001373291016,40.29999923706055,40.349998474121094,25.264816284179688,14200
2014-01-08,40.529998779296875,40.529998779296875,40.2599983215332,40.290000915527344,25.227237701416016,30100
2014-01-09,40.34000015258789,40.5,40.279998779296875,40.470001220703125,25.3399658203125,43300
2014-01-10,40.88999938964844,40.88999938964844,40.5,40.689998626708984,25.477712631225586,51600
2014-01-13,39.41999816894531,40.880001068115234,39.41999816894531,40.779998779296875,25.5340633392334,58900
2014-01-14,40.849998474121094,40.86000061035156,40.689998626708984,40.7400016784668,25.50901985168457,21600
2014-01-15,40.75,40.83000183105469,40.72999954223633,40.72999954223633,25.502756118774414,25700
2014-01-16,40.709999084472656,40.93000030517578,40.709999084472656,40.86000061035156,25.584144592285156,131900
2014-01-17,40.83000183105469,41.08000183105469,40.779998779296875,40.970001220703125,25.653034210205078,52000
2014-01-21,40.939998626708984,40.959999084472656,40.849998474121094,40.86000061035156,25.584144592285156,40900
2014-01-22,40.939998626708984,41.130001068115234,40.91999816894531,41.130001068115234,25.753215789794922,54300
2014-01-23,41.08000183105469,41.150001525878906,40.95000076293945,41.0,25.67181396484375,13700
2014-01-24,40.95000076293945,40.959999084472656,40.7599983215332,40.83000183105469,25.565370559692383,21000
2014-01-27,40.81999969482422,41.0,40.7599983215332,40.86000061035156,25.584144592285156,18800
2014-01-28,40.7400016784668,40.970001220703125,40.7400016784668,40.93000030517578,25.62798309326172,147100
2014-01-29,40.9900016784668,41.0,40.83000183105469,40.90999984741211,25.615463256835938,26100
2014-01-30,41.04999923706055,41.08000183105469,40.88999938964844,40.970001220703125,25.653034210205078,19400
2014-01-31,41.0099983215332,41.060001373291016,40.90999984741211,40.90999984741211,25.615463256835938,44100
2014-02-03,41.0,41.08000183105469,40.810001373291016,40.91999816894531,25.62171745300293,21900
2014-02-04,41.5,41.5,40.86000061035156,40.95000076293945,25.6405086517334,29100
2014-02-05,40.900001525878906,41.0,40.900001525878906,40.95000076293945,25.6405086517334,38900
2014-02-06,41.02000045776367,41.06999969482422,40.939998626708984,40.939998626708984,25.634254455566406,18500
2014-02-07,40.970001220703125,41.099998474121094,40.970001220703125,41.09000015258789,25.728160858154297,20000
2014-02-10,40.970001220703125,41.18000030517578,40.970001220703125,41.09000015258789,25.728160858154297,17700
2014-02-11,41.06999969482422,41.31999969482422,41.06999969482422,41.31999969482422,25.87218475341797,56100
2014-02-12,41.43000030517578,41.439998626708984,41.279998779296875,41.36000061035156,25.897233963012695,20000
2014-02-13,41.38999938964844,41.47999954223633,41.25,41.439998626708984,25.94731330871582,29900
2014-02-14,41.5,41.61000061035156,41.380001068115234,41.59000015258789,26.041240692138672,15800
2014-02-18,43.31999969482422,43.31999969482422,41.599998474121094,41.70000076293945,26.11009979248047,19000
2014-02-19,41.709999084472656,41.880001068115234,41.65999984741211,41.709999084472656,26.11636734008789,18800
2014-02-20,41.849998474121094,41.869998931884766,41.70000076293945,41.77000045776367,26.15394401550293,25300
2014-02-21,41.91999816894531,41.91999816894531,41.77000045776367,41.810001373291016,26.178985595703125,16900
2014-02-24,41.84000015258789,41.90999984741211,41.77000045776367,41.790000915527344,26.166467666625977,20200
2014-02-25,41.790000915527344,41.849998474121094,41.68000030517578,41.75,26.141414642333984,97500
2014-02-26,41.84000015258789,41.939998626708984,41.79999923706055,41.90999984741211,26.241607666015625,12500
2014-02-27,42.02000045776367,42.02000045776367,41.93000030517578,41.9900016784668,26.29168128967285,25300
2014-02-28,41.849998474121094,42.060001373291016,41.849998474121094,42.02000045776367,26.310476303100586,26100
2014-03-03,42.09000015258789,42.09000015258789,41.900001525878906,42.060001373291016,26.335512161254883,40600
2014-03-04,42.31999969482422,42.31999969482422,42.0,42.060001373291016,26.335512161254883,21700
2014-03-05,42.0,42.08000183105469,41.939998626708984,42.06999969482422,26.341785430908203,135100
2014-03-06,42.2400016784668,42.2400016784668,42.06999969482422,42.11000061035156,26.366836547851562,50300
2014-03-07,42.189998626708984,42.189998626708984,42.029998779296875,42.15999984741211,26.39813804626465,25800
2014-03-10,42.20000076293945,42.20000076293945,42.0099983215332,42.09000015258789,26.354310989379883,15000
2014-03-11,42.16999816894531,42.16999816894531,42.0099983215332,42.099998474121094,26.360567092895508,30100
2014-03-12,42.130001068115234,42.2400016784668,42.060001373291016,42.209999084472656,26.429441452026367,36400
2014-03-13,42.290000915527344,42.31999969482422,42.25,42.290000915527344,26.479537963867188,35200
2014-03-14,42.290000915527344,42.41999816894531,42.220001220703125,42.40999984741211,26.554676055908203,21700
2014-03-17,42.400001525878906,42.54999923706055,42.400001525878906,42.5099983215332,26.61728286743164,42200
2014-03-18,42.599998474121094,42.65999984741211,42.5,42.650001525878906,26.7049560546875,69700
2014-03-19,42.709999084472656,42.720001220703125,42.5099983215332,42.599998474121094,26.67363739013672,115600
2014-03-20,42.68000030517578,42.810001373291016,42.529998779296875,42.63999938964844,26.698694229125977,94200
2014-03-21,42.22999954223633,42.34000015258789,42.06999969482422,42.150001525878906,26.710735321044922,68400
2014-03-24,42.16999816894531,42.25,42.060001373291016,42.18000030517578,26.729736328125,77500
2014-03-25,42.9900016784668,42.9900016784668,42.15999984741211,42.220001220703125,26.755084991455078,31400
2014-03-26,42.29999923706055,42.33000183105469,42.2400016784668,42.25,26.77408790588379,34700
2014-03-27,42.36000061035156,42.400001525878906,42.2599983215332,42.2599983215332,26.780439376831055,28600
2014-03-28,42.290000915527344,42.38999938964844,42.27000045776367,42.31999969482422,26.818456649780273,15500
2014-03-31,42.38999938964844,42.47999954223633,42.33000183105469,42.41999816894531,26.881826400756836,23500
2014-04-01,42.439998626708984,42.58000183105469,42.380001068115234,42.56999969482422,26.976877212524414,26900
2014-04-02,42.630001068115234,42.630001068115234,42.5,42.5,26.932531356811523,170200
2014-04-03,42.459999084472656,42.560001373291016,42.41999816894531,42.41999816894531,26.881826400756836,19100
2014-04-04,42.41999816894531,42.540000915527344,42.41999816894531,42.5,26.932531356811523,12600
2014-04-07,42.5,42.5099983215332,42.38999938964844,42.4900016784668,26.926193237304688,13300
2014-04-08,42.59000015258789,42.61000061035156,42.40999984741211,42.4900016784668,26.926193237304688,20500
2014-04-09,42.47999954223633,42.540000915527344,42.45000076293945,42.459999084472656,26.907169342041016,37700
2014-04-10,42.45000076293945,42.599998474121094,42.45000076293945,42.5099983215332,26.93885612487793,19500
2014-04-11,42.619998931884766,42.619998931884766,42.4900016784668,42.59000015258789,26.989551544189453,16400
2014-04-14,42.650001525878906,42.650001525878906,42.58000183105469,42.630001068115234,27.01490020751953,16300
2014-04-15,42.650001525878906,42.72999954223633,42.599998474121094,42.72999954223633,27.078269958496094,12900
2014-04-16,42.77000045776367,42.779998779296875,42.619998931884766,42.619998931884766,27.008569717407227,476000
2014-04-17,42.59000015258789,42.75,42.59000015258789,42.63999938964844,27.021249771118164,17600
2014-04-21,42.65999984741211,42.70000076293945,42.54999923706055,42.58000183105469,26.983224868774414,25000
2014-04-22,42.540000915527344,42.689998626708984,42.529998779296875,42.66999816894531,27.040252685546875,12600
2014-04-23,42.720001220703125,42.849998474121094,42.70000076293945,42.779998779296875,27.109954833984375,22000
2014-04-24,42.70000076293945,42.75,42.650001525878906,42.7400016784668,27.084611892700195,16900
2014-04-25,42.72999954223633,42.869998931884766,42.720001220703125,42.869998931884766,27.166994094848633,24200
2014-04-28,42.91999816894531,43.0099983215332,42.880001068115234,42.9900016784668,27.24304962158203,51200
2014-04-29,43.0099983215332,43.16999816894531,43.0099983215332,43.16999816894531,27.357107162475586,33200
2014-04-30,43.04999923706055,43.2400016784668,42.91999816894531,43.2400016784668,27.40146827697754,20200
2014-05-01,43.29999923706055,43.349998474121094,43.209999084472656,43.349998474121094,27.471176147460938,22800
2014-05-02,43.349998474121094,43.349998474121094,43.2400016784668,43.310001373291016,27.445823669433594,12300
2014-05-05,43.220001220703125,43.38999938964844,43.18000030517578,43.34000015258789,27.46483612060547,41300
2014-05-06,43.380001068115234,43.380001068115234,43.29999923706055,43.33000183105469,27.4585018157959,19600
2014-05-07,43.38999938964844,43.41999816894531,43.310001373291016,43.400001525878906,27.502853393554688,25400
2014-05-08,43.29999923706055,43.43000030517578,43.29999923706055,43.400001525878906,27.502853393554688,40200
2014-05-09,43.45000076293945,43.45000076293945,43.33000183105469,43.38999938964844,27.49651527404785,27600
2014-05-12,43.38999938964844,43.459999084472656,43.33000183105469,43.34000015258789,27.46483612060547,31100
2014-05-13,43.33000183105469,43.45000076293945,43.310001373291016,43.43000030517578,27.521869659423828,14300
2014-05-14,43.47999954223633,43.47999954223633,43.369998931884766,43.470001220703125,27.54722023010254,27200
2014-05-15,43.47999954223633,43.5,43.41999816894531,43.4900016784668,27.559898376464844,27700
2014-05-16,43.47999954223633,43.540000915527344,43.40999984741211,43.529998779296875,27.58524513244629,26900
2014-05-19,43.540000915527344,43.599998474121094,43.5,43.599998474121094,27.62959098815918,16300
2014-05-20,43.619998931884766,43.619998931884766,43.54999923706055,43.619998931884766,27.64227294921875,20000
2014-05-21,43.66999816894531,43.66999816894531,43.54999923706055,43.630001068115234,27.648609161376953,21100
2014-05-22,43.56999969482422,43.75,43.529998779296875,43.560001373291016,27.60426139831543,25300
2014-05-23,43.5099983215332,43.5099983215332,43.380001068115234,43.5,27.566221237182617,25300
2014-05-27,43.5,43.56999969482422,43.43000030517578,43.56999969482422,27.610591888427734,15000
2014-05-28,43.61000061035156,43.65999984741211,43.54999923706055,43.63999938964844,27.654949188232422,15100
2014-05-29,43.7400016784668,43.810001373291016,43.63999938964844,43.810001373291016,27.762685775756836,25500
2014-05-30,43.70000076293945,43.86000061035156,43.68000030517578,43.86000061035156,27.794355392456055,31000
2014-06-02,43.880001068115234,43.939998626708984,43.810001373291016,43.84000015258789,27.781694412231445,23000
2014-06-03,43.900001525878906,43.900001525878906,43.560001373291016,43.59000015258789,27.62326431274414,66400
2014-06-04,43.70000076293945,43.70000076293945,42.95000076293945,43.34000015258789,27.46483612060547,69300
2014-06-05,43.2400016784668,43.45000076293945,43.150001525878906,43.45000076293945,27.534543991088867,26900
2014-06-06,43.54999923706055,43.54999923706055,43.439998626708984,43.529998779296875,27.58524513244629,31400
2014-06-09,43.47999954223633,43.560001373291016,43.31999969482422,43.560001373291016,27.60426139831543,27000
2014-06-10,43.4900016784668,43.59000015258789,43.34000015258789,43.38999938964844,27.49651527404785,23900
2014-06-11,43.279998779296875,43.38999938964844,43.279998779296875,43.36000061035156,27.477516174316406,44000
2014-06-12,43.2599983215332,43.650001525878906,43.2599983215332,43.529998779296875,27.58524513244629,11100
2014-06-13,43.5099983215332,43.54999923706055,43.45000076293945,43.52000045776367,27.578899383544922,25300
2014-06-16,43.4900016784668,43.59000015258789,43.4900016784668,43.56999969482422,27.610591888427734,43900
2014-06-17,43.849998474121094,43.849998474121094,43.5,43.689998626708984,27.686635971069336,36800
2014-06-18,43.7599983215332,43.810001373291016,43.66999816894531,43.810001373291016,27.762685775756836,20200
2014-06-19,43.75,43.869998931884766,43.720001220703125,43.84000015258789,27.781694412231445,30300
2014-06-20,43.279998779296875,43.38999938964844,43.20000076293945,43.33000183105469,27.767595291137695,25900
2014-06-23,43.380001068115234,43.400001525878906,43.2599983215332,43.34000015258789,27.774002075195312,24400
2014-06-24,43.31999969482422,43.45000076293945,43.29999923706055,43.40999984741211,27.818845748901367,30000
2014-06-25,43.45000076293945,43.5,43.38999938964844,43.470001220703125,27.85731315612793,16000
2014-06-26,43.400001525878906,43.58000183105469,43.400001525878906,43.56999969482422,27.921398162841797,35400
2014-06-27,43.540000915527344,43.630001068115234,43.47999954223633,43.619998931884766,27.95343780517578,16000
2014-06-30,43.63999938964844,43.7599983215332,43.58000183105469,43.650001525878906,27.972646713256836,15300
2014-07-01,43.70000076293945,44.0,43.599998474121094,43.720001220703125,28.017515182495117,95800
2014-07-02,43.7599983215332,43.7599983215332,43.619998931884766,43.630001068115234,27.959836959838867,18800
2014-07-03,43.630001068115234,43.630001068115234,43.40999984741211,43.5099983215332,27.8829402923584,24000
2014-07-07,43.5099983215332,43.58000183105469,43.41999816894531,43.52000045776367,27.88935089111328,37900
2014-07-08,43.4900016784668,43.59000015258789,43.47999954223633,43.529998779296875,27.895763397216797,14200
2014-07-09,43.59000015258789,43.66999816894531,43.54999923706055,43.599998474121094,27.940610885620117,22200
2014-07-10,43.59000015258789,43.650001525878906,43.5,43.560001373291016,27.914989471435547,31200
2014-07-11,43.689998626708984,43.959999084472656,43.4900016784668,43.849998474121094,28.100831985473633,23400
2014-07-14,43.88999938964844,43.97999954223633,43.689998626708984,43.790000915527344,28.0623779296875,17200
2014-07-15,43.880001068115234,43.93000030517578,43.77000045776367,43.77000045776367,28.04957389831543,7200
2014-07-16,43.810001373291016,43.83000183105469,43.599998474121094,43.81999969482422,28.08160400390625,91300
2014-07-17,43.720001220703125,43.83000183105469,43.529998779296875,43.529998779296875,27.895763397216797,26600
2014-07-18,43.59000015258789,43.95000076293945,43.5,43.66999816894531,27.9854736328125,20400
2014-07-21,43.61000061035156,43.77000045776367,43.599998474121094,43.75,28.036741256713867,34200
2014-07-22,43.66999816894531,43.7400016784668,43.619998931884766,43.68000030517578,27.99188232421875,25300
2014-07-23,43.77000045776367,43.790000915527344,43.70000076293945,43.779998779296875,28.055973052978516,8300
2014-07-24,43.709999084472656,43.810001373291016,43.689998626708984,43.709999084472656,28.011104583740234,11300
2014-07-25,43.81999969482422,43.86000061035156,43.7400016784668,43.83000183105469,28.088014602661133,15100
2014-07-28,43.79999923706055,43.869998931884766,43.77000045776367,43.86000061035156,28.10723114013672,14900
2014-07-29,43.88999938964844,43.900001525878906,43.72999954223633,43.84000015258789,28.09442710876465,30900
2014-07-30,43.83000183105469,43.869998931884766,43.709999084472656,43.77000045776367,28.04957389831543,42300
2014-07-31,43.68000030517578,43.68000030517578,43.369998931884766,43.369998931884766,27.79322624206543,28700
2014-08-01,43.369998931884766,43.45000076293945,43.099998474121094,43.22999954223633,27.70351219177246,55000
2014-08-04,43.29999923706055,43.33000183105469,43.119998931884766,43.130001068115234,27.639421463012695,33600
2014-08-05,43.119998931884766,43.16999816894531,42.939998626708984,43.06999969482422,27.600967407226562,71800
2014-08-06,43.099998474121094,43.22999954223633,43.099998474121094,43.209999084472656,27.690683364868164,15700
2014-08-07,43.27000045776367,43.5,43.27000045776367,43.470001220703125,27.85731315612793,14300
2014-08-08,43.540000915527344,43.54999923706055,43.439998626708984,43.47999954223633,27.86370849609375,57100
2014-08-11,43.619998931884766,43.630001068115234,43.470001220703125,43.5,27.87653160095215,25300
2014-08-12,43.560001373291016,43.63999938964844,43.52000045776367,43.630001068115234,27.959836959838867,10900
2014-08-13,43.65999984741211,43.75,43.650001525878906,43.72999954223633,28.0239315032959,66100
2014-08-14,43.790000915527344,43.95000076293945,43.790000915527344,43.939998626708984,28.158506393432617,22400
2014-08-15,43.970001220703125,43.9900016784668,43.77000045776367,43.9900016784668,28.190542221069336,29000
2014-08-18,43.97999954223633,44.06999969482422,43.970001220703125,44.0099983215332,28.203359603881836,10600
2014-08-19,44.099998474121094,44.099998474121094,43.970001220703125,44.0099983215332,28.203359603881836,15700
2014-08-20,43.88999938964844,44.060001373291016,43.849998474121094,44.0099983215332,28.203359603881836,11900
2014-08-21,44.06999969482422,44.09000015258789,43.97999954223633,44.029998779296875,28.216176986694336,13200
2014-08-22,44.06999969482422,44.06999969482422,44.0,44.04999923706055,28.228994369506836,11900
2014-08-25,44.09000015258789,44.130001068115234,44.040000915527344,44.119998931884766,28.273855209350586,11900
2014-08-26,44.150001525878906,44.18000030517578,44.09000015258789,44.150001525878906,28.29308319091797,16800
2014-08-27,44.20000076293945,44.2599983215332,44.150001525878906,44.22999954223633,28.344341278076172,24000
2014-08-28,44.15999984741211,44.310001373291016,44.15999984741211,44.2599983215332,28.363571166992188,20200
2014-08-29,44.29999923706055,44.349998474121094,44.20000076293945,44.349998474121094,28.42124366760254,25700
2014-09-02,44.380001068115234,44.380001068115234,44.0,44.130001068115234,28.280263900756836,22200
2014-09-03,44.11000061035156,44.209999084472656,44.0,44.08000183105469,28.248231887817383,19100
2014-09-04,44.040000915527344,44.06999969482422,43.70000076293945,43.70000076293945,28.00469970703125,20100
2014-09-05,43.68000030517578,43.84000015258789,43.630001068115234,43.72999954223633,28.0239315032959,9300
2014-09-08,43.79999923706055,43.86000061035156,43.619998931884766,43.630001068115234,27.959836959838867,14300
2014-09-09,43.709999084472656,43.7400016784668,43.56999969482422,43.56999969482422,27.921398162841797,52100
2014-09-10,43.56999969482422,43.66999816894531,43.54999923706055,43.66999816894531,27.9854736328125,14100
2014-09-11,43.59000015258789,43.7400016784668,43.58000183105469,43.619998931884766,27.95343780517578,13400
2014-09-12,43.63999938964844,43.65999984741211,43.369998931884766,43.470001220703125,27.85731315612793,29700
2014-09-15,43.54999923706055,43.58000183105469,43.5,43.560001373291016,27.914989471435547,18500
2014-09-16,43.5099983215332,43.66999816894531,43.5,43.599998474121094,27.940610885620117,59800
2014-09-17,43.65999984741211,43.779998779296875,43.54999923706055,43.720001220703125,28.017515182495117,29000
2014-09-18,43.619998931884766,43.84000015258789,43.619998931884766,43.790000915527344,28.0623779296875,17600
2014-09-19,43.56999969482422,43.56999969482422,43.209999084472656,43.34000015258789,28.06756019592285,7700
2014-09-22,43.849998474121094,43.849998474121094,43.18000030517578,43.18000030517578,27.96392822265625,23800
2014-09-23,43.279998779296875,43.31999969482422,43.13999938964844,43.18000030517578,27.96392822265625,47800
2014-09-24,43.16999816894531,43.31999969482422,43.13999938964844,43.150001525878906,27.944520950317383,29200
2014-09-25,43.20000076293945,43.2400016784668,43.06999969482422,43.2400016784668,28.00279998779297,18500
2014-09-26,43.33000183105469,43.33000183105469,43.130001068115234,43.29999923706055,28.041664123535156,9000
2014-09-29,43.22999954223633,43.40999984741211,43.22999954223633,43.400001525878906,28.106414794921875,55300
2014-09-30,43.45000076293945,43.529998779296875,43.20000076293945,43.5099983215332,28.177650451660156,39300
2014-10-01,43.5099983215332,43.59000015258789,43.349998474121094,43.369998931884766,28.086990356445312,35600
2014-10-02,43.369998931884766,43.599998474121094,43.33000183105469,43.45000076293945,28.138795852661133,25000
2014-10-03,43.52000045776367,43.52000045776367,43.380001068115234,43.400001525878906,28.106414794921875,16900
2014-10-06,43.470001220703125,43.54999923706055,43.41999816894531,43.5,28.171171188354492,11900
2014-10-07,43.34000015258789,43.540000915527344,43.34000015258789,43.41999816894531,28.119375228881836,19400
2014-10-08,43.400001525878906,43.599998474121094,43.2400016784668,43.599998474121094,28.235933303833008,16900
2014-10-09,43.540000915527344,43.72999954223633,43.5,43.59000015258789,28.229463577270508,20800
2014-10-10,43.5,43.540000915527344,43.400001525878906,43.5099983215332,28.177650451660156,25500
2014-10-13,43.47999954223633,43.58000183105469,43.45000076293945,43.4900016784668,28.164701461791992,17100
2014-10-14,43.4900016784668,43.689998626708984,43.400001525878906,43.560001373291016,28.210039138793945,42000
2014-10-15,43.5099983215332,43.650001525878906,43.380001068115234,43.56999969482422,28.216516494750977,26700
2014-10-16,43.41999816894531,43.7400016784668,43.41999816894531,43.72999954223633,28.320131301879883,22600
2014-10-17,43.880001068115234,43.880001068115234,43.709999084472656,43.75,28.33307456970215,17100
2014-10-20,43.65999984741211,43.849998474121094,43.65999984741211,43.77000045776367,28.346046447753906,12900
2014-10-21,43.93000030517578,43.93000030517578,43.77000045776367,43.88999938964844,28.423738479614258,17400
2014-10-22,43.91999816894531,44.43000030517578,43.83000183105469,43.900001525878906,28.43021583557129,15700
2014-10-23,43.93000030517578,44.25,43.849998474121094,43.86000061035156,28.404312133789062,48200
2014-10-24,43.939998626708984,44.0,43.81999969482422,43.93000030517578,28.44966697692871,26900
2014-10-27,43.93000030517578,44.040000915527344,43.86000061035156,43.970001220703125,28.475553512573242,35400
2014-10-28,44.029998779296875,44.09000015258789,43.97999954223633,44.02000045776367,28.507925033569336,15500
2014-10-29,44.02000045776367,44.06999969482422,43.970001220703125,44.04999923706055,28.527360916137695,40500
2014-10-30,44.08000183105469,44.150001525878906,43.95000076293945,44.04999923706055,28.527360916137695,24300
2014-10-31,44.04999923706055,44.33000183105469,44.040000915527344,44.18000030517578,28.61154556274414,32700
2014-11-03,44.22999954223633,44.25,44.0,44.150001525878906,28.592126846313477,28600
2014-11-04,44.0,44.29999923706055,43.75,44.2599983215332,28.66335678100586,149700
2014-11-05,44.34000015258789,44.5,44.09000015258789,44.09000015258789,28.553274154663086,58600
2014-11-06,44.02000045776367,44.25,44.02000045776367,44.20000076293945,28.624496459960938,23100
2014-11-07,44.25,44.36000061035156,44.20000076293945,44.279998779296875,28.676321029663086,32400
2014-11-10,44.369998931884766,44.369998931884766,44.279998779296875,44.290000915527344,28.682796478271484,32500
2014-11-11,44.29999923706055,44.41999816894531,44.29999923706055,44.41999816894531,28.766983032226562,10800
2014-11-12,44.38999938964844,44.43000030517578,44.31999969482422,44.400001525878906,28.7540283203125,15900
2014-11-13,44.43000030517578,44.470001220703125,44.349998474121094,44.45000076293945,28.786415100097656,15200
2014-11-14,44.5,44.56999969482422,44.400001525878906,44.47999954223633,28.80583953857422,23200
2014-11-17,44.59000015258789,44.63999938964844,44.5,44.529998779296875,28.838214874267578,50900
2014-11-18,44.58000183105469,44.65999984741211,44.5099983215332,44.5099983215332,28.82526397705078,17500
2014-11-19,44.529998779296875,44.560001373291016,44.47999954223633,44.4900016784668,28.812305450439453,25800
2014-11-20,44.4900016784668,44.619998931884766,44.4900016784668,44.540000915527344,28.844703674316406,16500
2014-11-21,44.66999816894531,44.7599983215332,44.529998779296875,44.56999969482422,28.864126205444336,30800
2014-11-24,44.630001068115234,44.7400016784668,44.5099983215332,44.54999923706055,28.851173400878906,30500
2014-11-25,44.59000015258789,44.75,44.54999923706055,44.63999938964844,28.909452438354492,13200
2014-11-26,44.63999938964844,44.79999923706055,44.63999938964844,44.79999923706055,29.013076782226562,19400
2014-11-28,44.79999923706055,44.849998474121094,44.79999923706055,44.79999923706055,29.013076782226562,12400
2014-12-01,44.88999938964844,44.959999084472656,44.630001068115234,44.63999938964844,28.909452438354492,31400
2014-12-02,44.63999938964844,44.95000076293945,44.58000183105469,44.59000015258789,28.877065658569336,27800
2014-12-03,44.66999816894531,44.709999084472656,44.40999984741211,44.41999816894531,28.766983032226562,41400
2014-12-04,44.459999084472656,44.56999969482422,44.150001525878906,44.16999816894531,28.60506820678711,34600
2014-12-05,44.08000183105469,44.29999923706055,44.0099983215332,44.11000061035156,28.566221237182617,34900
2014-12-08,44.20000076293945,44.33000183105469,44.15999984741211,44.310001373291016,28.695741653442383,71100
2014-12-09,44.18000030517578,44.36000061035156,44.150001525878906,44.29999923706055,28.689266204833984,25700
2014-12-10,44.209999084472656,44.2400016784668,44.150001525878906,44.220001220703125,28.637460708618164,16400
2014-12-11,44.220001220703125,44.34000015258789,44.13999938964844,44.25,28.656888961791992,12700
2014-12-12,44.25,44.34000015258789,44.16999816894531,44.18000030517578,28.61154556274414,13800
2014-12-15,44.31999969482422,44.31999969482422,44.0099983215332,44.0099983215332,28.501455307006836,26400
2014-12-16,43.939998626708984,44.06999969482422,43.54999923706055,43.86000061035156,28.404312133789062,24100
2014-12-17,43.97999954223633,44.2400016784668,43.88999938964844,44.09000015258789,28.553274154663086,19500
2014-12-18,44.2400016784668,44.290000915527344,43.88999938964844,44.15999984741211,28.59860610961914,26200
2014-12-19,43.189998626708984,43.40999984741211,43.189998626708984,43.349998474121094,28.73781967163086,91800
2014-12-22,43.4900016784668,43.4900016784668,43.29999923706055,43.45000076293945,28.80411148071289,18000
2014-12-23,43.5,43.5,43.36000061035156,43.38999938964844,28.764326095581055,17100
2014-12-24,43.5099983215332,43.56999969482422,43.2599983215332,43.27000045776367,28.684783935546875,32300
2014-12-26,43.33000183105469,43.47999954223633,43.2599983215332,43.27000045776367,28.684783935546875,30300
2014-12-29,43.22999954223633,43.63999938964844,43.22999954223633,43.63999938964844,28.930051803588867,30900
2014-12-30,43.68000030517578,43.880001068115234,43.5,43.720001220703125,28.98309326171875,46000
2014-12-31,43.790000915527344,43.81999969482422,43.630001068115234,43.779998779296875,29.022872924804688,23900
2015-01-02,43.58000183105469,43.939998626708984,43.58000183105469,43.939998626708984,29.12894058227539,24300
2015-01-05,43.939998626708984,43.97999954223633,43.72999954223633,43.900001525878906,29.102413177490234,46400
2015-01-06,43.9900016784668,43.9900016784668,43.86000061035156,43.95000076293945,29.13557243347168,42100
2015-01-07,43.90999984741211,44.06999969482422,43.869998931884766,44.0,29.168720245361328,23800
2015-01-08,44.04999923706055,44.09000015258789,44.0,44.08000183105469,29.221757888793945,15700
2015-01-09,44.13999938964844,44.13999938964844,43.91999816894531,44.029998779296875,29.188594818115234,17600
2015-01-12,44.119998931884766,44.13999938964844,43.939998626708984,44.13999938964844,29.261531829833984,45200
2015-01-13,44.099998474121094,44.16999816894531,44.0,44.119998931884766,29.24826431274414,13800
2015-01-14,44.20000076293945,44.20000076293945,44.0099983215332,44.13999938964844,29.261531829833984,47800
2015-01-15,44.189998626708984,44.189998626708984,43.93000030517578,44.09000015258789,29.228382110595703,75100
2015-01-16,44.02000045776367,44.189998626708984,43.95000076293945,44.189998626708984,29.2946720123291,11600
2015-01-20,44.18000030517578,44.31999969482422,44.040000915527344,44.31999969482422,29.380859375,243900
2015-01-21,44.18000030517578,44.290000915527344,44.13999938964844,44.209999084472656,29.30791664123535,23700
2015-01-22,44.150001525878906,44.400001525878906,44.11000061035156,44.400001525878906,29.43389129638672,28800
2015-01-23,44.34000015258789,44.470001220703125,44.27000045776367,44.380001068115234,29.420629501342773,25500
2015-01-26,44.349998474121094,44.54999923706055,44.349998474121094,44.540000915527344,29.526691436767578,20200
2015-01-27,44.40999984741211,44.68000030517578,44.40999984741211,44.630001068115234,29.586362838745117,25100
2015-01-28,44.689998626708984,44.72999954223633,44.560001373291016,44.72999954223633,29.65264320373535,31100
2015-01-29,44.709999084472656,44.75,44.70000076293945,44.7400016784668,29.659282684326172,23900
2015-01-30,44.75,44.81999969482422,44.560001373291016,44.81999969482422,29.712312698364258,48100
2015-02-02,44.81999969482422,44.84000015258789,44.61000061035156,44.7400016784668,29.659282684326172,40900
2015-02-03,44.59000015258789,44.79999923706055,44.59000015258789,44.720001220703125,29.646034240722656,45200
2015-02-04,44.689998626708984,44.75,44.630001068115234,44.72999954223633,29.65264320373535,18600
2015-02-05,44.79999923706055,44.79999923706055,44.59000015258789,44.709999084472656,29.63939094543457,32700
2015-02-06,44.599998474121094,44.849998474121094,44.4900016784668,44.540000915527344,29.526691436767578,34700
2015-02-09,44.540000915527344,44.619998931884766,44.5,44.619998931884766,29.579730987548828,20800
2015-02-10,44.599998474121094,44.61000061035156,44.4900016784668,44.54999923706055,29.533323287963867,16900
2015-02-11,44.560001373291016,44.689998626708984,44.5099983215332,44.650001525878906,29.5996150970459,18100
2015-02-12,44.720001220703125,44.779998779296875,44.65999984741211,44.77000045776367,29.67915916442871,20100
2015-02-13,44.68000030517578,44.81999969482422,44.66999816894531,44.77000045776367,29.67915916442871,19700
2015-02-17,44.81999969482422,45.0,44.599998474121094,44.66999816894531,29.612876892089844,45300
2015-02-18,44.7400016784668,44.7400016784668,44.2599983215332,44.43000030517578,29.453777313232422,62300
2015-02-19,44.310001373291016,44.4900016784668,44.29999923706055,44.41999816894531,29.447145462036133,47500
2015-02-20,44.369998931884766,44.91999816894531,44.349998474121094,44.529998779296875,29.520061492919922,37200
2015-02-23,44.459999084472656,44.720001220703125,44.400001525878906,44.619998931884766,29.579730987548828,25800
2015-02-24,44.70000076293945,44.81999969482422,44.689998626708984,44.810001373291016,29.705686569213867,50100
2015-02-25,44.86000061035156,44.91999816894531,44.79999923706055,44.880001068115234,29.75208854675293,35400
2015-02-26,44.7599983215332,44.93000030517578,44.7599983215332,44.810001373291016,29.705686569213867,46600
2015-02-27,44.88999938964844,45.04999923706055,44.81999969482422,44.900001525878906,29.765352249145508,18600
2015-03-02,45.0,45.06999969482422,44.79999923706055,44.959999084472656,29.805118560791016,26200
2015-03-03,44.959999084472656,45.06999969482422,44.959999084472656,45.040000915527344,29.858163833618164,10100
2015-03-04,45.09000015258789,45.119998931884766,44.93000030517578,45.099998474121094,29.897937774658203,35700
2015-03-05,45.040000915527344,45.13999938964844,45.040000915527344,45.09000015258789,29.89130210876465,17600
2015-03-06,45.04999923706055,45.08000183105469,44.599998474121094,44.619998931884766,29.579730987548828,56500
2015-03-09,44.599998474121094,44.65999984741211,44.41999816894531,44.599998474121094,29.56647300720215,20000
2015-03-10,44.45000076293945,44.75,44.45000076293945,44.70000076293945,29.632774353027344,21200
2015-03-11,44.779998779296875,44.88999938964844,44.619998931884766,44.779998779296875,29.685802459716797,19700
2015-03-12,44.83000183105469,45.15999984741211,44.7400016784668,44.779998779296875,29.685802459716797,31600
2015-03-13,44.849998474121094,44.849998474121094,44.709999084472656,44.77000045776367,29.67915916442871,28500
2015-03-16,44.869998931884766,45.099998474121094,44.75,44.810001373291016,29.705686569213867,30100
2015-03-17,44.900001525878906,44.900001525878906,44.66999816894531,44.77000045776367,29.67915916442871,50000
2015-03-18,44.650001525878906,44.95000076293945,44.650001525878906,44.939998626708984,29.7918758392334,24100
2015-03-19,45.029998779296875,45.029998779296875,44.79999923706055,44.93000030517578,29.785240173339844,20400
2015-03-20,44.650001525878906,44.790000915527344,44.54999923706055,44.77000045776367,29.928287506103516,34400
2015-03-23,44.61000061035156,44.81999969482422,44.61000061035156,44.77000045776367,29.928287506103516,24600
2015-03-24,44.689998626708984,44.83000183105469,44.66999816894531,44.79999923706055,29.948339462280273,46100
2015-03-25,44.869998931884766,44.88999938964844,44.75,44.779998779296875,29.93498420715332,24700
2015-03-26,44.75,44.79999923706055,44.650001525878906,44.790000915527344,29.94167709350586,45300
2015-03-27,44.849998474121094,44.869998931884766,44.720001220703125,44.84000015258789,29.975099563598633,17900
2015-03-30,44.90999984741211,44.93000030517578,44.81999969482422,44.93000030517578,30.03525733947754,17700
2015-03-31,44.81999969482422,44.97999954223633,44.790000915527344,44.97999954223633,30.068674087524414,22100
2015-04-01,44.9900016784668,44.9900016784668,44.779998779296875,44.86000061035156,29.98846435546875,39300
2015-04-02,44.75,44.880001068115234,44.75,44.869998931884766,29.995140075683594,133600
2015-04-06,44.900001525878906,44.900001525878906,44.810001373291016,44.81999969482422,29.961715698242188,13900
2015-04-07,44.810001373291016,44.869998931884766,44.77000045776367,44.869998931884766,29.995140075683594,23500
2015-04-08,44.880001068115234,44.93000030517578,44.86000061035156,44.93000030517578,30.03525733947754,20200
2015-04-09,44.97999954223633,45.02000045776367,44.849998474121094,44.95000076293945,30.048627853393555,38900
2015-04-10,44.91999816894531,45.0,44.88999938964844,45.0,30.08203887939453,196900
2015-04-13,44.9900016784668,44.9900016784668,44.849998474121094,44.95000076293945,30.048627853393555,25600
2015-04-14,44.81999969482422,44.9900016784668,44.81999969482422,44.95000076293945,30.048627853393555,28300
2015-04-15,44.95000076293945,45.150001525878906,44.93000030517578,45.150001525878906,30.182315826416016,35700
2015-04-16,45.02000045776367,45.18000030517578,44.93000030517578,44.93000030517578,30.03525733947754,114700
2015-04-17,44.849998474121094,45.08000183105469,44.849998474121094,44.93000030517578,30.03525733947754,32900
2015-04-20,45.060001373291016,45.060001373291016,44.7400016784668,44.84000015258789,29.975099563598633,29600
2015-04-21,44.93000030517578,44.93000030517578,44.7400016784668,44.86000061035156,29.98846435546875,49900
2015-04-22,44.93000030517578,44.939998626708984,44.880001068115234,44.93000030517578,30.03525733947754,18200
2015-04-23,44.88999938964844,45.0,44.77000045776367,44.970001220703125,30.061992645263672,40100
2015-04-24,44.939998626708984,45.0,44.86000061035156,44.93000030517578,30.03525733947754,18900
2015-04-27,44.88999938964844,44.959999084472656,44.880001068115234,44.91999816894531,30.028564453125,25800
2015-04-28,44.88999938964844,44.95000076293945,44.849998474121094,44.86000061035156,29.98846435546875,22000
2015-04-29,44.84000015258789,44.95000076293945,44.7400016784668,44.900001525878906,30.01519775390625,27400
2015-04-30,44.70000076293945,44.7599983215332,44.599998474121094,44.709999084472656,29.8881778717041,23900
2015-05-01,44.630001068115234,44.79999923706055,44.560001373291016,44.56999969482422,29.794607162475586,16200
2015-05-04,44.540000915527344,44.7400016784668,44.529998779296875,44.61000061035156,29.821340560913086,73900
2015-05-05,44.560001373291016,44.7400016784668,44.380001068115234,44.470001220703125,29.72774314880371,56400
2015-05-06,44.400001525878906,44.599998474121094,43.72999954223633,43.9900016784668,29.40687370300293,41900
2015-05-07,43.72999954223633,44.15999984741211,43.709999084472656,43.95000076293945,29.38013458251953,74500
2015-05-08,44.04999923706055,44.5099983215332,44.0099983215332,44.29999923706055,29.614107131958008,35100
2015-05-11,44.400001525878906,44.470001220703125,43.90999984741211,44.040000915527344,29.440296173095703,22000
2015-05-12,43.880001068115234,44.2400016784668,43.689998626708984,44.11000061035156,29.487089157104492,50600
2015-05-13,44.20000076293945,44.41999816894531,44.150001525878906,44.41999816894531,29.694324493408203,44500
2015-05-14,44.5,44.65999984741211,44.349998474121094,44.630001068115234,29.8347110748291,41100
2015-05-15,44.58000183105469,44.720001220703125,44.5,44.529998779296875,29.767852783203125,34300
2015-05-18,44.470001220703125,44.56999969482422,44.36000061035156,44.52000045776367,29.76117706298828,126600
2015-05-19,44.59000015258789,44.599998474121094,44.43000030517578,44.5099983215332,29.754480361938477,14300
2015-05-20,44.47999954223633,44.630001068115234,44.459999084472656,44.5099983215332,29.754480361938477,13400
2015-05-21,44.650001525878906,44.779998779296875,44.560001373291016,44.630001068115234,29.8347110748291,26100
2015-05-22,44.720001220703125,44.779998779296875,44.58000183105469,44.70000076293945,29.881511688232422,12100
2015-05-26,44.65999984741211,44.70000076293945,44.650001525878906,44.70000076293945,29.881511688232422,14900
2015-05-27,44.72999954223633,44.77000045776367,44.68000030517578,44.7599983215332,29.921598434448242,51700
2015-05-28,44.810001373291016,44.810001373291016,44.65999984741211,44.72999954223633,29.90154266357422,11900
2015-05-29,44.68000030517578,44.7400016784668,44.54999923706055,44.54999923706055,29.781221389770508,55200
2015-06-01,44.400001525878906,44.61000061035156,44.400001525878906,44.4900016784668,29.741107940673828,12300
2015-06-02,44.43000030517578,44.529998779296875,44.33000183105469,44.459999084472656,29.7210693359375,26600
2015-06-03,44.45000076293945,44.5,44.369998931884766,44.45000076293945,29.714380264282227,15800
2015-06-04,44.29999923706055,44.5,44.29999923706055,44.41999816894531,29.694324493408203,17600
2015-06-05,44.2599983215332,44.5099983215332,44.2599983215332,44.400001525878906,29.680953979492188,19900
2015-06-08,44.54999923706055,44.54999923706055,44.2599983215332,44.310001373291016,29.620786666870117,61800
2015-06-09,44.22999954223633,44.27000045776367,44.060001373291016,44.20000076293945,29.547256469726562,66800
2015-06-10,44.02000045776367,44.29999923706055,44.0,44.08000183105469,29.467042922973633,63000
2015-06-11,44.290000915527344,44.310001373291016,44.02000045776367,44.16999816894531,29.52719497680664,27800
2015-06-12,44.099998474121094,44.36000061035156,44.09000015258789,44.15999984741211,29.5205135345459,64700
2015-06-15,44.060001373291016,44.41999816894531,44.04999923706055,44.400001525878906,29.680953979492188,48500
2015-06-16,44.470001220703125,44.470001220703125,44.209999084472656,44.36000061035156,29.654218673706055,38200
2015-06-17,44.36000061035156,44.36000061035156,44.18000030517578,44.25,29.580684661865234,61500
2015-06-18,44.349998474121094,44.41999816894531,44.060001373291016,44.060001373291016,29.453672409057617,83000
2015-06-19,43.59000015258789,43.63999938964844,43.43000030517578,43.56999969482422,29.530254364013672,56500
2015-06-22,43.540000915527344,43.650001525878906,43.40999984741211,43.43000030517578,29.43537139892578,63300
2015-06-23,43.400001525878906,43.54999923706055,43.38999938964844,43.41999816894531,29.428592681884766,96100
2015-06-24,43.400001525878906,43.70000076293945,43.400001525878906,43.66999816894531,29.598033905029297,32100
2015-06-25,43.619998931884766,43.650001525878906,43.400001525878906,43.63999938964844,29.57768440246582,21200
2015-06-26,43.630001068115234,43.630001068115234,43.400001525878906,43.619998931884766,29.564149856567383,55300
2015-06-29,43.15999984741211,43.70000076293945,43.150001525878906,43.33000183105469,29.367595672607422,101900
2015-06-30,43.439998626708984,44.04999923706055,43.189998626708984,43.38999938964844,29.408245086669922,60300
2015-07-01,43.43000030517578,43.59000015258789,43.290000915527344,43.52000045776367,29.496366500854492,104700
2015-07-02,43.66999816894531,43.72999954223633,43.43000030517578,43.619998931884766,29.564149856567383,87200
2015-07-06,43.45000076293945,43.70000076293945,43.31999969482422,43.5,29.482807159423828,90200
2015-07-07,43.540000915527344,43.650001525878906,43.33000183105469,43.61000061035156,29.557369232177734,89400
2015-07-08,43.560001373291016,43.79999923706055,43.31999969482422,43.43000030517578,29.43537139892578,139700
2015-07-09,43.65999984741211,43.72999954223633,43.5099983215332,43.619998931884766,29.564149856567383,101900
2015-07-10,43.689998626708984,43.7400016784668,43.529998779296875,43.56999969482422,29.530254364013672,109000
2015-07-13,43.720001220703125,43.83000183105469,43.59000015258789,43.720001220703125,29.631908416748047,112600
2015-07-14,43.619998931884766,43.86000061035156,43.619998931884766,43.7599983215332,29.659011840820312,87900
2015-07-15,43.790000915527344,43.95000076293945,43.790000915527344,43.880001068115234,29.7403507232666,48300
2015-07-16,43.97999954223633,44.18000030517578,43.900001525878906,44.11000061035156,29.896240234375,57100
2015-07-17,44.20000076293945,44.25,44.040000915527344,44.25,29.99113655090332,114700
2015-07-20,44.16999816894531,44.33000183105469,44.13999938964844,44.16999816894531,29.936906814575195,135100
2015-07-21,44.34000015258789,44.349998474121094,44.06999969482422,44.220001220703125,29.97080421447754,214200
2015-07-22,44.15999984741211,44.25,43.970001220703125,44.099998474121094,29.88947868347168,53400
2015-07-23,44.040000915527344,44.150001525878906,43.97999954223633,44.130001068115234,29.909801483154297,197400
2015-07-24,43.93000030517578,44.16999816894531,43.93000030517578,44.16999816894531,29.936906814575195,68900
2015-07-27,44.09000015258789,44.15999984741211,44.0099983215332,44.11000061035156,29.896240234375,74000
2015-07-28,44.08000183105469,44.220001220703125,44.0099983215332,44.150001525878906,29.923364639282227,97300
2015-07-29,44.099998474121094,44.20000076293945,44.040000915527344,44.16999816894531,29.936906814575195,114500
2015-07-30,44.189998626708984,44.220001220703125,44.060001373291016,44.189998626708984,29.950475692749023,135000
2015-07-31,44.20000076293945,44.33000183105469,44.099998474121094,44.16999816894531,29.936906814575195,76600
2015-08-03,44.18000030517578,44.33000183105469,44.16999816894531,44.279998779296875,30.011465072631836,53600
2015-08-04,44.34000015258789,44.380001068115234,44.119998931884766,44.2400016784668,29.984346389770508,106100
2015-08-05,44.22999954223633,44.310001373291016,44.189998626708984,44.279998779296875,30.011465072631836,121900
2015-08-06,44.349998474121094,44.349998474121094,44.16999816894531,44.349998474121094,30.058914184570312,92500
2015-08-07,44.349998474121094,44.38999938964844,44.029998779296875,44.290000915527344,30.018251419067383,128400
2015-08-10,44.380001068115234,44.47999954223633,44.25,44.40999984741211,30.099578857421875,114000
2015-08-11,44.27000045776367,44.45000076293945,44.27000045776367,44.439998626708984,30.119903564453125,91800
2015-08-12,44.4900016784668,44.4900016784668,44.29999923706055,44.470001220703125,30.14024543762207,35800
2015-08-13,44.5099983215332,44.5099983215332,44.29999923706055,44.34000015258789,30.052154541015625,39100
2015-08-14,44.41999816894531,44.459999084472656,44.290000915527344,44.400001525878906,30.092792510986328,10000
2015-08-17,44.459999084472656,44.459999084472656,44.34000015258789,44.439998626708984,30.119903564453125,38000
2015-08-18,44.349998474121094,44.61000061035156,44.31999969482422,44.33000183105469,30.045352935791016,21300
2015-08-19,44.279998779296875,44.369998931884766,44.279998779296875,44.34000015258789,30.052154541015625,73400
2015-08-20,44.34000015258789,44.58000183105469,44.22999954223633,44.380001068115234,30.079246520996094,74700
2015-08-21,44.22999954223633,44.529998779296875,44.220001220703125,44.22999954223633,29.97758674621582,20300
2015-08-24,43.689998626708984,43.900001525878906,31.260000228881836,43.2400016784668,29.30658721923828,265500
2015-08-25,43.709999084472656,44.099998474121094,43.2599983215332,43.58000183105469,29.537025451660156,227300
2015-08-26,43.81999969482422,43.880001068115234,43.54999923706055,43.77000045776367,29.665821075439453,118300
2015-08-27,43.9900016784668,44.27000045776367,43.849998474121094,44.20000076293945,29.957242965698242,101200
2015-08-28,43.9900016784668,44.34000015258789,43.970001220703125,44.150001525878906,29.923364639282227,140600
2015-08-31,44.2400016784668,44.43000030517578,43.9900016784668,44.220001220703125,29.97080421447754,142600
2015-09-01,43.900001525878906,44.29999923706055,43.900001525878906,44.18000030517578,29.943681716918945,160600
2015-09-02,44.13999938964844,44.38999938964844,44.04999923706055,44.209999084472656,29.96401596069336,188600
2015-09-03,44.349998474121094,44.349998474121094,44.04999923706055,44.31999969482422,30.0385799407959,100100
2015-09-04,44.279998779296875,44.279998779296875,44.16999816894531,44.189998626708984,29.950475692749023,6500
2015-09-08,44.349998474121094,44.349998474121094,44.11000061035156,44.279998779296875,30.011465072631836,129700
2015-09-09,44.349998474121094,44.349998474121094,44.15999984741211,44.25,29.99113655090332,74400
2015-09-10,44.16999816894531,44.29999923706055,44.13999938964844,44.15999984741211,29.930133819580078,144300
2015-09-11,44.279998779296875,44.29999923706055,44.06999969482422,44.15999984741211,29.930133819580078,176000
2015-09-14,44.119998931884766,44.279998779296875,44.119998931884766,44.2400016784668,29.984346389770508,160800
2015-09-15,44.130001068115234,44.34000015258789,44.0,44.119998931884766,29.903018951416016,197400
2015-09-16,44.13999938964844,44.34000015258789,44.0099983215332,44.119998931884766,29.903018951416016,216300
2015-09-17,44.130001068115234,44.279998779296875,44.029998779296875,44.22999954223633,29.97758674621582,96600
2015-09-18,43.47999954223633,43.7400016784668,43.40999984741211,43.66999816894531,29.995439529418945,226100
2015-09-21,43.84000015258789,43.84000015258789,43.650001525878906,43.810001373291016,30.091609954833984,101000
2015-09-22,43.75,43.81999969482422,43.599998474121094,43.81999969482422,30.098464965820312,180900
2015-09-23,43.880001068115234,43.90999984741211,43.68000030517578,43.83000183105469,30.10533905029297,127400
2015-09-24,43.66999816894531,43.90999984741211,43.66999816894531,43.88999938964844,30.146549224853516,178500
2015-09-25,43.66999816894531,43.97999954223633,43.66999816894531,43.97999954223633,30.20836639404297,25400
2015-09-28,44.09000015258789,44.22999954223633,43.7400016784668,43.880001068115234,30.13966941833496,236000
2015-09-29,43.90999984741211,44.29999923706055,43.66999816894531,43.720001220703125,30.02977180480957,110700
2015-09-30,43.86000061035156,43.91999816894531,43.75,43.79999923706055,30.08473777770996,155300
2015-10-01,43.83000183105469,43.83000183105469,43.59000015258789,43.66999816894531,29.995439529418945,167200
2015-10-02,43.56999969482422,43.689998626708984,43.47999954223633,43.68000030517578,30.002307891845703,122900
2015-10-05,43.68000030517578,43.95000076293945,43.58000183105469,43.95000076293945,30.18776512145996,161800
2015-10-06,44.0,44.0,43.709999084472656,43.970001220703125,30.201501846313477,33600
2015-10-07,44.15999984741211,44.15999984741211,43.90999984741211,44.0,30.222108840942383,79400
2015-10-08,43.939998626708984,44.06999969482422,43.849998474121094,44.06999969482422,30.270183563232422,32600
2015-10-09,44.16999816894531,44.16999816894531,44.04999923706055,44.11000061035156,30.297653198242188,47100
2015-10-12,44.189998626708984,44.189998626708984,44.060001373291016,44.06999969482422,30.270183563232422,19400
2015-10-13,44.13999938964844,44.20000076293945,44.08000183105469,44.130001068115234,30.3113956451416,24100
2015-10-14,44.18000030517578,44.2400016784668,44.150001525878906,44.209999084472656,30.366336822509766,15300
2015-10-15,44.2599983215332,44.380001068115234,44.11000061035156,44.369998931884766,30.476234436035156,135900
2015-10-16,44.45000076293945,44.45000076293945,44.220001220703125,44.310001373291016,30.435035705566406,22900
2015-10-19,44.470001220703125,44.4900016784668,44.31999969482422,44.43000030517578,30.5174560546875,55700
2015-10-20,44.38999938964844,44.4900016784668,44.290000915527344,44.4900016784668,30.558666229248047,148200
2015-10-21,44.459999084472656,44.68000030517578,44.45000076293945,44.56999969482422,30.613628387451172,187400
2015-10-22,44.63999938964844,44.72999954223633,44.470001220703125,44.599998474121094,30.63421630859375,188300
2015-10-23,44.810001373291016,44.810001373291016,44.58000183105469,44.63999938964844,30.66169548034668,207400
2015-10-26,44.689998626708984,44.689998626708984,44.5,44.650001525878906,30.66857147216797,130100
2015-10-27,44.63999938964844,44.70000076293945,44.52000045776367,44.65999984741211,30.675439834594727,142400
2015-10-28,44.619998931884766,44.77000045776367,44.619998931884766,44.70000076293945,30.702922821044922,128200
2015-10-29,44.65999984741211,44.77000045776367,44.58000183105469,44.689998626708984,30.69603729248047,230100
2015-10-30,44.75,44.77000045776367,44.58000183105469,44.75,30.73725700378418,164300
2015-11-02,44.75,44.91999816894531,44.650001525878906,44.790000915527344,30.76473617553711,196600
2015-11-03,44.88999938964844,44.959999084472656,44.7599983215332,44.86000061035156,30.81281280517578,195200
2015-11-04,44.97999954223633,45.0,44.77000045776367,44.93000030517578,30.86089324951172,182500
2015-11-05,44.88999938964844,45.0099983215332,44.86000061035156,44.9900016784668,30.9021053314209,179300
2015-11-06,44.970001220703125,44.970001220703125,44.529998779296875,44.709999084472656,30.709775924682617,148300
2015-11-09,44.720001220703125,44.720001220703125,44.43000030517578,44.63999938964844,30.66169548034668,203400
2015-11-10,44.70000076293945,44.88999938964844,44.439998626708984,44.84000015258789,30.7990779876709,184600
2015-11-11,44.869998931884766,45.029998779296875,44.70000076293945,44.93000030517578,30.86089324951172,181500
2015-11-12,44.81999969482422,44.959999084472656,44.75,44.880001068115234,30.826539993286133,267600
2015-11-13,44.7400016784668,44.93000030517578,44.7400016784668,44.849998474121094,30.805953979492188,269300
2015-11-16,44.75,44.93000030517578,44.720001220703125,44.810001373291016,30.778472900390625,102200
2015-11-17,44.81999969482422,44.81999969482422,44.70000076293945,44.77000045776367,30.750988006591797,186800
2015-11-18,44.83000183105469,44.86000061035156,44.70000076293945,44.79999923706055,30.771596908569336,272700
2015-11-19,44.84000015258789,44.86000061035156,44.72999954223633,44.81999969482422,30.785329818725586,190900
2015-11-20,44.83000183105469,44.90999984741211,44.7599983215332,44.869998931884766,30.819679260253906,169400
2015-11-23,44.81999969482422,44.95000076293945,44.790000915527344,44.86000061035156,30.81281280517578,190800
2015-11-24,44.93000030517578,45.0,44.7400016784668,45.0,30.908964157104492,132200
2015-11-25,45.130001068115234,45.130001068115234,44.970001220703125,45.119998931884766,30.991376876831055,85600
2015-11-27,45.22999954223633,45.25,45.060001373291016,45.220001220703125,31.06007194519043,106700
2015-11-30,45.25,45.25,45.09000015258789,45.099998474121094,30.97765350341797,79000
2015-12-01,45.130001068115234,45.22999954223633,45.11000061035156,45.220001220703125,31.06007194519043,81100
2015-12-02,45.25,45.25,45.060001373291016,45.08000183105469,30.96392059326172,478800
2015-12-03,45.130001068115234,45.189998626708984,44.90999984741211,45.06999969482422,30.957056045532227,145000
2015-12-04,45.16999816894531,45.45000076293945,45.0099983215332,45.060001373291016,30.95018196105957,85600
2015-12-07,45.130001068115234,45.5,44.91999816894531,44.95000076293945,30.874622344970703,102900
2015-12-08,45.0,45.04999923706055,44.779998779296875,44.93000030517578,30.86089324951172,26100
2015-12-09,45.04999923706055,45.060001373291016,44.90999984741211,44.970001220703125,30.888370513916016,31000
2015-12-10,44.880001068115234,44.97999954223633,44.880001068115234,44.91999816894531,30.854019165039062,38400
2015-12-11,44.77000045776367,44.95000076293945,44.7400016784668,44.7400016784668,30.730384826660156,34900
2015-12-14,44.84000015258789,44.84000015258789,43.720001220703125,43.77000045776367,30.064136505126953,145100
2015-12-15,43.79999923706055,44.25,43.79999923706055,44.04999923706055,30.25644302368164,148700
2015-12-16,44.189998626708984,44.599998474121094,44.15999984741211,44.45000076293945,30.531206130981445,68400
2015-12-17,44.599998474121094,44.77000045776367,44.36000061035156,44.7400016784668,30.730384826660156,48800
2015-12-18,44.2599983215332,44.2599983215332,43.75,43.849998474121094,30.68700408935547,49400
2015-12-21,43.849998474121094,44.02000045776367,43.79999923706055,43.95000076293945,30.756980895996094,175100
2015-12-22,44.02000045776367,44.13999938964844,43.939998626708984,44.029998779296875,30.81296157836914,144700
2015-12-23,44.150001525878906,44.29999923706055,44.02000045776367,44.150001525878906,30.896942138671875,86400
2015-12-24,44.20000076293945,44.33000183105469,44.029998779296875,44.15999984741211,30.90393829345703,24900
2015-12-28,44.189998626708984,44.52000045776367,44.099998474121094,44.43000030517578,31.092905044555664,95800
2015-12-29,44.529998779296875,44.7400016784668,44.310001373291016,44.5099983215332,31.148868560791016,91300
2015-12-30,44.4900016784668,44.68000030517578,44.439998626708984,44.65999984741211,31.253841400146484,55100
2015-12-31,44.61000061035156,44.790000915527344,44.61000061035156,44.689998626708984,31.27483367919922,74900
2016-01-04,44.54999923706055,44.84000015258789,44.310001373291016,44.79999923706055,31.35182762145996,100600
2016-01-05,44.939998626708984,45.09000015258789,44.650001525878906,45.0,31.491790771484375,522700
2016-01-06,44.849998474121094,44.93000030517578,44.68000030517578,44.86000061035156,31.39381217956543,50400
2016-01-07,44.720001220703125,44.849998474121094,44.560001373291016,44.56999969482422,31.190866470336914,40600
2016-01-08,44.70000076293945,44.810001373291016,44.5099983215332,44.7599983215332,31.32384490966797,59500
2016-01-11,44.84000015258789,44.959999084472656,44.56999969482422,44.599998474121094,31.21185874938965,127000
2016-01-12,44.779998779296875,44.810001373291016,44.5099983215332,44.619998931884766,31.225852966308594,86900
2016-01-13,44.65999984741211,44.65999984741211,44.41999816894531,44.470001220703125,31.12088966369629,152100
2016-01-14,44.45000076293945,44.560001373291016,44.31999969482422,44.4900016784668,31.134885787963867,107600
2016-01-15,44.31999969482422,44.72999954223633,44.060001373291016,44.33000183105469,31.022907257080078,75300
2016-01-19,44.27000045776367,44.5099983215332,44.2400016784668,44.38999938964844,31.064889907836914,99400
2016-01-20,44.27000045776367,44.38999938964844,43.7599983215332,44.349998474121094,31.036903381347656,427300
2016-01-21,44.290000915527344,44.9900016784668,43.75,44.06999969482422,30.84095573425293,204500
2016-01-22,44.22999954223633,44.47999954223633,43.900001525878906,44.36000061035156,31.043895721435547,849500
2016-01-25,44.4900016784668,44.97999954223633,44.130001068115234,44.150001525878906,30.896942138671875,133200
2016-01-26,44.27000045776367,44.29999923706055,44.13999938964844,44.18000030517578,30.917922973632812,117700
2016-01-27,44.529998779296875,44.529998779296875,44.15999984741211,44.27000045776367,30.980932235717773,80800
2016-01-28,44.29999923706055,44.43000030517578,44.220001220703125,44.310001373291016,31.00891876220703,49400
2016-01-29,44.5,44.650001525878906,44.33000183105469,44.619998931884766,31.225852966308594,42100
2016-02-01,44.86000061035156,44.86000061035156,44.4900016784668,44.65999984741211,31.253841400146484,53600
2016-02-02,44.63999938964844,44.72999954223633,44.529998779296875,44.66999816894531,31.260847091674805,84700
2016-02-03,44.849998474121094,44.849998474121094,44.5,44.63999938964844,31.239852905273438,106500
2016-02-04,44.72999954223633,44.72999954223633,44.52000045776367,44.65999984741211,31.253841400146484,56400
2016-02-05,44.599998474121094,44.68000030517578,44.34000015258789,44.34000015258789,31.0299015045166,242400
2016-02-08,44.29999923706055,44.34000015258789,43.599998474121094,43.779998779296875,30.63800621032715,112100
2016-02-09,43.4900016784668,43.66999816894531,43.20000076293945,43.400001525878906,30.372081756591797,203500
2016-02-10,43.97999954223633,43.97999954223633,43.59000015258789,43.7599983215332,30.624006271362305,363400
2016-02-11,43.54999923706055,43.599998474121094,42.04999923706055,42.709999084472656,29.889204025268555,319300
2016-02-12,42.86000061035156,43.31999969482422,42.86000061035156,43.130001068115234,30.183122634887695,468300
2016-02-16,43.459999084472656,43.779998779296875,43.43000030517578,43.720001220703125,30.596017837524414,91600
2016-02-17,44.13999938964844,44.27000045776367,43.88999938964844,44.119998931884766,30.87594223022461,149700
2016-02-18,44.38999938964844,44.38999938964844,44.029998779296875,44.279998779296875,30.98792839050293,40500
2016-02-19,44.13999938964844,44.5,44.02000045776367,44.47999954223633,31.127883911132812,1011100
2016-02-22,44.720001220703125,44.720001220703125,44.29999923706055,44.400001525878906,31.071897506713867,63000
2016-02-23,43.88999938964844,44.40999984741211,43.88999938964844,44.40999984741211,31.07889175415039,116900
2016-02-24,44.15999984741211,44.439998626708984,44.09000015258789,44.349998474121094,31.036903381347656,92100
2016-02-25,44.52000045776367,44.650001525878906,44.369998931884766,44.650001525878906,31.24685287475586,44500
2016-02-26,44.58000183105469,44.720001220703125,44.58000183105469,44.709999084472656,31.28883934020996,81200
2016-02-29,44.869998931884766,44.869998931884766,44.61000061035156,44.720001220703125,31.29584312438965,62200
2016-03-01,44.709999084472656,44.97999954223633,44.66999816894531,44.939998626708984,31.449790954589844,73100
2016-03-02,45.0,45.0,44.7400016784668,44.77000045776367,31.33083152770996,37900
2016-03-03,44.68000030517578,44.79999923706055,44.66999816894531,44.7400016784668,31.309837341308594,203000
2016-03-04,44.75,44.779998779296875,44.689998626708984,44.779998779296875,31.337820053100586,96900
2016-03-07,44.779998779296875,44.779998779296875,44.630001068115234,44.720001220703125,31.29584312438965,144200
2016-03-08,44.7400016784668,44.779998779296875,44.68000030517578,44.77000045776367,31.33083152770996,100400
2016-03-09,44.880001068115234,44.880001068115234,44.75,44.869998931884766,31.400808334350586,68600
2016-03-10,44.970001220703125,44.970001220703125,44.81999969482422,44.88999938964844,31.41480255126953,63700
2016-03-11,45.0,45.040000915527344,44.93000030517578,45.02000045776367,31.505781173706055,52400
2016-03-14,45.04999923706055,45.04999923706055,44.97999954223633,45.029998779296875,31.512773513793945,67800
2016-03-15,45.04999923706055,45.04999923706055,44.84000015258789,44.90999984741211,31.428800582885742,72900
2016-03-16,44.88999938964844,44.97999954223633,44.83000183105469,44.939998626708984,31.449790954589844,135000
2016-03-17,45.0,45.04999923706055,44.939998626708984,45.02000045776367,31.505781173706055,138900
2016-03-18,44.779998779296875,44.779998779296875,44.619998931884766,44.709999084472656,31.570049285888672,52700
2016-03-21,44.779998779296875,44.790000915527344,44.709999084472656,44.790000915527344,31.626529693603516,54700
2016-03-22,44.88999938964844,44.88999938964844,44.72999954223633,44.77000045776367,31.612407684326172,53400
2016-03-23,44.849998474121094,44.849998474121094,44.709999084472656,44.79999923706055,31.63359260559082,94600
2016-03-24,44.68000030517578,44.86000061035156,44.68000030517578,44.86000061035156,31.675952911376953,116000
2016-03-28,45.279998779296875,45.38999938964844,44.810001373291016,45.029998779296875,31.795984268188477,117800
2016-03-29,45.08000183105469,45.400001525878906,44.97999954223633,45.060001373291016,31.81718635559082,100900
2016-03-30,45.11000061035156,45.2400016784668,45.060001373291016,45.09000015258789,31.838354110717773,122400
2016-03-31,45.150001525878906,45.18000030517578,45.06999969482422,45.06999969482422,31.824235916137695,39800
2016-04-01,45.0099983215332,45.029998779296875,44.709999084472656,44.75,31.5982723236084,54300
2016-04-04,44.939998626708984,44.939998626708984,44.459999084472656,44.540000915527344,31.450016021728516,62900
2016-04-05,44.459999084472656,44.63999938964844,44.43000030517578,44.63999938964844,31.520614624023438,81100
2016-04-06,44.70000076293945,44.779998779296875,44.650001525878906,44.70000076293945,31.56297492980957,50300
2016-04-07,44.650001525878906,44.790000915527344,44.5,44.619998931884766,31.506484985351562,93800
2016-04-08,44.709999084472656,44.75,44.599998474121094,44.720001220703125,31.577091217041016,47100
2016-04-11,44.77000045776367,45.150001525878906,44.77000045776367,44.869998931884766,31.683015823364258,103400
2016-04-12,44.900001525878906,44.93000030517578,44.75,44.900001525878906,31.704191207885742,52100
2016-04-13,44.90999984741211,45.060001373291016,44.869998931884766,45.040000915527344,31.803056716918945,177600
2016-04-14,45.040000915527344,45.04999923706055,44.970001220703125,45.029998779296875,31.795984268188477,70600
2016-04-15,44.970001220703125,45.09000015258789,44.970001220703125,45.029998779296875,31.795984268188477,61000
2016-04-18,45.06999969482422,45.09000015258789,44.97999954223633,45.0099983215332,31.78188133239746,45000
2016-04-19,45.099998474121094,45.20000076293945,45.0,45.18000030517578,31.901914596557617,75800
2016-04-20,45.20000076293945,45.33000183105469,45.119998931884766,45.20000076293945,31.91603660583496,40000
2016-04-21,45.189998626708984,45.2400016784668,45.06999969482422,45.189998626708984,31.908966064453125,37100
2016-04-22,45.2400016784668,45.279998779296875,45.15999984741211,45.20000076293945,31.91603660583496,77400
2016-04-25,45.189998626708984,45.209999084472656,45.02000045776367,45.099998474121094,31.845417022705078,136200
2016-04-26,45.18000030517578,45.220001220703125,45.099998474121094,45.220001220703125,31.930152893066406,61000
2016-04-27,45.16999816894531,45.369998931884766,45.099998474121094,45.2400016784668,31.94426727294922,34600
2016-04-28,45.290000915527344,45.38999938964844,45.209999084472656,45.36000061035156,32.02901077270508,110700
2016-04-29,45.40999984741211,45.5,45.220001220703125,45.279998779296875,31.972515106201172,97600
2016-05-02,45.31999969482422,45.5,45.220001220703125,45.4900016784668,32.120792388916016,75000
2016-05-03,45.529998779296875,45.54999923706055,45.33000183105469,45.5,32.12785720825195,92700
2016-05-04,45.40999984741211,45.529998779296875,45.31999969482422,45.349998474121094,32.02193832397461,57100
2016-05-05,45.45000076293945,45.529998779296875,45.380001068115234,45.5,32.12785720825195,55500
2016-05-06,45.5,45.61000061035156,45.40999984741211,45.54999923706055,32.16317367553711,41300
2016-05-09,45.599998474121094,45.72999954223633,45.5,45.650001525878906,32.23378372192383,66700
2016-05-10,45.709999084472656,45.720001220703125,45.540000915527344,45.65999984741211,32.24083709716797,63300
2016-05-11,45.70000076293945,45.75,45.599998474121094,45.66999816894531,32.24790954589844,58300
2016-05-12,45.77000045776367,45.77000045776367,45.650001525878906,45.70000076293945,32.26908874511719,43800
2016-05-13,45.70000076293945,45.79999923706055,45.689998626708984,45.75,32.30438995361328,65700
2016-05-16,45.790000915527344,46.0,45.7599983215332,45.79999923706055,32.33969497680664,124000
2016-05-17,45.86000061035156,46.0,45.810001373291016,45.880001068115234,32.39619445800781,109400
2016-05-18,45.93000030517578,46.11000061035156,45.790000915527344,45.790000915527344,32.3326416015625,267700
2016-05-19,45.790000915527344,45.83000183105469,45.54999923706055,45.599998474121094,32.19845962524414,125100
2016-05-20,45.66999816894531,45.900001525878906,45.599998474121094,45.790000915527344,32.3326416015625,80900
2016-05-23,45.86000061035156,45.93000030517578,45.79999923706055,45.849998474121094,32.3749885559082,123100
2016-05-24,45.95000076293945,46.0,45.810001373291016,45.849998474121094,32.3749885559082,107400
2016-05-25,45.90999984741211,45.95000076293945,45.81999969482422,45.939998626708984,32.438533782958984,64200
2016-05-26,45.95000076293945,45.9900016784668,45.79999923706055,45.869998931884766,32.389122009277344,72500
2016-05-27,45.95000076293945,46.119998931884766,45.880001068115234,45.900001525878906,32.41030502319336,100900
2016-05-31,46.0,46.18000030517578,45.83000183105469,46.0,32.480918884277344,91600
2016-06-01,46.02000045776367,46.16999816894531,45.900001525878906,46.029998779296875,32.502098083496094,60500
2016-06-02,46.06999969482422,46.16999816894531,45.970001220703125,46.0,32.480918884277344,106100
2016-06-03,46.09000015258789,46.22999954223633,45.9900016784668,46.189998626708984,32.61507034301758,79600
2016-06-06,46.279998779296875,46.33000183105469,46.130001068115234,46.16999816894531,32.6009521484375,78300
2016-06-07,46.18000030517578,46.349998474121094,46.130001068115234,46.130001068115234,32.57271194458008,126700
2016-06-08,46.18000030517578,46.380001068115234,46.06999969482422,46.119998931884766,32.565643310546875,67600
2016-06-09,46.150001525878906,46.369998931884766,46.029998779296875,46.20000076293945,32.622135162353516,82000
2016-06-10,46.130001068115234,46.209999084472656,45.88999938964844,45.9900016784668,32.47385025024414,70300
2016-06-13,46.11000061035156,46.18000030517578,45.97999954223633,46.0099983215332,32.487979888916016,102900
2016-06-14,46.099998474121094,46.150001525878906,45.88999938964844,46.029998779296875,32.502098083496094,82700
2016-06-15,46.099998474121094,46.27000045776367,46.0,46.06999969482422,32.53035354614258,151900
2016-06-16,46.130001068115234,46.150001525878906,45.959999084472656,46.0099983215332,32.487979888916016,65300
2016-06-17,45.439998626708984,45.560001373291016,45.18000030517578,45.54999923706055,32.61399841308594,121800
2016-06-20,45.65999984741211,45.86000061035156,45.560001373291016,45.7599983215332,32.76435852050781,67400
2016-06-21,45.83000183105469,46.279998779296875,45.58000183105469,45.75,32.7571907043457,148800
2016-06-22,45.810001373291016,45.869998931884766,45.65999984741211,45.75,32.7571907043457,112600
2016-06-23,45.79999923706055,45.83000183105469,45.7400016784668,45.790000915527344,32.785831451416016,56300
2016-06-24,45.43000030517578,45.72999954223633,45.29999923706055,45.72999954223633,32.74287414550781,102900
2016-06-27,45.650001525878906,46.02000045776367,45.34000015258789,45.5,32.57818603515625,126100
2016-06-28,45.75,45.880001068115234,45.58000183105469,45.75,32.7571907043457,156900
2016-06-29,45.88999938964844,46.0,45.77000045776367,45.91999816894531,32.87892150878906,78000
2016-06-30,46.099998474121094,46.11000061035156,45.720001220703125,46.08000183105469,32.99348449707031,132000
2016-07-01,46.099998474121094,46.27000045776367,45.95000076293945,46.0,32.93619918823242,317900
2016-07-05,46.099998474121094,46.150001525878906,45.849998474121094,45.869998931884766,32.843109130859375,99900
2016-07-06,45.95000076293945,46.029998779296875,45.75,45.86000061035156,32.835960388183594,121200
2016-07-07,45.939998626708984,46.06999969482422,45.900001525878906,46.029998779296875,32.957672119140625,99500
2016-07-08,46.04999923706055,46.27000045776367,46.0,46.16999816894531,33.05791091918945,171000
2016-07-11,46.11000061035156,46.27000045776367,46.09000015258789,46.18000030517578,33.06507110595703,91700
2016-07-12,46.20000076293945,46.2599983215332,46.150001525878906,46.15999984741211,33.050758361816406,222800
2016-07-13,46.25,46.2599983215332,46.150001525878906,46.20000076293945,33.07938766479492,112300
2016-07-14,46.310001373291016,47.66999816894531,46.13999938964844,46.209999084472656,33.0865478515625,183800
2016-07-15,46.20000076293945,46.33000183105469,46.13999938964844,46.33000183105469,33.17246627807617,71300
2016-07-18,46.38999938964844,46.38999938964844,46.20000076293945,46.220001220703125,33.093711853027344,141500
2016-07-19,46.290000915527344,46.33000183105469,46.209999084472656,46.290000915527344,33.14384078979492,180500
2016-07-20,46.33000183105469,46.33000183105469,46.150001525878906,46.20000076293945,33.07938766479492,102500
2016-07-21,46.209999084472656,46.29999923706055,46.150001525878906,46.209999084472656,33.0865478515625,121900
2016-07-22,46.15999984741211,47.20000076293945,46.150001525878906,47.20000076293945,33.795406341552734,81700
2016-07-25,46.33000183105469,46.33000183105469,46.119998931884766,46.2400016784668,33.10805130004883,76700
2016-07-26,46.27000045776367,46.630001068115234,46.189998626708984,46.290000915527344,33.14384078979492,78600
2016-07-27,46.34000015258789,46.349998474121094,46.22999954223633,46.33000183105469,33.17246627807617,76200
2016-07-28,46.25,46.34000015258789,46.25,46.2599983215332,33.12234878540039,527800
2016-07-29,46.31999969482422,46.439998626708984,46.2599983215332,46.439998626708984,33.25123596191406,88100
2016-08-01,46.47999954223633,46.5,46.33000183105469,46.40999984741211,33.229774475097656,81800
2016-08-02,46.40999984741211,46.40999984741211,46.2400016784668,46.2599983215332,33.12234878540039,51200
2016-08-03,46.31999969482422,46.369998931884766,46.279998779296875,46.36000061035156,33.1939582824707,53900
2016-08-04,46.400001525878906,46.459999084472656,46.31999969482422,46.439998626708984,33.25123596191406,50000
2016-08-05,46.5,46.5,46.33000183105469,46.5,33.29419708251953,56300
2016-08-08,46.41999816894531,46.65999984741211,46.41999816894531,46.65999984741211,33.40877151489258,103300
2016-08-09,46.72999954223633,46.79999923706055,46.560001373291016,46.56999969482422,33.34431838989258,168000
2016-08-10,46.65999984741211,46.88999938964844,46.529998779296875,46.599998474121094,33.36579895019531,257900
2016-08-11,46.61000061035156,46.70000076293945,46.45000076293945,46.4900016784668,33.287025451660156,148300
2016-08-12,46.540000915527344,46.619998931884766,46.2599983215332,46.36000061035156,33.1939582824707,265000
2016-08-15,46.40999984741211,47.310001373291016,46.18000030517578,46.209999084472656,33.0865478515625,242700
2016-08-16,46.20000076293945,46.43000030517578,46.130001068115234,46.16999816894531,33.05791091918945,83300
2016-08-17,46.20000076293945,46.45000076293945,46.16999816894531,46.2599983215332,33.12234878540039,129000
2016-08-18,46.380001068115234,46.380001068115234,46.279998779296875,46.290000915527344,33.14384078979492,75200
2016-08-19,46.290000915527344,46.400001525878906,46.150001525878906,46.16999816894531,33.05791091918945,759100
2016-08-22,46.2400016784668,46.29999923706055,46.16999816894531,46.29999923706055,33.15100860595703,128800
2016-08-23,46.310001373291016,46.380001068115234,46.279998779296875,46.369998931884766,33.20111846923828,77000
2016-08-24,46.43000030517578,46.540000915527344,46.310001373291016,46.36000061035156,33.1939582824707,69900
2016-08-25,46.41999816894531,46.41999816894531,46.310001373291016,46.369998931884766,33.20111846923828,102500
2016-08-26,46.31999969482422,46.41999816894531,46.279998779296875,46.41999816894531,33.236907958984375,45900
2016-08-29,46.459999084472656,46.4900016784668,46.380001068115234,46.400001525878906,33.22260665893555,59800
2016-08-30,46.36000061035156,46.529998779296875,46.36000061035156,46.5099983215332,33.30137252807617,35300
2016-08-31,46.41999816894531,46.560001373291016,46.41999816894531,46.52000045776367,33.30851745605469,46800
2016-09-01,46.43000030517578,46.5,46.33000183105469,46.4900016784668,33.287025451660156,128800
2016-09-02,46.439998626708984,46.5099983215332,46.400001525878906,46.5099983215332,33.30137252807617,75500
2016-09-06,46.5099983215332,46.59000015258789,46.36000061035156,46.439998626708984,33.25123596191406,125300
2016-09-07,46.470001220703125,46.52000045776367,46.439998626708984,46.470001220703125,33.272727966308594,89800
2016-09-08,46.45000076293945,46.56999969482422,46.43000030517578,46.45000076293945,33.258399963378906,79400
2016-09-09,46.45000076293945,46.45000076293945,45.880001068115234,45.90999984741211,32.87176513671875,134300
2016-09-12,45.900001525878906,46.25,45.83000183105469,45.939998626708984,32.89323043823242,122000
2016-09-13,45.77000045776367,46.0,45.650001525878906,45.709999084472656,32.72854995727539,135600
2016-09-14,45.75,45.959999084472656,44.2599983215332,45.849998474121094,32.82878112792969,78600
2016-09-15,45.849998474121094,46.0,45.75,45.93000030517578,32.886085510253906,65300
2016-09-16,45.400001525878906,45.439998626708984,45.11000061035156,45.22999954223633,32.829463958740234,96300
2016-09-19,45.2400016784668,45.36000061035156,45.209999084472656,45.290000915527344,32.87301254272461,128100
2016-09-20,45.38999938964844,45.400001525878906,45.2599983215332,45.29999923706055,32.88026809692383,93300
2016-09-21,45.38999938964844,45.59000015258789,45.369998931884766,45.58000183105469,33.083518981933594,47700
2016-09-22,45.56999969482422,45.810001373291016,45.540000915527344,45.790000915527344,33.235931396484375,98100
2016-09-23,45.689998626708984,45.790000915527344,45.650001525878906,45.790000915527344,33.235931396484375,52800
2016-09-26,45.7400016784668,45.810001373291016,45.66999816894531,45.77000045776367,33.2214241027832,72000
2016-09-27,45.70000076293945,45.79999923706055,45.619998931884766,45.75,33.206886291503906,59600
2016-09-28,45.68000030517578,45.79999923706055,45.68000030517578,45.79999923706055,33.2431755065918,54400
2016-09-29,45.79999923706055,45.849998474121094,45.380001068115234,45.38999938964844,32.945587158203125,91200
2016-09-30,45.459999084472656,45.599998474121094,45.31999969482422,45.47999954223633,33.01091766357422,88800
2016-10-03,45.47999954223633,45.560001373291016,45.2599983215332,45.560001373291016,33.06897735595703,181300
2016-10-04,45.61000061035156,45.61000061035156,45.38999938964844,45.470001220703125,33.003665924072266,208200
2016-10-05,45.38999938964844,45.529998779296875,45.349998474121094,45.41999816894531,32.967376708984375,58000
2016-10-06,45.29999923706055,45.47999954223633,45.2599983215332,45.400001525878906,32.95283126831055,53400
2016-10-07,45.349998474121094,45.40999984741211,45.290000915527344,45.40999984741211,32.960121154785156,55300
2016-10-10,45.33000183105469,45.38999938964844,45.20000076293945,45.20000076293945,32.80769348144531,79700
2016-10-11,45.06999969482422,45.2599983215332,44.880001068115234,45.0099983215332,32.66978454589844,108400
2016-10-12,44.849998474121094,45.02000045776367,44.77000045776367,44.79999923706055,32.51734924316406,57600
2016-10-13,44.7400016784668,44.880001068115234,44.61000061035156,44.84000015258789,32.54639434814453,90500
2016-10-14,44.779998779296875,45.04999923706055,44.779998779296875,45.0099983215332,32.66978454589844,44000
2016-10-17,45.0,45.11000061035156,44.959999084472656,45.040000915527344,32.691558837890625,32800
2016-10-18,45.20000076293945,45.36000061035156,45.02000045776367,45.310001373291016,32.88753128051758,317000
2016-10-19,45.38999938964844,45.470001220703125,45.220001220703125,45.290000915527344,32.87301254272461,77200
2016-10-20,45.220001220703125,45.369998931884766,45.220001220703125,45.25,32.84397888183594,33200
2016-10-21,45.150001525878906,45.439998626708984,45.150001525878906,45.400001525878906,32.95283126831055,101600
2016-10-24,45.529998779296875,45.56999969482422,45.45000076293945,45.47999954223633,33.01091766357422,45500
2016-10-25,45.529998779296875,45.689998626708984,45.439998626708984,45.599998474121094,33.09800720214844,77500
2016-10-26,45.599998474121094,45.599998474121094,45.459999084472656,45.560001373291016,33.06897735595703,40700
2016-10-27,45.560001373291016,45.560001373291016,45.209999084472656,45.38999938964844,32.945587158203125,40700
2016-10-28,45.31999969482422,45.439998626708984,45.060001373291016,45.08000183105469,32.72058868408203,71200
2016-10-31,45.06999969482422,45.2599983215332,45.0099983215332,45.0099983215332,32.66978454589844,71700
2016-11-01,45.0,45.130001068115234,44.77000045776367,44.83000183105469,32.539127349853516,77900
2016-11-02,44.72999954223633,44.91999816894531,44.560001373291016,44.66999816894531,32.42300033569336,43900
2016-11-03,44.7599983215332,44.81999969482422,44.4900016784668,44.4900016784668,32.292354583740234,60500
2016-11-04,44.470001220703125,44.650001525878906,44.290000915527344,44.56999969482422,32.35042190551758,55000
2016-11-07,44.77000045776367,44.88999938964844,44.59000015258789,44.68000030517578,32.43024826049805,32100
2016-11-08,44.619998931884766,44.72999954223633,44.5099983215332,44.560001373291016,32.3431510925293,58300
2016-11-09,44.2599983215332,45.0,44.040000915527344,44.06999969482422,31.987491607666016,74800
2016-11-10,44.099998474121094,44.529998779296875,43.04999923706055,43.04999923706055,31.24713706970215,142400
2016-11-11,43.0,43.150001525878906,42.70000076293945,42.70000076293945,30.99310302734375,187400
2016-11-14,42.650001525878906,42.68000030517578,42.08000183105469,42.11000061035156,30.56485366821289,328700
2016-11-15,42.15999984741211,43.20000076293945,42.15999984741211,43.20000076293945,31.356016159057617,275900
2016-11-16,43.09000015258789,43.599998474121094,42.59000015258789,43.45000076293945,31.537479400634766,194400
2016-11-17,43.540000915527344,43.59000015258789,43.11000061035156,43.13999938964844,31.312461853027344,124900
2016-11-18,43.04999923706055,43.31999969482422,42.75,42.77000045776367,31.04391098022461,117500
2016-11-21,42.849998474121094,43.130001068115234,42.79999923706055,42.939998626708984,31.167306900024414,180200
2016-11-22,43.150001525878906,43.2400016784668,43.06999969482422,43.220001220703125,31.37054443359375,91200
2016-11-23,43.099998474121094,43.22999954223633,43.0,43.20000076293945,31.356016159057617,70200
2016-11-25,43.2400016784668,43.29999923706055,43.09000015258789,43.29999923706055,31.428598403930664,44800
2016-11-28,43.290000915527344,43.52000045776367,43.16999816894531,43.209999084472656,31.363279342651367,109500
2016-11-29,43.16999816894531,43.279998779296875,43.099998474121094,43.15999984741211,31.32698631286621,49600
2016-11-30,43.0,43.150001525878906,42.83000183105469,42.880001068115234,31.123756408691406,117900
2016-12-01,42.79999923706055,42.880001068115234,42.47999954223633,42.540000915527344,30.876962661743164,173100
2016-12-02,42.5099983215332,42.689998626708984,42.5099983215332,42.52000045776367,30.86245346069336,84100
2016-12-05,42.599998474121094,42.709999084472656,42.5,42.540000915527344,30.876962661743164,84700
2016-12-06,42.529998779296875,42.70000076293945,42.52000045776367,42.560001373291016,30.891489028930664,109200
2016-12-07,42.59000015258789,42.90999984741211,42.59000015258789,42.790000915527344,31.05842399597168,123300
2016-12-08,42.75,42.81999969482422,42.599998474121094,42.61000061035156,30.927778244018555,86700
2016-12-09,42.59000015258789,42.72999954223633,42.5099983215332,42.63999938964844,30.949562072753906,142900
2016-12-12,42.54999923706055,42.61000061035156,42.18000030517578,42.25,30.666475296020508,99400
2016-12-13,42.27000045776367,42.5,42.25,42.27000045776367,30.680997848510742,76500
2016-12-14,42.2400016784668,42.380001068115234,42.150001525878906,42.18000030517578,30.61566734313965,87900
2016-12-15,42.029998779296875,42.29999923706055,41.97999954223633,42.27000045776367,30.680997848510742,269900
2016-12-16,41.41999816894531,41.54999923706055,41.349998474121094,41.4900016784668,30.713573455810547,156600
2016-12-19,41.439998626708984,41.63999938964844,41.380001068115234,41.619998931884766,30.809803009033203,177100
2016-12-20,41.54999923706055,41.900001525878906,41.54999923706055,41.790000915527344,30.935638427734375,210800
2016-12-21,41.7599983215332,42.119998931884766,41.75,42.029998779296875,31.113304138183594,156200
2016-12-22,41.970001220703125,42.470001220703125,41.86000061035156,42.15999984741211,31.20953369140625,70700
2016-12-23,42.20000076293945,42.25,42.040000915527344,42.20000076293945,31.239152908325195,103200
2016-12-27,42.20000076293945,42.380001068115234,41.900001525878906,41.97999954223633,31.076297760009766,147200
2016-12-28,42.04999923706055,42.13999938964844,41.810001373291016,41.88999938964844,31.009672164916992,101200
2016-12-29,41.900001525878906,42.060001373291016,41.900001525878906,41.95000076293945,31.05409049987793,154100
2016-12-30,41.9900016784668,42.02000045776367,41.93000030517578,41.95000076293945,31.05409049987793,84800
2017-01-03,41.849998474121094,42.29999923706055,41.849998474121094,42.209999084472656,31.24656105041504,170600
2017-01-04,42.310001373291016,42.83000183105469,42.29999923706055,42.77000045776367,31.661104202270508,152200
2017-01-05,42.869998931884766,43.0,42.599998474121094,42.880001068115234,31.742536544799805,68100
2017-01-06,42.83000183105469,43.0,42.77000045776367,42.90999984741211,31.764738082885742,57100
2017-01-09,43.02000045776367,43.08000183105469,42.810001373291016,42.95000076293945,31.79436683654785,53600
2017-01-10,43.040000915527344,43.130001068115234,42.88999938964844,43.060001373291016,31.875770568847656,74100
2017-01-11,43.099998474121094,43.310001373291016,43.060001373291016,43.25,32.016422271728516,104100
2017-01-12,43.31999969482422,43.43000030517578,43.2599983215332,43.279998779296875,32.03863525390625,60800
2017-01-13,43.27000045776367,43.34000015258789,43.189998626708984,43.29999923706055,32.05344009399414,89900
2017-01-17,43.25,43.400001525878906,43.20000076293945,43.279998779296875,32.03863525390625,91400
2017-01-18,43.20000076293945,43.290000915527344,43.15999984741211,43.22999954223633,32.001625061035156,79700
2017-01-19,43.099998474121094,43.11000061035156,42.63999938964844,42.7599983215332,31.6536922454834,129700
2017-01-20,42.810001373291016,42.959999084472656,42.59000015258789,42.72999954223633,31.631507873535156,110000
2017-01-23,42.65999984741211,43.130001068115234,42.560001373291016,43.11000061035156,31.912797927856445,68600
2017-01-24,43.060001373291016,43.20000076293945,42.97999954223633,43.130001068115234,31.92759132385254,41100
2017-01-25,43.04999923706055,43.130001068115234,42.900001525878906,42.900001525878906,31.75733757019043,43500
2017-01-26,42.84000015258789,43.150001525878906,42.79999923706055,43.130001068115234,31.92759132385254,79900
2017-01-27,43.099998474121094,43.25,43.099998474121094,43.13999938964844,31.934995651245117,43800
2017-01-30,43.18000030517578,43.290000915527344,43.119998931884766,43.25,32.016422271728516,42400
2017-01-31,43.20000076293945,43.279998779296875,43.16999816894531,43.27000045776367,32.03123092651367,82600
2017-02-01,43.29999923706055,43.34000015258789,43.20000076293945,43.310001373291016,32.06085968017578,70000
2017-02-02,43.310001373291016,43.4900016784668,43.310001373291016,43.459999084472656,32.17189025878906,53100
2017-02-03,43.5,43.689998626708984,43.369998931884766,43.61000061035156,32.282920837402344,42900
2017-02-06,43.63999938964844,43.66999816894531,43.619998931884766,43.630001068115234,32.29773712158203,71000
2017-02-07,43.63999938964844,43.72999954223633,43.63999938964844,43.720001220703125,32.364341735839844,73600
2017-02-08,43.720001220703125,43.88999938964844,43.70000076293945,43.86000061035156,32.4680061340332,75200
2017-02-09,43.720001220703125,43.900001525878906,43.720001220703125,43.75,32.38656997680664,61000
2017-02-10,43.68000030517578,43.84000015258789,43.650001525878906,43.81999969482422,32.43836975097656,55100
2017-02-13,43.88999938964844,43.900001525878906,43.79999923706055,43.88999938964844,32.49019241333008,70700
2017-02-14,43.869998931884766,43.90999984741211,43.70000076293945,43.84000015258789,32.453182220458984,56300
2017-02-15,43.720001220703125,43.95000076293945,43.720001220703125,43.86000061035156,32.4680061340332,171700
2017-02-16,43.869998931884766,43.97999954223633,43.84000015258789,43.84000015258789,32.453182220458984,90000
2017-02-17,43.84000015258789,43.939998626708984,43.83000183105469,43.83000183105469,32.44578170776367,47100
2017-02-21,43.83000183105469,43.97999954223633,43.7599983215332,43.77000045776367,32.401363372802734,40400
2017-02-22,43.869998931884766,43.88999938964844,43.81999969482422,43.849998474121094,32.460594177246094,25900
2017-02-23,43.849998474121094,44.029998779296875,43.849998474121094,43.9900016784668,32.56422805786133,80400
2017-02-24,43.939998626708984,44.119998931884766,43.939998626708984,44.06999969482422,32.623443603515625,41200
2017-02-27,44.099998474121094,44.16999816894531,44.06999969482422,44.08000183105469,32.63086700439453,78500
2017-02-28,44.08000183105469,44.150001525878906,44.029998779296875,44.06999969482422,32.623443603515625,29900
2017-03-01,43.9900016784668,44.099998474121094,43.810001373291016,43.91999816894531,32.51240158081055,92000
2017-03-02,43.880001068115234,43.97999954223633,43.849998474121094,43.88999938964844,32.49019241333008,69000
2017-03-03,43.83000183105469,43.95000076293945,43.79999923706055,43.880001068115234,32.4827995300293,52500
2017-03-06,43.90999984741211,43.939998626708984,43.83000183105469,43.91999816894531,32.51240158081055,56600
2017-03-07,43.86000061035156,43.91999816894531,43.86000061035156,43.86000061035156,32.4680061340332,37900
2017-03-08,43.790000915527344,43.83000183105469,43.5099983215332,43.54999923706055,32.23850631713867,61000
2017-03-09,43.5,43.689998626708984,43.209999084472656,43.279998779296875,32.03863525390625,87900
2017-03-10,43.43000030517578,43.880001068115234,43.2400016784668,43.45000076293945,32.164485931396484,109000
2017-03-13,43.41999816894531,43.4900016784668,43.349998474121094,43.41999816894531,32.14227294921875,79600
2017-03-14,43.38999938964844,43.5,43.36000061035156,43.439998626708984,32.157081604003906,53300
2017-03-15,43.560001373291016,43.880001068115234,43.5,43.880001068115234,32.4827995300293,91400
2017-03-16,43.880001068115234,44.0,43.720001220703125,43.970001220703125,32.54942321777344,56600
2017-03-17,43.56999969482422,43.709999084472656,43.56999969482422,43.66999816894531,32.624122619628906,191700
2017-03-20,43.66999816894531,43.77000045776367,43.650001525878906,43.650001525878906,32.60919189453125,46700
2017-03-21,43.650001525878906,43.689998626708984,43.54999923706055,43.58000183105469,32.55689239501953,28700
2017-03-22,43.619998931884766,43.720001220703125,43.599998474121094,43.689998626708984,32.63906478881836,67700
2017-03-23,43.689998626708984,43.83000183105469,43.689998626708984,43.77000045776367,32.69882583618164,27800
2017-03-24,43.77000045776367,43.95000076293945,43.77000045776367,43.869998931884766,32.77354431152344,41600
2017-03-27,43.90999984741211,43.959999084472656,43.75,43.79999923706055,32.72124481201172,45700
2017-03-28,43.849998474121094,43.88999938964844,43.779998779296875,43.869998931884766,32.77354431152344,30900
2017-03-29,43.88999938964844,43.9900016784668,43.88999938964844,43.90999984741211,33.37397766113281,36200
2017-03-30,43.849998474121094,43.9900016784668,43.849998474121094,43.93000030517578,33.38919448852539,29900
2017-03-31,43.90999984741211,44.0,43.90999984741211,43.959999084472656,33.411983489990234,23300
2017-04-03,43.9900016784668,44.45000076293945,43.9900016784668,44.38999938964844,33.73880386352539,64800
2017-04-04,44.349998474121094,44.41999816894531,44.31999969482422,44.41999816894531,33.76160430908203,36200
2017-04-05,44.40999984741211,44.459999084472656,44.22999954223633,44.2400016784668,33.62480545043945,40300
2017-04-06,44.189998626708984,44.43000030517578,44.18000030517578,44.400001525878906,33.74640655517578,42100
2017-04-07,44.41999816894531,44.5099983215332,44.380001068115234,44.40999984741211,33.75400924682617,25100
2017-04-10,44.45000076293945,44.560001373291016,44.45000076293945,44.4900016784668,33.8148307800293,26400
2017-04-11,44.41999816894531,44.470001220703125,44.349998474121094,44.439998626708984,33.776817321777344,37200
2017-04-12,44.36000061035156,44.47999954223633,44.36000061035156,44.470001220703125,33.79962158203125,20000
2017-04-13,44.4900016784668,44.4900016784668,44.400001525878906,44.47999954223633,33.807220458984375,23400
2017-04-17,44.5,44.599998474121094,44.5,44.56999969482422,33.8756217956543,30000
2017-04-18,44.59000015258789,44.59000015258789,44.380001068115234,44.529998779296875,33.84521484375,51300
2017-04-19,44.459999084472656,44.529998779296875,44.40999984741211,44.5,33.8223991394043,30000
2017-04-20,44.54999923706055,44.650001525878906,44.41999816894531,44.529998779296875,33.84521484375,24200
2017-04-21,44.5,44.650001525878906,44.5,44.63999938964844,33.928829193115234,32900
2017-04-24,44.70000076293945,44.75,44.650001525878906,44.650001525878906,33.93641662597656,68100
2017-04-25,44.61000061035156,44.75,44.61000061035156,44.689998626708984,33.966819763183594,26500
2017-04-26,44.7400016784668,44.7400016784668,44.619998931884766,44.65999984741211,33.94401931762695,46300
2017-04-27,44.650001525878906,44.709999084472656,44.59000015258789,44.66999816894531,33.95162582397461,25300
2017-04-28,44.70000076293945,44.72999954223633,44.65999984741211,44.709999084472656,33.98203659057617,36400
2017-05-01,44.79999923706055,44.79999923706055,44.56999969482422,44.7400016784668,34.004825592041016,80900
2017-05-02,44.7599983215332,44.81999969482422,44.630001068115234,44.81999969482422,34.06562805175781,56000
2017-05-03,44.75,44.880001068115234,44.709999084472656,44.880001068115234,34.11124038696289,79300
2017-05-04,44.86000061035156,44.869998931884766,44.709999084472656,44.720001220703125,33.9896354675293,38900
2017-05-05,44.7599983215332,44.79999923706055,44.689998626708984,44.779998779296875,34.03522491455078,36000
2017-05-08,44.75,44.90999984741211,44.75,44.90999984741211,34.134037017822266,66500
2017-05-09,44.9900016784668,44.9900016784668,44.83000183105469,44.93000030517578,34.149227142333984,56200
2017-05-10,44.93000030517578,44.95000076293945,44.869998931884766,44.900001525878906,34.126434326171875,32000
2017-05-11,44.9900016784668,44.9900016784668,44.84000015258789,44.880001068115234,34.11124038696289,17300
2017-05-12,44.93000030517578,44.9900016784668,44.900001525878906,44.959999084472656,34.17203140258789,20200
2017-05-15,44.970001220703125,45.04999923706055,44.95000076293945,45.04999923706055,34.24045181274414,20000
2017-05-16,45.06999969482422,45.09000015258789,44.959999084472656,45.060001373291016,34.24805450439453,100100
2017-05-17,45.029998779296875,45.040000915527344,44.88999938964844,44.970001220703125,34.17964172363281,97300
2017-05-18,44.779998779296875,44.97999954223633,44.779998779296875,44.88999938964844,34.11883544921875,28400
2017-05-19,44.880001068115234,45.0099983215332,44.869998931884766,44.90999984741211,34.134037017822266,25500
2017-05-22,44.939998626708984,45.040000915527344,44.939998626708984,45.02000045776367,34.217655181884766,24600
2017-05-23,44.970001220703125,45.099998474121094,44.970001220703125,45.08000183105469,34.26325225830078,23100
2017-05-24,45.08000183105469,45.099998474121094,45.0099983215332,45.08000183105469,34.26325225830078,44800
2017-05-25,45.119998931884766,45.130001068115234,45.04999923706055,45.130001068115234,34.301239013671875,39600
2017-05-26,45.15999984741211,45.220001220703125,45.119998931884766,45.189998626708984,34.34685134887695,48100
2017-05-30,45.209999084472656,45.209999084472656,45.130001068115234,45.20000076293945,34.354454040527344,30300
2017-05-31,45.209999084472656,45.22999954223633,45.15999984741211,45.209999084472656,34.36205291748047,30100
2017-06-01,45.13999938964844,45.290000915527344,45.119998931884766,45.2400016784668,34.384857177734375,56400
2017-06-02,45.290000915527344,45.349998474121094,45.209999084472656,45.349998474121094,34.46847152709961,40900
2017-06-05,45.2400016784668,45.369998931884766,45.2400016784668,45.290000915527344,34.422855377197266,48600
2017-06-06,45.220001220703125,45.36000061035156,45.220001220703125,45.2599983215332,34.400054931640625,32400
2017-06-07,45.33000183105469,45.34000015258789,45.2599983215332,45.290000915527344,34.422855377197266,35200
2017-06-08,45.25,45.34000015258789,45.25,45.290000915527344,34.422855377197266,25400
2017-06-09,45.25,45.33000183105469,45.2400016784668,45.2400016784668,34.384857177734375,33700
2017-06-12,45.36000061035156,45.36000061035156,45.20000076293945,45.25,34.3924674987793,40000
2017-06-13,45.2599983215332,45.310001373291016,45.20000076293945,45.29999923706055,34.43046951293945,40200
2017-06-14,45.33000183105469,45.43000030517578,45.29999923706055,45.369998931884766,34.48365783691406,48600
2017-06-15,45.380001068115234,45.439998626708984,45.34000015258789,45.40999984741211,34.514068603515625,58200
2017-06-16,45.0,45.0,44.720001220703125,44.75,34.47553253173828,163000
2017-06-19,44.810001373291016,44.849998474121094,44.7599983215332,44.77000045776367,34.4909553527832,35000
2017-06-20,44.75,44.95000076293945,44.75,44.790000915527344,34.50636672973633,39600
2017-06-21,44.83000183105469,44.93000030517578,44.83000183105469,44.869998931884766,34.567996978759766,33300
2017-06-22,44.93000030517578,44.95000076293945,44.880001068115234,44.91999816894531,34.60651397705078,34300
2017-06-23,44.849998474121094,44.9900016784668,44.849998474121094,44.95000076293945,34.629634857177734,32300
2017-06-26,45.0,45.130001068115234,44.939998626708984,45.060001373291016,34.71437072753906,103800
2017-06-27,45.029998779296875,45.08000183105469,44.93000030517578,45.029998779296875,34.691253662109375,158800
2017-06-28,45.0,45.060001373291016,44.9900016784668,45.0,34.668155670166016,74300
2017-06-29,44.900001525878906,45.02000045776367,44.900001525878906,44.9900016784668,34.66044998168945,36200
2017-06-30,44.939998626708984,45.25,44.849998474121094,44.970001220703125,34.6450309753418,62100
2017-07-03,45.029998779296875,45.16999816894531,44.88999938964844,45.16999816894531,34.79912567138672,33700
2017-07-05,45.060001373291016,45.18000030517578,45.029998779296875,45.18000030517578,34.80681610107422,34100
2017-07-06,45.06999969482422,45.16999816894531,45.04999923706055,45.09000015258789,34.73747253417969,47500
2017-07-07,45.18000030517578,45.2599983215332,45.099998474121094,45.20000076293945,34.82223129272461,29100
2017-07-10,45.150001525878906,45.189998626708984,45.130001068115234,45.130001068115234,34.76829147338867,84400
2017-07-11,45.150001525878906,45.189998626708984,45.029998779296875,45.099998474121094,34.74517822265625,40100
2017-07-12,45.150001525878906,45.150001525878906,45.040000915527344,45.11000061035156,34.752891540527344,48900
2017-07-13,45.099998474121094,45.13999938964844,45.04999923706055,45.04999923706055,34.706668853759766,30400
2017-07-14,45.099998474121094,45.13999938964844,45.060001373291016,45.130001068115234,34.76829147338867,21500
2017-07-17,45.08000183105469,45.150001525878906,45.04999923706055,45.04999923706055,34.706668853759766,45600
2017-07-18,45.099998474121094,45.130001068115234,45.040000915527344,45.130001068115234,34.76829147338867,32900
2017-07-19,45.13999938964844,45.220001220703125,45.130001068115234,45.130001068115234,34.76829147338867,34500
2017-07-20,45.220001220703125,45.220001220703125,45.130001068115234,45.150001525878906,34.78371047973633,25000
2017-07-21,45.16999816894531,45.279998779296875,45.11000061035156,45.279998779296875,34.883853912353516,43000
2017-07-24,45.29999923706055,45.34000015258789,45.20000076293945,45.27000045776367,34.876155853271484,29000
2017-07-25,45.2400016784668,45.25,45.09000015258789,45.09000015258789,34.73747253417969,67300
2017-07-26,45.119998931884766,45.209999084472656,45.11000061035156,45.18000030517578,34.80681610107422,44000
2017-07-27,45.20000076293945,45.34000015258789,45.11000061035156,45.16999816894531,34.79912567138672,32100
2017-07-28,45.13999938964844,45.29999923706055,45.13999938964844,45.25,34.860748291015625,34200
2017-07-31,45.2599983215332,45.2599983215332,45.15999984741211,45.2400016784668,34.853050231933594,49000
2017-08-01,45.2400016784668,45.29999923706055,45.209999084472656,45.2599983215332,34.86845016479492,57800
2017-08-02,45.220001220703125,45.34000015258789,45.220001220703125,45.310001373291016,34.9069709777832,147200
2017-08-03,45.38999938964844,45.38999938964844,45.25,45.27000045776367,34.876155853271484,80200
2017-08-04,45.2400016784668,45.29999923706055,45.2400016784668,45.25,34.860748291015625,45500
2017-08-07,45.27000045776367,45.29999923706055,45.25,45.279998779296875,34.883853912353516,42100
2017-08-08,45.290000915527344,45.29999923706055,45.22999954223633,45.25,34.860748291015625,45100
2017-08-09,45.209999084472656,45.25,45.099998474121094,45.099998474121094,34.74517822265625,56900
2017-08-10,45.04999923706055,45.04999923706055,44.7400016784668,44.7599983215332,34.48324966430664,86200
2017-08-11,44.7599983215332,44.88999938964844,44.70000076293945,44.869998931884766,34.567996978759766,41600
2017-08-14,45.02000045776367,45.060001373291016,45.0099983215332,45.040000915527344,34.6989631652832,21400
2017-08-15,44.97999954223633,45.08000183105469,44.95000076293945,45.0099983215332,34.675846099853516,30000
2017-08-16,45.0099983215332,45.150001525878906,45.0099983215332,45.04999923706055,34.706668853759766,24700
2017-08-17,45.029998779296875,45.11000061035156,45.0099983215332,45.040000915527344,34.6989631652832,35000
2017-08-18,45.0099983215332,45.119998931884766,44.9900016784668,45.09000015258789,34.73747253417969,33900
2017-08-21,45.04999923706055,45.130001068115234,45.02000045776367,45.099998474121094,34.74517822265625,39300
2017-08-22,45.13999938964844,45.13999938964844,45.0099983215332,45.04999923706055,34.706668853759766,34200
2017-08-23,45.06999969482422,45.099998474121094,45.02000045776367,45.040000915527344,34.6989631652832,26200
2017-08-24,44.959999084472656,45.099998474121094,44.959999084472656,45.040000915527344,34.6989631652832,24600
2017-08-25,45.0,45.119998931884766,45.0,45.08000183105469,34.72978210449219,28700
2017-08-28,45.099998474121094,45.130001068115234,45.09000015258789,45.099998474121094,34.74517822265625,21400
2017-08-29,45.08000183105469,45.18000030517578,45.04999923706055,45.119998931884766,34.76059341430664,52200
2017-08-30,45.099998474121094,45.18000030517578,45.09000015258789,45.150001525878906,34.78371047973633,29700
2017-08-31,45.20000076293945,45.290000915527344,45.15999984741211,45.290000915527344,34.891563415527344,35000
2017-09-01,45.29999923706055,45.380001068115234,45.27000045776367,45.290000915527344,34.891563415527344,44600
2017-09-05,45.400001525878906,45.400001525878906,45.209999084472656,45.2599983215332,34.86845016479492,42400
2017-09-06,45.29999923706055,45.41999816894531,45.220001220703125,45.33000183105469,34.92237091064453,28100
2017-09-07,45.310001373291016,45.36000061035156,45.2400016784668,45.2400016784668,34.853050231933594,32300
2017-09-08,45.209999084472656,45.25,45.119998931884766,45.13999938964844,34.7760124206543,39300
2017-09-11,45.18000030517578,45.29999923706055,45.18000030517578,45.27000045776367,34.876155853271484,23100
2017-09-12,45.27000045776367,45.349998474121094,45.2599983215332,45.310001373291016,34.9069709777832,36000
2017-09-13,45.310001373291016,45.369998931884766,45.27000045776367,45.310001373291016,34.9069709777832,56000
2017-09-14,45.290000915527344,45.33000183105469,45.22999954223633,45.22999954223633,34.84534454345703,78900
2017-09-15,44.709999084472656,44.91999816894531,44.65999984741211,44.720001220703125,34.91482925415039,105900
2017-09-18,44.720001220703125,44.810001373291016,44.70000076293945,44.72999954223633,34.92264175415039,31900
2017-09-19,44.75,44.79999923706055,44.709999084472656,44.720001220703125,34.91482925415039,30800
2017-09-20,45.029998779296875,45.029998779296875,44.68000030517578,44.720001220703125,34.91482925415039,44700
2017-09-21,44.689998626708984,44.779998779296875,44.68000030517578,44.72999954223633,34.92264175415039,43100
2017-09-22,44.689998626708984,44.75,44.68000030517578,44.70000076293945,34.89921569824219,34500
2017-09-25,44.83000183105469,44.849998474121094,44.70000076293945,44.77000045776367,34.953857421875,67700
2017-09-26,44.779998779296875,44.79999923706055,44.7400016784668,44.77000045776367,34.953857421875,74600
2017-09-27,44.810001373291016,44.810001373291016,44.65999984741211,44.66999816894531,34.87578201293945,201400
2017-09-28,44.61000061035156,45.0,44.58000183105469,44.59000015258789,34.81332778930664,146600
2017-09-29,44.560001373291016,44.720001220703125,44.560001373291016,44.70000076293945,34.89921569824219,29500
2017-10-02,44.650001525878906,44.810001373291016,44.619998931884766,44.63999938964844,34.85237121582031,41500
2017-10-03,44.65999984741211,44.689998626708984,44.599998474121094,44.619998931884766,34.83674240112305,26700
2017-10-04,44.599998474121094,44.68000030517578,44.599998474121094,44.599998474121094,34.821136474609375,67200
2017-10-05,44.63999938964844,44.70000076293945,44.59000015258789,44.61000061035156,34.828941345214844,36000
2017-10-06,44.61000061035156,44.61000061035156,44.36000061035156,44.41999816894531,34.680599212646484,74800
2017-10-09,44.38999938964844,44.52000045776367,44.2400016784668,44.34000015258789,34.61813735961914,41000
2017-10-10,44.31999969482422,44.5,44.31999969482422,44.43000030517578,34.68840789794922,24700
2017-10-11,44.5,44.560001373291016,44.439998626708984,44.529998779296875,34.7664794921875,40700
2017-10-12,44.459999084472656,44.65999984741211,44.43000030517578,44.599998474121094,34.821136474609375,56300
2017-10-13,44.68000030517578,44.7400016784668,44.630001068115234,44.72999954223633,34.92264175415039,44500
2017-10-16,44.68000030517578,44.75,44.65999984741211,44.65999984741211,34.86798095703125,29900
2017-10-17,44.630001068115234,44.68000030517578,44.560001373291016,44.56999969482422,34.79771041870117,163800
2017-10-18,44.650001525878906,44.650001525878906,44.56999969482422,44.630001068115234,34.84455108642578,28600
2017-10-19,44.52000045776367,44.689998626708984,44.52000045776367,44.63999938964844,34.85237121582031,67200
2017-10-20,44.65999984741211,44.720001220703125,44.599998474121094,44.689998626708984,34.891395568847656,46200
2017-10-23,44.779998779296875,44.84000015258789,44.75,44.84000015258789,35.00849914550781,37900
2017-10-24,44.79999923706055,44.83000183105469,44.599998474121094,44.79999923706055,34.97728729248047,111500
2017-10-25,44.7599983215332,44.7599983215332,44.599998474121094,44.63999938964844,34.85237121582031,64300
2017-10-26,44.650001525878906,44.720001220703125,44.61000061035156,44.650001525878906,34.86016845703125,41000
2017-10-27,44.720001220703125,44.75,44.599998474121094,44.70000076293945,34.89921569824219,43500
2017-10-30,44.689998626708984,44.70000076293945,44.59000015258789,44.63999938964844,34.85237121582031,27400
2017-10-31,44.75,44.75,44.65999984741211,44.72999954223633,34.92264175415039,43000
2017-11-01,44.75,44.7599983215332,44.66999816894531,44.72999954223633,34.92264175415039,74600
2017-11-02,44.720001220703125,44.77000045776367,44.560001373291016,44.689998626708984,34.891395568847656,63000
2017-11-03,44.65999984741211,44.70000076293945,44.5099983215332,44.61000061035156,34.828941345214844,47300
2017-11-06,44.61000061035156,44.63999938964844,44.5099983215332,44.52000045776367,34.7586784362793,47500
2017-11-07,44.61000061035156,44.61000061035156,44.529998779296875,44.56999969482422,34.79771041870117,70100
2017-11-08,44.5,44.56999969482422,44.45000076293945,44.529998779296875,34.7664794921875,46800
2017-11-09,44.43000030517578,44.45000076293945,44.33000183105469,44.40999984741211,34.67279052734375,50500
2017-11-10,44.38999938964844,44.43000030517578,44.34000015258789,44.43000030517578,34.68840789794922,51600
2017-11-13,44.400001525878906,44.5,44.380001068115234,44.47999954223633,34.727447509765625,36900
2017-11-14,44.400001525878906,44.5099983215332,44.400001525878906,44.470001220703125,34.71963119506836,36600
2017-11-15,44.369998931884766,44.470001220703125,44.290000915527344,44.41999816894531,34.680599212646484,81800
2017-11-16,44.5099983215332,44.619998931884766,44.470001220703125,44.59000015258789,34.81332778930664,49100
2017-11-17,44.599998474121094,44.880001068115234,44.59000015258789,44.75,34.938228607177734,28100
2017-11-20,44.86000061035156,44.95000076293945,44.790000915527344,44.90999984741211,35.06315231323242,92200
2017-11-21,44.880001068115234,44.91999816894531,44.849998474121094,44.880001068115234,35.039737701416016,82400
2017-11-22,44.79999923706055,44.970001220703125,44.79999923706055,44.91999816894531,35.07098388671875,44100
2017-11-24,45.0099983215332,45.08000183105469,44.93000030517578,45.08000183105469,35.19589614868164,59400
2017-11-27,45.0099983215332,45.08000183105469,45.0099983215332,45.02000045776367,35.1490478515625,29100
2017-11-28,45.130001068115234,45.130001068115234,44.88999938964844,44.93000030517578,35.078773498535156,35500
2017-11-29,44.900001525878906,44.959999084472656,44.75,44.849998474121094,35.016319274902344,44200
2017-11-30,44.79999923706055,45.0099983215332,44.79999923706055,44.900001525878906,35.05535888671875,92200
2017-12-01,44.810001373291016,44.95000076293945,44.75,44.95000076293945,35.09439468383789,39500
2017-12-04,44.939998626708984,45.0,44.86000061035156,44.9900016784668,35.125633239746094,56000
2017-12-05,44.959999084472656,45.02000045776367,44.93000030517578,45.02000045776367,35.1490478515625,121500
2017-12-06,44.95000076293945,45.04999923706055,44.95000076293945,45.0,35.13343811035156,65300
2017-12-07,44.97999954223633,45.11000061035156,44.959999084472656,45.099998474121094,35.21150588989258,119800
2017-12-08,45.06999969482422,45.130001068115234,45.029998779296875,45.09000015258789,35.20369338989258,95700
2017-12-11,45.189998626708984,45.189998626708984,45.040000915527344,45.060001373291016,35.1802864074707,64000
2017-12-12,45.0,45.04999923706055,44.91999816894531,44.95000076293945,35.09439468383789,72100
2017-12-13,44.95000076293945,44.959999084472656,44.7400016784668,44.810001373291016,34.985084533691406,71400
2017-12-14,44.900001525878906,45.029998779296875,44.79999923706055,44.86000061035156,35.02413558959961,65700
2017-12-15,44.38999938964844,44.47999954223633,44.18000030517578,44.20000076293945,35.043949127197266,85300
2017-12-18,44.209999084472656,44.33000183105469,44.20000076293945,44.290000915527344,35.11531066894531,72800
2017-12-19,44.2400016784668,44.279998779296875,44.16999816894531,44.209999084472656,35.05188751220703,60600
2017-12-20,44.349998474121094,44.36000061035156,44.25,44.27000045776367,35.09944534301758,103000
2017-12-21,44.150001525878906,44.25,44.11000061035156,44.15999984741211,35.01224899291992,52200
2017-12-22,44.36000061035156,44.40999984741211,44.130001068115234,44.150001525878906,35.004302978515625,36600
2017-12-26,44.2599983215332,44.45000076293945,44.04999923706055,44.119998931884766,34.98051452636719,63100
2017-12-27,44.11000061035156,44.119998931884766,44.04999923706055,44.08000183105469,34.94881820678711,70400
2017-12-28,44.06999969482422,44.150001525878906,44.04999923706055,44.119998931884766,34.98051452636719,100300
2017-12-29,44.09000015258789,44.150001525878906,44.040000915527344,44.040000915527344,34.91709518432617,104800
2018-01-02,44.099998474121094,44.13999938964844,43.41999816894531,43.59000015258789,34.5603141784668,161800
2018-01-03,43.40999984741211,43.65999984741211,43.40999984741211,43.529998779296875,34.51274871826172,197200
2018-01-04,43.529998779296875,43.7400016784668,43.529998779296875,43.650001525878906,34.60787582397461,75100
2018-01-05,43.66999816894531,43.7599983215332,43.63999938964844,43.70000076293945,34.647525787353516,83000
2018-01-08,43.75,43.86000061035156,43.68000030517578,43.83000183105469,34.75060272216797,116300
2018-01-09,43.84000015258789,43.86000061035156,43.720001220703125,43.810001373291016,34.734737396240234,60200
2018-01-10,43.70000076293945,43.79999923706055,43.59000015258789,43.79999923706055,34.7268180847168,659000
2018-01-11,43.79999923706055,43.84000015258789,43.630001068115234,43.79999923706055,34.7268180847168,241400
2018-01-12,43.709999084472656,44.0,43.70000076293945,43.709999084472656,34.65545654296875,746000
2018-01-16,43.75,43.7599983215332,43.599998474121094,43.599998474121094,34.56824493408203,449100
2018-01-17,43.689998626708984,43.689998626708984,43.4900016784668,43.4900016784668,34.481021881103516,475900
2018-01-18,43.529998779296875,43.529998779296875,43.279998779296875,43.29999923706055,34.33038330078125,250300
2018-01-19,43.2599983215332,43.439998626708984,43.220001220703125,43.349998474121094,34.370025634765625,95200
2018-01-22,43.20000076293945,43.34000015258789,43.20000076293945,43.31999969482422,34.34624481201172,85300
2018-01-23,43.27000045776367,43.45000076293945,43.27000045776367,43.45000076293945,34.449317932128906,90400
2018-01-24,43.40999984741211,43.40999984741211,43.290000915527344,43.34000015258789,34.36209487915039,104800
2018-01-25,43.349998474121094,43.380001068115234,43.209999084472656,43.29999923706055,34.33038330078125,73900
2018-01-26,43.29999923706055,43.380001068115234,43.029998779296875,43.15999984741211,34.219383239746094,170400
2018-01-29,43.0099983215332,43.099998474121094,42.59000015258789,42.59000015258789,33.767459869384766,202100
2018-01-30,42.540000915527344,42.54999923706055,42.36000061035156,42.380001068115234,33.60097122192383,129200
2018-01-31,42.2400016784668,42.77000045776367,42.2400016784668,42.720001220703125,33.87052917480469,130300
2018-02-01,42.470001220703125,42.59000015258789,42.36000061035156,42.38999938964844,33.766990661621094,80200
2018-02-02,42.209999084472656,42.25,42.0,42.18000030517578,33.59969711303711,139400
2018-02-05,42.02000045776367,42.25,42.0,42.06999969482422,33.51206588745117,167300
2018-02-06,41.959999084472656,42.25,41.810001373291016,42.2400016784668,33.647483825683594,108800
2018-02-07,42.31999969482422,42.529998779296875,42.0099983215332,42.349998474121094,33.735111236572266,68100
2018-02-08,42.45000076293945,42.45000076293945,42.20000076293945,42.20000076293945,33.615631103515625,120000
2018-02-09,42.13999938964844,42.380001068115234,41.970001220703125,42.33000183105469,33.71917724609375,107100
2018-02-12,42.380001068115234,42.529998779296875,42.33000183105469,42.45000076293945,33.81476974487305,46500
2018-02-13,42.400001525878906,42.5099983215332,42.400001525878906,42.43000030517578,33.798851013183594,93300
2018-02-14,42.290000915527344,42.40999984741211,42.279998779296875,42.31999969482422,33.711219787597656,104900
2018-02-15,42.34000015258789,43.13999938964844,42.310001373291016,42.439998626708984,33.806793212890625,42200
2018-02-16,42.45000076293945,42.619998931884766,42.400001525878906,42.52000045776367,33.87053680419922,38300
2018-02-20,42.4900016784668,42.650001525878906,42.43000030517578,42.59000015258789,33.926292419433594,45900
2018-02-21,42.599998474121094,42.81999969482422,42.599998474121094,42.63999938964844,33.966121673583984,70600
2018-02-22,42.709999084472656,42.86000061035156,42.709999084472656,42.779998779296875,34.077640533447266,34700
2018-02-23,42.90999984741211,42.970001220703125,42.79999923706055,42.95000076293945,34.21307373046875,44400
2018-02-26,43.099998474121094,43.13999938964844,43.029998779296875,43.09000015258789,34.324581146240234,39100
2018-02-27,43.0099983215332,43.18000030517578,43.0099983215332,43.150001525878906,34.37236785888672,45100
2018-02-28,43.209999084472656,43.279998779296875,43.06999969482422,43.2400016784668,34.44406509399414,54700
2018-03-01,43.130001068115234,43.15999984741211,42.970001220703125,43.11000061035156,34.50008010864258,25300
2018-03-02,42.93000030517578,43.11000061035156,42.91999816894531,43.04999923706055,34.452064514160156,30200
2018-03-05,43.040000915527344,43.209999084472656,43.0,43.209999084472656,34.580116271972656,24700
2018-03-06,43.290000915527344,43.349998474121094,43.189998626708984,43.279998779296875,34.63612747192383,39500
2018-03-07,43.130001068115234,43.33000183105469,43.130001068115234,43.33000183105469,34.676143646240234,36500
2018-03-08,43.279998779296875,43.439998626708984,43.220001220703125,43.380001068115234,34.71617126464844,42600
2018-03-09,43.470001220703125,43.470001220703125,43.34000015258789,43.349998474121094,34.69215393066406,40400
2018-03-12,43.33000183105469,43.349998474121094,43.20000076293945,43.2599983215332,34.620121002197266,39100
2018-03-13,43.20000076293945,43.369998931884766,43.20000076293945,43.33000183105469,34.676143646240234,41800
2018-03-14,43.29999923706055,43.470001220703125,43.29999923706055,43.459999084472656,34.780181884765625,28300
2018-03-15,43.54999923706055,43.58000183105469,43.41999816894531,43.439998626708984,34.76417922973633,39100
2018-03-16,43.45000076293945,43.540000915527344,43.439998626708984,43.5099983215332,34.820194244384766,19600
2018-03-19,43.45000076293945,43.4900016784668,43.400001525878906,43.459999084472656,34.780181884765625,24700
2018-03-20,43.41999816894531,43.47999954223633,43.349998474121094,43.349998474121094,34.69215393066406,34900
2018-03-21,43.439998626708984,43.439998626708984,43.31999969482422,43.40999984741211,34.74016189575195,34400
2018-03-22,43.310001373291016,43.41999816894531,43.25,43.29999923706055,34.65214157104492,42800
2018-03-23,43.279998779296875,43.36000061035156,43.27000045776367,43.29999923706055,34.65214157104492,44400
2018-03-26,43.38999938964844,43.38999938964844,43.18000030517578,43.2599983215332,34.620121002197266,49000
2018-03-27,43.16999816894531,43.369998931884766,43.16999816894531,43.27000045776367,34.62812423706055,51900
2018-03-28,43.38999938964844,43.38999938964844,43.2400016784668,43.310001373291016,34.6601448059082,25800
2018-03-29,43.290000915527344,43.45000076293945,43.2599983215332,43.45000076293945,34.77219009399414,36300
2018-04-02,43.13999938964844,43.220001220703125,43.08000183105469,43.099998474121094,34.651588439941406,35500
2018-04-03,43.189998626708984,43.209999084472656,42.90999984741211,42.95000076293945,34.53099060058594,36000
2018-04-04,42.9900016784668,43.040000915527344,42.939998626708984,43.0099983215332,34.5792236328125,33900
2018-04-05,43.040000915527344,43.06999969482422,42.959999084472656,42.97999954223633,34.55510330200195,30800
2018-04-06,42.959999084472656,43.02000045776367,42.869998931884766,42.959999084472656,34.53902053833008,58900
2018-04-09,42.869998931884766,43.029998779296875,42.869998931884766,42.9900016784668,34.56313705444336,49900
2018-04-10,42.97999954223633,43.0,42.91999816894531,42.939998626708984,34.52294921875,53200
2018-04-11,42.90999984741211,43.0,42.83000183105469,43.0,34.571189880371094,51900
2018-04-12,42.970001220703125,42.970001220703125,42.900001525878906,42.900001525878906,34.49079132080078,52400
2018-04-13,43.04999923706055,43.04999923706055,42.88999938964844,42.90999984741211,34.49882125854492,202600
2018-04-16,42.95000076293945,43.029998779296875,42.91999816894531,42.959999084472656,34.53902053833008,26700
2018-04-17,43.029998779296875,43.04999923706055,42.880001068115234,43.0,34.571189880371094,61300
2018-04-18,42.970001220703125,43.06999969482422,42.849998474121094,42.9900016784668,34.56313705444336,89100
2018-04-19,42.86000061035156,43.0,42.83000183105469,42.95000076293945,34.53099060058594,27200
2018-04-20,42.83000183105469,43.06999969482422,42.83000183105469,42.93000030517578,34.51491928100586,30700
2018-04-23,42.900001525878906,42.970001220703125,42.849998474121094,42.970001220703125,34.54706954956055,139500
2018-04-24,42.939998626708984,42.970001220703125,42.77000045776367,42.77000045776367,34.38628387451172,51400
2018-04-25,42.790000915527344,42.790000915527344,42.560001373291016,42.630001068115234,34.273712158203125,103800
2018-04-26,42.70000076293945,42.72999954223633,42.61000061035156,42.65999984741211,34.29783248901367,67600
2018-04-27,42.72999954223633,42.79999923706055,42.650001525878906,42.709999084472656,34.338043212890625,51500
2018-04-30,42.7599983215332,42.79999923706055,42.70000076293945,42.79999923706055,34.410400390625,34700
2018-05-01,42.66999816894531,42.66999816894531,42.5,42.56999969482422,34.38615798950195,36300
2018-05-02,42.4900016784668,42.63999938964844,42.4900016784668,42.560001373291016,34.37807846069336,39800
2018-05-03,42.599998474121094,42.65999984741211,42.5,42.5,34.32961654663086,47800
2018-05-04,42.529998779296875,42.7400016784668,42.529998779296875,42.65999984741211,34.45885467529297,36200
2018-05-07,42.779998779296875,42.779998779296875,42.61000061035156,42.61000061035156,34.41847610473633,46500
2018-05-08,42.529998779296875,42.65999984741211,42.5099983215332,42.650001525878906,34.45077896118164,183700
2018-05-09,42.540000915527344,42.63999938964844,42.52000045776367,42.61000061035156,34.41847610473633,169100
2018-05-10,42.52000045776367,42.650001525878906,42.52000045776367,42.56999969482422,34.38615798950195,38800
2018-05-11,42.52000045776367,42.79999923706055,42.52000045776367,42.779998779296875,34.55579376220703,29700
2018-05-14,42.79999923706055,42.91999816894531,42.79999923706055,42.84000015258789,34.6042594909668,51700
2018-05-15,42.75,42.75,42.63999938964844,42.63999938964844,34.44270324707031,48900
2018-05-16,42.77000045776367,42.77000045776367,42.599998474121094,42.65999984741211,34.45885467529297,41100
2018-05-17,42.709999084472656,42.709999084472656,42.58000183105469,42.65999984741211,34.45885467529297,55600
2018-05-18,42.72999954223633,42.72999954223633,42.619998931884766,42.650001525878906,34.45077896118164,27500
2018-05-21,42.650001525878906,42.72999954223633,42.619998931884766,42.619998931884766,34.426551818847656,69900
2018-05-22,42.619998931884766,42.689998626708984,42.61000061035156,42.630001068115234,34.43461990356445,36700
2018-05-23,42.65999984741211,42.72999954223633,42.63999938964844,42.709999084472656,34.499244689941406,52000
2018-05-24,42.7400016784668,42.90999984741211,42.72999954223633,42.90999984741211,34.66079330444336,38100
2018-05-25,43.0,43.06999969482422,42.93000030517578,42.939998626708984,34.68502426147461,47700
2018-05-29,42.869998931884766,43.040000915527344,42.869998931884766,43.0099983215332,34.7415657043457,78100
2018-05-30,43.099998474121094,43.130001068115234,42.959999084472656,43.09000015258789,34.806182861328125,102600
2018-05-31,43.060001373291016,43.130001068115234,43.0099983215332,43.08000183105469,34.798118591308594,120200
2018-06-01,42.84000015258789,43.06999969482422,42.84000015258789,43.040000915527344,34.92795944213867,25300
2018-06-04,43.20000076293945,43.20000076293945,43.04999923706055,43.119998931884766,34.992881774902344,18400
2018-06-05,43.130001068115234,43.33000183105469,43.11000061035156,43.2599983215332,35.10649490356445,43900
2018-06-06,43.38999938964844,43.41999816894531,43.27000045776367,43.400001525878906,35.22010803222656,176900
2018-06-07,43.36000061035156,43.439998626708984,43.310001373291016,43.439998626708984,35.252559661865234,46900
2018-06-08,43.5,43.5,43.40999984741211,43.43000030517578,35.244449615478516,25200
2018-06-11,43.43000030517578,43.470001220703125,43.33000183105469,43.33000183105469,35.16329574584961,58300
2018-06-12,43.36000061035156,43.36000061035156,43.25,43.27000045776367,35.114601135253906,348200
2018-06-13,43.279998779296875,43.34000015258789,43.18000030517578,43.22999954223633,35.0821418762207,295800
2018-06-14,43.349998474121094,43.349998474121094,43.2400016784668,43.25,35.0983772277832,32200
2018-06-15,43.2400016784668,43.40999984741211,43.2400016784668,43.40999984741211,35.228214263916016,28600
2018-06-18,43.33000183105469,43.40999984741211,43.310001373291016,43.349998474121094,35.17951965332031,78700
2018-06-19,43.4900016784668,43.4900016784668,43.29999923706055,43.34000015258789,35.171409606933594,47300
2018-06-20,43.34000015258789,43.41999816894531,43.279998779296875,43.279998779296875,35.122711181640625,69600
2018-06-21,43.380001068115234,43.380001068115234,43.220001220703125,43.22999954223633,35.0821418762207,44400
2018-06-22,43.27000045776367,43.29999923706055,43.2400016784668,43.290000915527344,35.13083267211914,17200
2018-06-25,43.31999969482422,43.31999969482422,43.25,43.279998779296875,35.122711181640625,25300
2018-06-26,43.36000061035156,43.36000061035156,43.25,43.290000915527344,35.13083267211914,123800
2018-06-27,43.27000045776367,43.34000015258789,43.2400016784668,43.2599983215332,35.10649490356445,154600
2018-06-28,43.22999954223633,43.47999954223633,43.22999954223633,43.31999969482422,35.155189514160156,278300
2018-06-29,43.40999984741211,43.5,43.34000015258789,43.470001220703125,35.276920318603516,734900
2018-07-02,43.290000915527344,43.45000076293945,43.18000030517578,43.40999984741211,35.39104461669922,700100
2018-07-03,43.560001373291016,43.58000183105469,43.40999984741211,43.560001373291016,35.51333236694336,342900
2018-07-05,43.529998779296875,43.689998626708984,43.52000045776367,43.68000030517578,35.61117172241211,89100
2018-07-06,43.689998626708984,43.900001525878906,43.63999938964844,43.79999923706055,35.70901107788086,138800
2018-07-09,43.72999954223633,43.790000915527344,43.63999938964844,43.709999084472656,35.63563537597656,118400
2018-07-10,43.7599983215332,43.81999969482422,43.709999084472656,43.72999954223633,35.651939392089844,53400
2018-07-11,43.75,43.7599983215332,43.619998931884766,43.68000030517578,35.61117172241211,71000
2018-07-12,43.650001525878906,43.650001525878906,43.54999923706055,43.59000015258789,35.53779602050781,80000
2018-07-13,43.61000061035156,43.61000061035156,43.40999984741211,43.45000076293945,35.42365264892578,60300
2018-07-16,43.45000076293945,43.45000076293945,43.310001373291016,43.33000183105469,35.32582473754883,58900
2018-07-17,43.369998931884766,43.369998931884766,43.220001220703125,43.25,35.2606086730957,130800
2018-07-18,43.16999816894531,43.310001373291016,43.04999923706055,43.20000076293945,35.219844818115234,114300
2018-07-19,43.2400016784668,43.2599983215332,43.130001068115234,43.22999954223633,35.24429702758789,111700
2018-07-20,43.27000045776367,43.47999954223633,43.20000076293945,43.40999984741211,35.39104461669922,33400
2018-07-23,43.38999938964844,43.45000076293945,43.36000061035156,43.400001525878906,35.38290023803711,53800
2018-07-24,43.369998931884766,43.400001525878906,43.290000915527344,43.349998474121094,35.342124938964844,105100
2018-07-25,43.25,43.369998931884766,42.900001525878906,43.29999923706055,35.301368713378906,62900
2018-07-26,43.189998626708984,43.310001373291016,43.189998626708984,43.279998779296875,35.28505325317383,34800
2018-07-27,43.369998931884766,43.369998931884766,43.130001068115234,43.130001068115234,35.16276931762695,43100
2018-07-30,43.20000076293945,43.20000076293945,43.130001068115234,43.16999816894531,35.19538497924805,77000
2018-07-31,43.06999969482422,43.279998779296875,43.06999969482422,43.15999984741211,35.187225341796875,48000
2018-08-01,42.939998626708984,43.150001525878906,42.79999923706055,42.810001373291016,35.06436538696289,58600
2018-08-02,42.790000915527344,42.900001525878906,42.779998779296875,42.88999938964844,35.12989044189453,103900
2018-08-03,42.790000915527344,43.02000045776367,42.790000915527344,42.91999816894531,35.15446472167969,59000
2018-08-06,42.86000061035156,42.970001220703125,42.86000061035156,42.93000030517578,35.16266632080078,47500
2018-08-07,43.060001373291016,43.060001373291016,42.900001525878906,42.900001525878906,35.138084411621094,56800
2018-08-08,42.95000076293945,42.959999084472656,42.880001068115234,42.93000030517578,35.16266632080078,33100
2018-08-09,42.9900016784668,43.02000045776367,42.880001068115234,42.880001068115234,35.12171173095703,54600
2018-08-10,43.099998474121094,43.099998474121094,42.790000915527344,42.79999923706055,35.056182861328125,98200
2018-08-13,42.86000061035156,42.93000030517578,42.83000183105469,42.849998474121094,35.09713363647461,40300
2018-08-14,42.97999954223633,42.97999954223633,42.869998931884766,42.900001525878906,35.138084411621094,43400
2018-08-15,42.88999938964844,42.97999954223633,42.880001068115234,42.90999984741211,35.146278381347656,54400
2018-08-16,43.0099983215332,43.099998474121094,42.90999984741211,43.040000915527344,35.25275802612305,32000
2018-08-17,43.13999938964844,43.20000076293945,43.0,43.02000045776367,35.23637771606445,56200
2018-08-20,43.029998779296875,43.279998779296875,43.029998779296875,43.22999954223633,35.40837478637695,140500
2018-08-21,43.22999954223633,43.310001373291016,43.20000076293945,43.22999954223633,35.40837478637695,83100
2018-08-22,43.310001373291016,43.31999969482422,43.25,43.279998779296875,35.44932556152344,83300
2018-08-23,43.27000045776367,43.310001373291016,43.20000076293945,43.220001220703125,35.40018844604492,88800
2018-08-24,43.29999923706055,43.349998474121094,43.2400016784668,43.31999969482422,35.48210525512695,61400
2018-08-27,43.369998931884766,43.380001068115234,43.29999923706055,43.33000183105469,35.49028015136719,34300
2018-08-28,43.439998626708984,43.439998626708984,43.27000045776367,43.400001525878906,35.54762268066406,84700
2018-08-29,43.45000076293945,43.54999923706055,43.400001525878906,43.54999923706055,35.670494079589844,112900
2018-08-30,43.619998931884766,43.619998931884766,43.5,43.5,35.62953186035156,73100
2018-08-31,43.540000915527344,43.59000015258789,43.5,43.54999923706055,35.670494079589844,41600
2018-09-04,43.349998474121094,43.349998474121094,43.099998474121094,43.099998474121094,35.46476745605469,66900
2018-09-05,43.150001525878906,43.189998626708984,43.0,43.0,35.38248825073242,46900
2018-09-06,43.040000915527344,43.119998931884766,42.959999084472656,43.0,35.38248825073242,74400
2018-09-07,42.95000076293945,42.95000076293945,42.7599983215332,42.79999923706055,35.217918395996094,66400
2018-09-10,42.970001220703125,43.0,42.79999923706055,42.959999084472656,35.34957504272461,123900
2018-09-11,43.06999969482422,43.06999969482422,42.93000030517578,42.95000076293945,35.34135055541992,240800
2018-09-12,42.959999084472656,43.040000915527344,42.90999984741211,42.939998626708984,35.3331184387207,41600
2018-09-13,43.0,43.04999923706055,42.95000076293945,42.95000076293945,35.34135055541992,55700
2018-09-14,42.97999954223633,42.97999954223633,42.81999969482422,42.959999084472656,35.34957504272461,47600
2018-09-17,42.97999954223633,42.97999954223633,42.88999938964844,42.88999938964844,35.29196548461914,94800
2018-09-18,42.849998474121094,42.970001220703125,42.83000183105469,42.880001068115234,35.283748626708984,50900
2018-09-19,42.939998626708984,42.939998626708984,42.70000076293945,42.70000076293945,35.1356315612793,86300
2018-09-20,42.7400016784668,42.83000183105469,42.61000061035156,42.619998931884766,35.06980895996094,94300
2018-09-21,42.619998931884766,42.7599983215332,42.619998931884766,42.720001220703125,35.1520881652832,33500
2018-09-24,42.630001068115234,42.77000045776367,42.630001068115234,42.66999816894531,35.1109504699707,30600
2018-09-25,42.68000030517578,42.689998626708984,42.45000076293945,42.4900016784668,34.96284103393555,65800
2018-09-26,42.470001220703125,42.63999938964844,42.470001220703125,42.54999923706055,35.012203216552734,38800
2018-09-27,42.540000915527344,42.66999816894531,42.529998779296875,42.58000183105469,35.03688430786133,35900
2018-09-28,42.599998474121094,42.689998626708984,42.599998474121094,42.630001068115234,35.0780143737793,43000
2018-10-01,42.41999816894531,42.599998474121094,41.959999084472656,41.97999954223633,34.70601272583008,421800
2018-10-02,41.9900016784668,42.13999938964844,41.900001525878906,41.900001525878906,34.63986587524414,188300
2018-10-03,42.0099983215332,42.0099983215332,41.470001220703125,41.560001373291016,34.35877227783203,207100
2018-10-04,41.31999969482422,41.459999084472656,41.130001068115234,41.279998779296875,34.127296447753906,424000
2018-10-05,41.18000030517578,41.22999954223633,41.02000045776367,41.189998626708984,34.05288314819336,433600
2018-10-08,41.060001373291016,41.220001220703125,41.0,41.15999984741211,34.0280876159668,106700
2018-10-09,41.08000183105469,41.349998474121094,41.08000183105469,41.290000915527344,34.13556671142578,79600
2018-10-10,41.29999923706055,41.310001373291016,40.939998626708984,41.029998779296875,33.92060470581055,99100
2018-10-11,40.970001220703125,41.209999084472656,40.970001220703125,41.040000915527344,33.92888641357422,269900
2018-10-12,41.20000076293945,41.290000915527344,41.02000045776367,41.13999938964844,34.01154708862305,165100
2018-10-15,41.09000015258789,41.13999938964844,41.0099983215332,41.119998931884766,33.99501419067383,98500
2018-10-16,41.099998474121094,41.27000045776367,41.099998474121094,41.189998626708984,34.05288314819336,43300
2018-10-17,41.119998931884766,41.2599983215332,41.11000061035156,41.209999084472656,34.06942367553711,65900
2018-10-18,41.2400016784668,41.31999969482422,41.209999084472656,41.31999969482422,34.160369873046875,48700
2018-10-19,41.279998779296875,41.5,41.279998779296875,41.459999084472656,34.27610397338867,80400
2018-10-22,41.54999923706055,41.63999938964844,41.41999816894531,41.61000061035156,34.40011978149414,47900
2018-10-23,41.45000076293945,41.619998931884766,41.40999984741211,41.56999969482422,34.36705017089844,81100
2018-10-24,41.4900016784668,41.630001068115234,41.189998626708984,41.560001373291016,34.35877227783203,46000
2018-10-25,41.5,41.689998626708984,41.5,41.63999938964844,34.424922943115234,42500
2018-10-26,41.5099983215332,41.689998626708984,41.43000030517578,41.540000915527344,34.34223937988281,64600
2018-10-29,41.599998474121094,41.70000076293945,41.59000015258789,41.619998931884766,34.40839767456055,53300
2018-10-30,41.59000015258789,41.68000030517578,41.5,41.560001373291016,34.35877227783203,83100
2018-10-31,41.66999816894531,41.689998626708984,41.540000915527344,41.58000183105469,34.375328063964844,28100
2018-11-01,41.41999816894531,41.54999923706055,41.34000015258789,41.45000076293945,34.43345642089844,35100
2018-11-02,41.470001220703125,41.619998931884766,41.25,41.29999923706055,34.30885696411133,68500
2018-11-05,41.189998626708984,41.380001068115234,41.189998626708984,41.36000061035156,34.35870361328125,70100
2018-11-06,41.349998474121094,41.439998626708984,41.349998474121094,41.369998931884766,34.367000579833984,114300
2018-11-07,41.470001220703125,41.900001525878906,41.459999084472656,41.47999954223633,34.45838165283203,84900
2018-11-08,41.540000915527344,41.619998931884766,41.38999938964844,41.41999816894531,34.40854263305664,103800
2018-11-09,41.369998931884766,41.47999954223633,41.369998931884766,41.439998626708984,34.42515563964844,69400
2018-11-12,41.34000015258789,41.5,41.34000015258789,41.369998931884766,34.367000579833984,100200
2018-11-13,41.349998474121094,41.86000061035156,41.34000015258789,41.34000015258789,34.34208679199219,28700
2018-11-14,41.43000030517578,41.47999954223633,41.2400016784668,41.2400016784668,34.25901794433594,50400
2018-11-15,41.27000045776367,41.38999938964844,41.0,41.04999923706055,34.10116195678711,67700
2018-11-16,41.029998779296875,41.11000061035156,40.970001220703125,41.06999969482422,34.11777877807617,76700
2018-11-19,41.06999969482422,41.18000030517578,40.880001068115234,40.95000076293945,34.01810836791992,43500
2018-11-20,40.880001068115234,40.880001068115234,40.61000061035156,40.65999984741211,33.77719497680664,254200
2018-11-21,40.70000076293945,40.880001068115234,40.70000076293945,40.79999923706055,33.89349365234375,83600
2018-11-23,40.650001525878906,40.84000015258789,40.650001525878906,40.83000183105469,33.91841506958008,23900
2018-11-26,40.95000076293945,40.95000076293945,40.68000030517578,40.7599983215332,33.86025619506836,100300
2018-11-27,40.70000076293945,40.75,40.599998474121094,40.650001525878906,33.768890380859375,82500
2018-11-28,40.65999984741211,40.84000015258789,40.560001373291016,40.63999938964844,33.76057815551758,161200
2018-11-29,40.65999984741211,40.7400016784668,40.52000045776367,40.52000045776367,33.660888671875,87500
2018-11-30,40.5099983215332,40.63999938964844,40.29999923706055,40.34000015258789,33.5113639831543,115700
2018-12-03,40.45000076293945,40.45000076293945,40.119998931884766,40.18000030517578,33.544761657714844,79900
2018-12-04,40.25,40.25,39.849998474121094,40.02000045776367,33.41117477416992,188700
2018-12-06,39.900001525878906,39.959999084472656,39.619998931884766,39.90999984741211,33.319332122802734,767600
2018-12-07,40.0099983215332,40.119998931884766,39.84000015258789,39.91999816894531,33.327693939208984,590200
2018-12-10,39.900001525878906,39.970001220703125,39.7400016784668,39.86000061035156,33.277587890625,750400
2018-12-11,39.880001068115234,40.099998474121094,39.869998931884766,39.95000076293945,33.35273361206055,537700
2018-12-12,40.0,40.189998626708984,39.970001220703125,39.970001220703125,33.36944580078125,598600
2018-12-13,40.06999969482422,40.11000061035156,39.849998474121094,39.939998626708984,33.34437561035156,171700
2018-12-14,39.77000045776367,39.939998626708984,39.77000045776367,39.88999938964844,33.302650451660156,148000
2018-12-17,39.900001525878906,39.959999084472656,39.61000061035156,39.66999816894531,33.11898422241211,209000
2018-12-18,39.7599983215332,39.900001525878906,39.529998779296875,39.63999938964844,33.093929290771484,233600
2018-12-19,39.400001525878906,39.63999938964844,39.22999954223633,39.31999969482422,33.12847900390625,253000
2018-12-20,39.25,39.41999816894531,38.790000915527344,39.0099983215332,32.867286682128906,186200
2018-12-21,38.86000061035156,39.099998474121094,38.86000061035156,38.970001220703125,32.83358383178711,380700
2018-12-24,38.95000076293945,39.09000015258789,38.54999923706055,38.66999816894531,32.580814361572266,127800
2018-12-26,38.83000183105469,38.959999084472656,38.709999084472656,38.900001525878906,32.774620056152344,223700
2018-12-27,38.75,38.900001525878906,38.529998779296875,38.720001220703125,32.62295150756836,170700
2018-12-28,38.61000061035156,39.25,38.61000061035156,39.209999084472656,33.03580093383789,229100
2018-12-31,39.29999923706055,39.599998474121094,39.29999923706055,39.560001373291016,33.3306884765625,226600
2019-01-02,39.5,40.11000061035156,39.40999984741211,40.029998779296875,33.72666931152344,85500
2019-01-03,40.0,40.27000045776367,39.95000076293945,40.220001220703125,33.88675308227539,296800
2019-01-04,40.41999816894531,40.720001220703125,40.41999816894531,40.65999984741211,34.25747299194336,146200
2019-01-07,40.83000183105469,41.02000045776367,40.7599983215332,40.810001373291016,34.38385009765625,251400
2019-01-08,40.91999816894531,40.97999954223633,40.66999816894531,40.880001068115234,34.44282913208008,92600
2019-01-09,40.900001525878906,40.95000076293945,40.630001068115234,40.81999969482422,34.39228057861328,101400
2019-01-10,40.900001525878906,40.93000030517578,40.619998931884766,40.880001068115234,34.44282913208008,292200
2019-01-11,40.86000061035156,41.13999938964844,40.86000061035156,41.13999938964844,34.66187286376953,65400
2019-01-14,41.119998931884766,41.220001220703125,40.97999954223633,41.119998931884766,34.645042419433594,99500
2019-01-15,41.06999969482422,41.220001220703125,41.029998779296875,41.06999969482422,34.6029052734375,52400
2019-01-16,41.189998626708984,41.209999084472656,40.970001220703125,40.970001220703125,34.51865768432617,88900
2019-01-17,40.95000076293945,41.15999984741211,40.869998931884766,41.099998474121094,34.628196716308594,90600
2019-01-18,41.189998626708984,41.33000183105469,41.060001373291016,41.33000183105469,34.82196807861328,94900
2019-01-22,41.27000045776367,41.279998779296875,41.119998931884766,41.150001525878906,34.67032241821289,86300
2019-01-23,41.209999084472656,41.27000045776367,41.02000045776367,41.119998931884766,34.645042419433594,92500
2019-01-24,41.130001068115234,41.29999923706055,41.08000183105469,41.279998779296875,34.77983474731445,68200
2019-01-25,41.29999923706055,41.52000045776367,41.279998779296875,41.45000076293945,34.9230842590332,63800
2019-01-28,41.400001525878906,41.61000061035156,41.31999969482422,41.5099983215332,34.97362518310547,113600
2019-01-29,41.619998931884766,41.709999084472656,41.529998779296875,41.599998474121094,35.049461364746094,51100
2019-01-30,41.75,41.84000015258789,41.54999923706055,41.810001373291016,35.226383209228516,48400
2019-01-31,41.72999954223633,42.0,41.72999954223633,41.970001220703125,35.3611946105957,113600
2019-02-01,41.84000015258789,41.90999984741211,41.61000061035156,41.81999969482422,35.403507232666016,121200
2019-02-04,41.88999938964844,41.90999984741211,41.68000030517578,41.7400016784668,35.335792541503906,125800
2019-02-05,41.88999938964844,41.93000030517578,41.790000915527344,41.84000015258789,35.42045211791992,89600
2019-02-06,41.900001525878906,41.91999816894531,41.619998931884766,41.72999954223633,35.327335357666016,127200
2019-02-07,41.63999938964844,41.93000030517578,41.540000915527344,41.59000015258789,35.20881652832031,149300
2019-02-08,41.58000183105469,41.70000076293945,41.529998779296875,41.66999816894531,35.27652359008789,74600
2019-02-11,41.66999816894531,41.7599983215332,41.61000061035156,41.72999954223633,35.327335357666016,117800
2019-02-12,41.88999938964844,41.90999984741211,41.70000076293945,41.900001525878906,35.471248626708984,177500
2019-02-13,41.86000061035156,42.029998779296875,41.849998474121094,42.0099983215332,35.56437301635742,89500
2019-02-14,42.099998474121094,42.119998931884766,41.90999984741211,42.06999969482422,35.61515808105469,82800
2019-02-15,42.279998779296875,42.279998779296875,42.040000915527344,42.209999084472656,35.73368835449219,206700
2019-02-19,42.209999084472656,42.279998779296875,42.189998626708984,42.2599983215332,35.7760009765625,94900
2019-02-20,42.36000061035156,42.38999938964844,42.189998626708984,42.2599983215332,35.7760009765625,62300
2019-02-21,42.33000183105469,42.33000183105469,42.11000061035156,42.189998626708984,35.71675109863281,92500
2019-02-22,42.150001525878906,42.290000915527344,42.150001525878906,42.25,35.76755142211914,60700
2019-02-25,42.220001220703125,42.31999969482422,42.209999084472656,42.290000915527344,35.80140686035156,101900
2019-02-26,42.380001068115234,42.380001068115234,42.189998626708984,42.290000915527344,35.80140686035156,79900
2019-02-27,42.279998779296875,42.310001373291016,42.189998626708984,42.279998779296875,35.79294967651367,96100
2019-02-28,42.279998779296875,42.369998931884766,42.22999954223633,42.29999923706055,35.80986785888672,86800
2019-03-01,42.22999954223633,42.400001525878906,42.22999954223633,42.400001525878906,36.06505584716797,232600
2019-03-04,42.5,42.63999938964844,42.2400016784668,42.380001068115234,36.04804992675781,57300
2019-03-05,42.36000061035156,42.400001525878906,42.2400016784668,42.400001525878906,36.06505584716797,85600
2019-03-06,42.47999954223633,42.54999923706055,42.31999969482422,42.540000915527344,36.18414306640625,134300
2019-03-07,42.4900016784668,42.65999984741211,42.31999969482422,42.36000061035156,36.031028747558594,77300
2019-03-08,42.34000015258789,42.54999923706055,42.22999954223633,42.439998626708984,36.09907531738281,94100
2019-03-11,42.43000030517578,42.52000045776367,42.34000015258789,42.380001068115234,36.04804992675781,140200
2019-03-12,42.34000015258789,42.529998779296875,42.34000015258789,42.529998779296875,36.175628662109375,95800
2019-03-13,42.52000045776367,42.650001525878906,42.439998626708984,42.540000915527344,36.18414306640625,173200
2019-03-14,42.540000915527344,42.61000061035156,42.5099983215332,42.59000015258789,36.22665786743164,98600
2019-03-15,42.689998626708984,42.72999954223633,42.61000061035156,42.66999816894531,36.294708251953125,112600
2019-03-18,42.77000045776367,42.77000045776367,42.619998931884766,42.63999938964844,36.26919937133789,116600
2019-03-19,42.75,42.75,42.45000076293945,42.52000045776367,36.16710662841797,95700
2019-03-20,42.61000061035156,42.61000061035156,42.29999923706055,42.47999954223633,36.13311004638672,81500
2019-03-21,42.5,42.59000015258789,42.4900016784668,42.59000015258789,36.22665786743164,90300
2019-03-22,42.54999923706055,42.560001373291016,42.439998626708984,42.5099983215332,36.15861892700195,83100
2019-03-25,42.459999084472656,42.5099983215332,42.36000061035156,42.36000061035156,36.031028747558594,71200
2019-03-26,42.38999938964844,42.540000915527344,42.349998474121094,42.41999816894531,36.082069396972656,83600
2019-03-27,42.41999816894531,42.47999954223633,42.349998474121094,42.41999816894531,36.082069396972656,69800
2019-03-28,42.45000076293945,42.529998779296875,42.45000076293945,42.5,36.15011215209961,69800
2019-03-29,42.650001525878906,42.68000030517578,42.5,42.68000030517578,36.30322265625,300800
2019-04-01,42.630001068115234,42.709999084472656,42.459999084472656,42.709999084472656,36.49977111816406,138500
2019-04-02,42.72999954223633,42.72999954223633,42.529998779296875,42.650001525878906,36.44850540161133,145900
2019-04-03,42.66999816894531,42.720001220703125,42.65999984741211,42.720001220703125,36.50831985473633,71500
2019-04-04,42.68000030517578,42.779998779296875,42.68000030517578,42.779998779296875,36.559593200683594,58300
2019-04-05,42.86000061035156,42.86000061035156,42.779998779296875,42.84000015258789,36.610877990722656,94400
2019-04-08,42.790000915527344,42.83000183105469,42.70000076293945,42.72999954223633,36.516868591308594,70100
2019-04-09,42.70000076293945,42.75,42.540000915527344,42.599998474121094,36.405765533447266,83400
2019-04-10,42.68000030517578,42.70000076293945,42.599998474121094,42.650001525878906,36.44850540161133,66100
2019-04-11,42.7400016784668,42.7400016784668,42.619998931884766,42.66999816894531,36.46558380126953,132900
2019-04-12,42.70000076293945,42.7599983215332,42.66999816894531,42.72999954223633,36.516868591308594,87200
2019-04-15,42.75,42.7599983215332,42.709999084472656,42.7599983215332,36.54250717163086,290900
2019-04-16,42.7599983215332,42.849998474121094,42.7599983215332,42.849998474121094,36.619422912597656,295500
2019-04-17,42.88999938964844,42.88999938964844,42.7599983215332,42.81999969482422,36.59376907348633,161000
2019-04-18,42.849998474121094,42.849998474121094,42.7400016784668,42.79999923706055,36.576683044433594,152200
2019-04-22,42.779998779296875,42.79999923706055,42.689998626708984,42.75,36.53395462036133,353800
2019-04-23,42.75,42.84000015258789,42.72999954223633,42.81999969482422,36.59376907348633,102600
2019-04-24,42.84000015258789,42.900001525878906,42.810001373291016,42.86000061035156,36.627952575683594,110700
2019-04-25,42.91999816894531,42.91999816894531,42.70000076293945,42.77000045776367,36.55105209350586,133500
2019-04-26,42.75,42.83000183105469,42.68000030517578,42.75,36.53395462036133,78400
2019-04-29,42.720001220703125,42.86000061035156,42.70000076293945,42.83000183105469,36.60233688354492,143600
2019-04-30,42.880001068115234,42.880001068115234,42.77000045776367,42.790000915527344,36.56814193725586,81600
2019-05-01,42.560001373291016,42.720001220703125,42.540000915527344,42.650001525878906,36.619659423828125,111000
2019-05-02,42.70000076293945,42.81999969482422,42.619998931884766,42.65999984741211,36.62825393676758,124200
2019-05-03,42.779998779296875,42.779998779296875,42.58000183105469,42.630001068115234,36.60248565673828,133000
2019-05-06,42.529998779296875,42.650001525878906,42.529998779296875,42.63999938964844,36.6110725402832,95900
2019-05-07,42.54999923706055,42.650001525878906,42.47999954223633,42.540000915527344,36.52521514892578,151100
2019-05-08,42.599998474121094,42.630001068115234,42.54999923706055,42.599998474121094,36.576725006103516,91700
2019-05-09,42.56999969482422,42.630001068115234,42.439998626708984,42.599998474121094,36.576725006103516,425600
2019-05-10,42.560001373291016,42.65999984741211,42.54999923706055,42.65999984741211,36.62825393676758,125000
2019-05-13,42.630001068115234,42.630001068115234,42.5,42.560001373291016,36.54239273071289,148200
2019-05-14,42.58000183105469,42.70000076293945,42.540000915527344,42.68000030517578,36.64542007446289,114500
2019-05-15,42.66999816894531,42.84000015258789,42.599998474121094,42.79999923706055,36.74844741821289,137300
2019-05-16,42.90999984741211,42.95000076293945,42.81999969482422,42.900001525878906,36.83430862426758,110200
2019-05-17,42.939998626708984,42.939998626708984,42.79999923706055,42.849998474121094,36.7913818359375,92500
2019-05-20,42.79999923706055,42.88999938964844,42.650001525878906,42.65999984741211,36.62825393676758,77200
2019-05-21,42.65999984741211,42.79999923706055,42.65999984741211,42.7599983215332,36.714115142822266,77200
2019-05-22,42.84000015258789,42.86000061035156,42.7599983215332,42.810001373291016,36.75703430175781,140900
2019-05-23,42.81999969482422,42.83000183105469,42.720001220703125,42.77000045776367,36.72269821166992,93300
2019-05-24,42.81999969482422,42.900001525878906,42.79999923706055,42.900001525878906,36.83430862426758,86200
2019-05-28,42.869998931884766,42.91999816894531,42.869998931884766,42.88999938964844,36.82573318481445,130900
2019-05-29,42.81999969482422,42.939998626708984,42.81999969482422,42.90999984741211,36.84290313720703,98500
2019-05-30,42.95000076293945,43.0,42.90999984741211,43.0,36.920169830322266,93000
2019-05-31,42.91999816894531,42.9900016784668,42.900001525878906,42.91999816894531,36.85148239135742,151700
2019-06-03,43.0,43.0,42.689998626708984,42.779998779296875,36.90324783325195,75100
2019-06-04,42.880001068115234,42.91999816894531,42.77000045776367,42.91999816894531,37.024009704589844,102400
2019-06-05,42.91999816894531,42.93000030517578,42.849998474121094,42.900001525878906,37.00675582885742,179900
2019-06-06,42.93000030517578,42.93000030517578,42.849998474121094,42.88999938964844,36.998138427734375,95300
2019-06-07,42.93000030517578,43.0,42.90999984741211,43.0,37.093017578125,707300
2019-06-10,43.0,43.08000183105469,43.0,43.029998779296875,37.118896484375,117900
2019-06-11,43.189998626708984,43.189998626708984,42.91999816894531,43.0,37.093017578125,113000
2019-06-12,42.9900016784668,43.04999923706055,42.95000076293945,42.97999954223633,37.075767517089844,73600
2019-06-13,43.060001373291016,43.060001373291016,42.97999954223633,43.04999923706055,37.13615417480469,565400
2019-06-14,43.09000015258789,43.11000061035156,43.0,43.09000015258789,37.170654296875,337400
2019-06-17,43.18000030517578,43.20000076293945,43.119998931884766,43.18000030517578,37.248291015625,96400
2019-06-18,43.16999816894531,43.34000015258789,43.16999816894531,43.290000915527344,37.343177795410156,240300
2019-06-19,43.25,43.31999969482422,43.25,43.31999969482422,37.36906051635742,130800
2019-06-20,43.5,43.5,43.310001373291016,43.349998474121094,37.39493179321289,331900
2019-06-21,43.349998474121094,43.45000076293945,43.2599983215332,43.34000015258789,37.386314392089844,109500
2019-06-24,43.380001068115234,43.380001068115234,43.189998626708984,43.27000045776367,37.325931549072266,139500
2019-06-25,43.34000015258789,43.34000015258789,43.20000076293945,43.22999954223633,37.29143524169922,383700
2019-06-26,43.2599983215332,43.2599983215332,43.16999816894531,43.189998626708984,37.25693130493164,131700
2019-06-27,43.27000045776367,43.279998779296875,43.13999938964844,43.18000030517578,37.248291015625,129500
2019-06-28,43.2599983215332,43.2599983215332,43.18000030517578,43.209999084472656,37.274173736572266,114700
2019-07-01,43.040000915527344,43.209999084472656,42.959999084472656,42.970001220703125,37.239505767822266,113700
2019-07-02,43.040000915527344,43.15999984741211,42.95000076293945,43.13999938964844,37.38682174682617,110000
2019-07-03,43.20000076293945,43.2400016784668,43.18000030517578,43.220001220703125,37.45616912841797,75300
2019-07-05,43.18000030517578,43.20000076293945,43.04999923706055,43.189998626708984,37.4301643371582,75700
2019-07-08,43.099998474121094,43.150001525878906,43.040000915527344,43.150001525878906,37.395503997802734,62700
2019-07-09,43.22999954223633,43.22999954223633,43.13999938964844,43.189998626708984,37.4301643371582,282100
2019-07-10,43.31999969482422,43.31999969482422,43.119998931884766,43.27000045776367,37.4995002746582,180400
2019-07-11,43.33000183105469,43.33000183105469,43.2400016784668,43.279998779296875,37.50817108154297,114200
2019-07-12,43.29999923706055,43.310001373291016,43.27000045776367,43.310001373291016,37.534156799316406,74800
2019-07-15,43.38999938964844,43.38999938964844,43.290000915527344,43.349998474121094,37.56882858276367,157500
2019-07-16,43.34000015258789,43.400001525878906,43.33000183105469,43.400001525878906,37.612159729003906,197000
2019-07-17,43.400001525878906,43.58000183105469,43.36000061035156,43.58000183105469,37.76816940307617,854600
2019-07-18,43.529998779296875,43.619998931884766,43.529998779296875,43.619998931884766,37.802818298339844,165100
2019-07-19,43.7599983215332,43.7599983215332,43.59000015258789,43.630001068115234,37.81148910522461,156300
2019-07-22,43.63999938964844,43.709999084472656,43.630001068115234,43.68000030517578,37.85481643676758,142400
2019-07-23,43.68000030517578,43.720001220703125,43.65999984741211,43.689998626708984,37.863494873046875,117100
2019-07-24,43.689998626708984,43.849998474121094,43.689998626708984,43.849998474121094,38.00214385986328,113100
2019-07-25,43.79999923706055,43.86000061035156,43.65999984741211,43.709999084472656,37.88080596923828,153000
2019-07-26,43.7400016784668,43.77000045776367,43.709999084472656,43.77000045776367,37.93281555175781,104800
2019-07-29,43.720001220703125,43.93000030517578,43.720001220703125,43.869998931884766,38.019493103027344,90700
2019-07-30,43.880001068115234,43.90999984741211,43.810001373291016,43.81999969482422,37.97614669799805,150500
2019-07-31,43.880001068115234,43.95000076293945,43.79999923706055,43.939998626708984,38.08014678955078,200700
2019-08-01,43.720001220703125,43.84000015258789,43.63999938964844,43.689998626708984,38.036617279052734,172100
2019-08-02,43.70000076293945,43.75,43.540000915527344,43.7400016784668,38.08014678955078,200100
2019-08-05,43.650001525878906,43.79999923706055,43.29999923706055,43.38999938964844,37.77543640136719,177100
2019-08-06,43.470001220703125,43.47999954223633,43.369998931884766,43.459999084472656,37.83638000488281,86100
2019-08-07,43.439998626708984,43.45000076293945,43.310001373291016,43.34000015258789,37.731910705566406,117000
2019-08-08,43.380001068115234,43.459999084472656,43.349998474121094,43.45000076293945,37.82768249511719,175300
2019-08-09,43.45000076293945,43.58000183105469,43.41999816894531,43.58000183105469,37.940853118896484,60700
2019-08-12,43.47999954223633,43.66999816894531,43.47999954223633,43.63999938964844,37.99308395385742,215900
2019-08-13,43.630001068115234,43.810001373291016,43.59000015258789,43.79999923706055,38.13237762451172,92000
2019-08-14,43.66999816894531,43.97999954223633,43.619998931884766,43.880001068115234,38.20203399658203,254300
2019-08-15,43.88999938964844,44.09000015258789,43.7599983215332,44.0099983215332,38.31521224975586,111200
2019-08-16,44.060001373291016,44.099998474121094,43.900001525878906,43.97999954223633,38.289085388183594,109500
2019-08-19,44.09000015258789,44.119998931884766,43.91999816894531,43.91999816894531,38.23686218261719,130300
2019-08-20,43.970001220703125,44.04999923706055,43.93000030517578,44.040000915527344,38.34133529663086,79000
2019-08-21,44.099998474121094,44.13999938964844,44.029998779296875,44.130001068115234,38.419681549072266,89000
2019-08-22,44.2400016784668,44.2400016784668,44.08000183105469,44.189998626708984,38.471920013427734,146700
2019-08-23,44.209999084472656,44.209999084472656,44.06999969482422,44.06999969482422,38.36745071411133,115700
2019-08-26,44.060001373291016,44.09000015258789,44.0,44.06999969482422,38.36745071411133,125800
2019-08-27,44.09000015258789,44.11000061035156,43.97999954223633,44.06999969482422,38.36745071411133,65800
2019-08-28,44.08000183105469,44.20000076293945,44.08000183105469,44.15999984741211,38.44580078125,85600
2019-08-29,44.25,44.27000045776367,44.099998474121094,44.099998474121094,38.39356231689453,118100
2019-08-30,44.15999984741211,44.20000076293945,44.060001373291016,44.130001068115234,38.419681549072266,112000
2019-09-03,43.91999816894531,43.97999954223633,43.88999938964844,43.90999984741211,38.40217590332031,114300
2019-09-04,44.040000915527344,44.09000015258789,43.95000076293945,44.08000183105469,38.550872802734375,166200
2019-09-05,44.099998474121094,44.15999984741211,43.970001220703125,44.08000183105469,38.550872802734375,141600
2019-09-06,44.09000015258789,44.119998931884766,44.02000045776367,44.11000061035156,38.57709884643555,97200
2019-09-09,44.150001525878906,44.150001525878906,44.02000045776367,44.08000183105469,38.550872802734375,83200
2019-09-10,44.06999969482422,44.11000061035156,43.79999923706055,43.86000061035156,38.358463287353516,144900
2019-09-11,43.83000183105469,43.900001525878906,43.75,43.75,38.26225662231445,134100
2019-09-12,43.86000061035156,43.88999938964844,43.72999954223633,43.849998474121094,38.34971237182617,105500
2019-09-13,43.880001068115234,43.93000030517578,43.150001525878906,43.41999816894531,37.9736442565918,216000
2019-09-16,43.349998474121094,43.529998779296875,43.349998474121094,43.529998779296875,38.069854736328125,62200
2019-09-17,43.560001373291016,43.70000076293945,43.5,43.70000076293945,38.21853256225586,76600
2019-09-18,43.689998626708984,43.84000015258789,43.630001068115234,43.83000183105469,38.33222961425781,70500
2019-09-19,43.849998474121094,43.9900016784668,43.849998474121094,43.939998626708984,38.42842483520508,171000
2019-09-20,44.02000045776367,44.06999969482422,43.91999816894531,44.029998779296875,38.50713348388672,99300
2019-09-23,43.959999084472656,44.18000030517578,43.79999923706055,44.130001068115234,38.5945930480957,183400
2019-09-24,44.15999984741211,44.20000076293945,44.08000183105469,44.130001068115234,38.5945930480957,107400
2019-09-25,44.119998931884766,44.13999938964844,44.060001373291016,44.119998931884766,38.58584213256836,123700
2019-09-26,44.11000061035156,44.15999984741211,44.029998779296875,44.119998931884766,38.58584213256836,117500
2019-09-27,44.11000061035156,44.20000076293945,44.09000015258789,44.18000030517578,38.63831329345703,220100
2019-09-30,44.20000076293945,44.20000076293945,44.150001525878906,44.15999984741211,38.62083053588867,169900
2019-10-01,43.959999084472656,44.099998474121094,43.959999084472656,43.9900016784668,38.64719009399414,106800
2019-10-02,43.9900016784668,44.040000915527344,43.79999923706055,44.0,38.655975341796875,168800
2019-10-03,43.90999984741211,44.0,43.849998474121094,43.9900016784668,38.64719009399414,102600
2019-10-04,44.0,44.08000183105469,43.939998626708984,44.0,38.655975341796875,123800
2019-10-07,44.0,44.040000915527344,43.939998626708984,44.0,38.655975341796875,118800
2019-10-08,43.970001220703125,44.06999969482422,43.84000015258789,43.9900016784668,38.64719009399414,252300
2019-10-09,44.0,44.040000915527344,43.939998626708984,44.02000045776367,38.673545837402344,110800
2019-10-10,44.02000045776367,44.060001373291016,43.97999954223633,44.060001373291016,38.70869064331055,210600
2019-10-11,44.09000015258789,44.15999984741211,43.970001220703125,44.08000183105469,38.72626876831055,94800
2019-10-14,44.119998931884766,44.31999969482422,44.099998474121094,44.290000915527344,38.91074752807617,129800
2019-10-15,44.29999923706055,44.34000015258789,44.20000076293945,44.279998779296875,38.90196228027344,119200
2019-10-16,44.22999954223633,44.380001068115234,44.20000076293945,44.380001068115234,38.98981857299805,105900
2019-10-17,44.400001525878906,44.400001525878906,44.25,44.31999969482422,38.93711471557617,159400
2019-10-18,44.2400016784668,44.36000061035156,44.22999954223633,44.2400016784668,38.86683654785156,106100
2019-10-21,44.20000076293945,44.29999923706055,44.20000076293945,44.2400016784668,38.86683654785156,115300
2019-10-22,44.20000076293945,44.29999923706055,44.20000076293945,44.29999923706055,38.919532775878906,144000
2019-10-23,44.27000045776367,44.380001068115234,44.27000045776367,44.369998931884766,38.98103713989258,112500
2019-10-24,44.31999969482422,44.400001525878906,44.29999923706055,44.380001068115234,38.98981857299805,104800
2019-10-25,44.380001068115234,44.400001525878906,44.310001373291016,44.36000061035156,38.97225570678711,621500
2019-10-28,44.36000061035156,44.38999938964844,44.279998779296875,44.31999969482422,38.93711471557617,129800
2019-10-29,44.310001373291016,44.31999969482422,44.130001068115234,44.13999938964844,38.77895736694336,243100
2019-10-30,44.119998931884766,44.189998626708984,44.060001373291016,44.18000030517578,38.81410598754883,94300
2019-10-31,44.130001068115234,44.25,44.130001068115234,44.16999816894531,38.80532455444336,104400
2019-11-01,44.0,44.130001068115234,43.83000183105469,43.90999984741211,38.7347526550293,98400
2019-11-04,43.959999084472656,43.9900016784668,43.86000061035156,43.90999984741211,38.7347526550293,111400
2019-11-05,43.86000061035156,43.900001525878906,43.709999084472656,43.75,38.59360885620117,255900
2019-11-06,43.779998779296875,43.900001525878906,43.720001220703125,43.7599983215332,38.60243225097656,87200
2019-11-07,43.75,43.77000045776367,43.43000030517578,43.45000076293945,38.32897186279297,136300
2019-11-08,43.45000076293945,43.63999938964844,43.43000030517578,43.560001373291016,38.42601013183594,322700
2019-11-11,43.54999923706055,43.58000183105469,43.40999984741211,43.439998626708984,38.32014083862305,102300
2019-11-12,43.5099983215332,43.619998931884766,43.439998626708984,43.599998474121094,38.46128845214844,99600
2019-11-13,43.689998626708984,43.7599983215332,43.66999816894531,43.7599983215332,38.60243225097656,99100
2019-11-14,43.75,43.869998931884766,43.75,43.77000045776367,38.61124801635742,61100
2019-11-15,43.93000030517578,43.93000030517578,43.810001373291016,43.81999969482422,38.65536117553711,54300
2019-11-18,43.790000915527344,43.880001068115234,43.75,43.779998779296875,38.62007141113281,104300
2019-11-19,43.88999938964844,43.91999816894531,43.720001220703125,43.79999923706055,38.637718200683594,505900
2019-11-20,43.72999954223633,43.81999969482422,43.720001220703125,43.779998779296875,38.62007141113281,65000
2019-11-21,43.70000076293945,43.790000915527344,43.68000030517578,43.72999954223633,38.575965881347656,61900
2019-11-22,43.77000045776367,43.849998474121094,43.68000030517578,43.7400016784668,38.58479309082031,420300
2019-11-25,43.75,43.790000915527344,43.70000076293945,43.7400016784668,38.58479309082031,98700
2019-11-26,43.77000045776367,43.83000183105469,43.70000076293945,43.75,38.59360885620117,67300
2019-11-27,43.75,43.79999923706055,43.650001525878906,43.66999816894531,38.52303695678711,502300
2019-11-29,43.66999816894531,43.66999816894531,43.47999954223633,43.54999923706055,38.41718292236328,62900
2019-12-02,43.459999084472656,43.459999084472656,43.119998931884766,43.16999816894531,38.231201171875,137700
2019-12-03,43.220001220703125,43.25,43.11000061035156,43.22999954223633,38.28435134887695,108900
2019-12-04,43.22999954223633,43.34000015258789,43.220001220703125,43.2400016784668,38.293209075927734,143500
2019-12-05,43.31999969482422,43.33000183105469,43.150001525878906,43.20000076293945,38.257781982421875,84500
2019-12-06,43.20000076293945,43.33000183105469,43.20000076293945,43.29999923706055,38.34632873535156,111600
2019-12-09,43.22999954223633,43.400001525878906,43.22999954223633,43.27000045776367,38.31977081298828,94000
2019-12-10,43.290000915527344,43.38999938964844,43.2400016784668,43.31999969482422,38.36404800415039,165300
2019-12-11,43.369998931884766,43.5,43.36000061035156,43.5,38.5234489440918,140400
2019-12-12,43.52000045776367,43.65999984741211,43.380001068115234,43.560001373291016,38.57659912109375,94500
2019-12-13,43.56999969482422,43.810001373291016,43.56999969482422,43.77000045776367,38.7625617980957,76300
2019-12-16,43.81999969482422,43.880001068115234,43.77000045776367,43.869998931884766,38.85112762451172,159800
2019-12-17,43.869998931884766,43.9900016784668,43.5,43.97999954223633,38.94853973388672,502000
2019-12-18,44.06999969482422,44.06999969482422,43.9900016784668,44.04999923706055,39.01053237915039,203900
2019-12-19,44.029998779296875,44.150001525878906,43.93000030517578,44.11000061035156,39.063663482666016,172000
2019-12-20,43.83000183105469,43.93000030517578,43.810001373291016,43.849998474121094,39.05031967163086,208900
2019-12-23,43.849998474121094,43.970001220703125,43.810001373291016,43.93000030517578,39.12155532836914,82200
2019-12-24,43.93000030517578,44.060001373291016,43.93000030517578,44.0099983215332,39.19279479980469,64800
2019-12-26,44.119998931884766,44.119998931884766,44.0099983215332,44.060001373291016,39.23732376098633,105300
2019-12-27,44.20000076293945,44.20000076293945,44.029998779296875,44.06999969482422,39.2462272644043,80600
2019-12-30,44.04999923706055,44.11000061035156,43.869998931884766,44.0,39.18389892578125,144800
2019-12-31,43.97999954223633,44.0099983215332,43.880001068115234,44.0099983215332,39.19279479980469,97500
2020-01-02,44.029998779296875,44.310001373291016,44.02000045776367,44.29999923706055,39.4510612487793,351000
2020-01-03,44.33000183105469,44.43000030517578,44.279998779296875,44.36000061035156,39.504486083984375,284200
2020-01-06,44.220001220703125,44.38999938964844,44.220001220703125,44.36000061035156,39.504486083984375,399700
2020-01-07,44.29999923706055,44.369998931884766,44.2400016784668,44.279998779296875,39.43324661254883,113500
2020-01-08,44.36000061035156,44.38999938964844,44.279998779296875,44.369998931884766,39.513397216796875,135900
2020-01-09,44.369998931884766,44.40999984741211,44.29999923706055,44.38999938964844,39.531211853027344,509600
2020-01-10,44.400001525878906,44.47999954223633,44.349998474121094,44.459999084472656,39.593536376953125,411100
2020-01-13,44.459999084472656,44.529998779296875,44.41999816894531,44.529998779296875,39.65586853027344,255500
2020-01-14,44.470001220703125,44.54999923706055,44.40999984741211,44.5,39.6291618347168,480300
2020-01-15,44.529998779296875,44.54999923706055,44.400001525878906,44.439998626708984,39.57572937011719,718500
2020-01-16,44.5,44.529998779296875,44.43000030517578,44.47999954223633,39.611351013183594,678100
2020-01-17,44.45000076293945,44.54999923706055,44.40999984741211,44.52000045776367,39.646976470947266,310300
2020-01-21,44.5,44.529998779296875,44.33000183105469,44.40999984741211,39.549015045166016,234500
2020-01-22,44.38999938964844,44.41999816894531,44.36000061035156,44.36000061035156,39.504486083984375,187500
2020-01-23,44.31999969482422,44.400001525878906,44.31999969482422,44.38999938964844,39.531211853027344,153600
2020-01-24,44.380001068115234,44.380001068115234,44.27000045776367,44.36000061035156,39.504486083984375,140500
2020-01-27,44.25,44.349998474121094,44.25,44.310001373291016,39.4599609375,223900
2020-01-28,44.310001373291016,44.380001068115234,44.220001220703125,44.290000915527344,39.442142486572266,149400
2020-01-29,44.349998474121094,44.43000030517578,44.29999923706055,44.400001525878906,39.54011917114258,425200
2020-01-30,44.380001068115234,44.459999084472656,44.380001068115234,44.459999084472656,39.593536376953125,173500
2020-01-31,44.47999954223633,44.54999923706055,44.150001525878906,44.43000030517578,39.56682586669922,125300
2020-02-03,44.31999969482422,44.599998474121094,44.130001068115234,44.29999923706055,39.620487213134766,91400
2020-02-04,44.369998931884766,44.40999984741211,44.31999969482422,44.369998931884766,39.6830940246582,99500
2020-02-05,44.470001220703125,44.47999954223633,44.369998931884766,44.400001525878906,39.709922790527344,119500
2020-02-06,44.380001068115234,44.5,44.349998474121094,44.5,39.79936599731445,58300
2020-02-07,44.540000915527344,44.65999984741211,44.45000076293945,44.599998474121094,39.888790130615234,129800
2020-02-10,44.529998779296875,44.650001525878906,44.529998779296875,44.650001525878906,39.93352508544922,117300
2020-02-11,44.59000015258789,44.709999084472656,44.58000183105469,44.619998931884766,39.90668487548828,121900
2020-02-12,44.68000030517578,44.70000076293945,44.5099983215332,44.65999984741211,39.94245910644531,142000
2020-02-13,44.619998931884766,44.619998931884766,44.459999084472656,44.54999923706055,39.84407424926758,99500
2020-02-14,44.470001220703125,44.58000183105469,44.459999084472656,44.4900016784668,39.7904167175293,103100
2020-02-18,44.5099983215332,44.650001525878906,44.5,44.540000915527344,39.83513259887695,276800
2020-02-19,44.5099983215332,44.59000015258789,44.31999969482422,44.34000015258789,39.65626525878906,174100
2020-02-20,44.34000015258789,44.439998626708984,44.279998779296875,44.33000183105469,39.64732360839844,244200
2020-02-21,44.31999969482422,44.470001220703125,44.25,44.27000045776367,39.59366226196289,100200
2020-02-24,44.09000015258789,44.2599983215332,43.88999938964844,43.90999984741211,39.27168655395508,180300
2020-02-25,43.959999084472656,44.13999938964844,43.47999954223633,43.52000045776367,38.922882080078125,264100
2020-02-26,43.52000045776367,43.900001525878906,43.349998474121094,43.58000183105469,38.97654724121094,214200
2020-02-27,43.400001525878906,43.529998779296875,43.099998474121094,43.29999923706055,38.72611999511719,232000
2020-02-28,43.02000045776367,43.2599983215332,42.599998474121094,42.77000045776367,38.252105712890625,1028000
2020-03-02,42.650001525878906,43.22999954223633,42.650001525878906,43.13999938964844,38.75518035888672,480300
2020-03-03,43.18000030517578,43.81999969482422,43.18000030517578,43.2599983215332,38.86299133300781,233700
2020-03-04,43.59000015258789,44.029998779296875,43.56999969482422,44.029998779296875,39.55473327636719,150900
2020-03-05,43.630001068115234,43.9900016784668,43.5099983215332,43.540000915527344,39.11453628540039,286400
2020-03-06,43.18000030517578,43.400001525878906,43.02000045776367,43.150001525878906,38.7641716003418,145600
2020-03-09,42.459999084472656,42.5,41.34000015258789,42.099998474121094,37.82090377807617,523700
2020-03-10,42.63999938964844,42.7400016784668,41.90999984741211,42.529998779296875,38.20719909667969,173800
2020-03-11,42.06999969482422,42.25,41.84000015258789,41.869998931884766,37.614280700683594,236900
2020-03-12,40.900001525878906,41.099998474121094,38.70000076293945,38.77000045776367,34.82936096191406,723900
2020-03-13,39.2599983215332,40.380001068115234,39.0,40.20000076293945,36.11402130126953,666800
2020-03-16,38.11000061035156,40.0,36.86000061035156,38.0,34.13761520385742,1114900
2020-03-17,37.75,38.31999969482422,37.150001525878906,37.47999954223633,33.67048263549805,473600
2020-03-18,36.380001068115234,36.880001068115234,29.719999313354492,31.079999923706055,27.92098617553711,889300
2020-03-19,29.850000381469727,34.2400016784668,28.829999923706055,33.529998779296875,30.12196922302246,1646800
2020-03-20,33.65999984741211,36.18000030517578,33.65999984741211,34.27000045776367,30.786745071411133,450000
2020-03-23,33.939998626708984,34.20000076293945,31.020000457763672,32.68000030517578,29.358356475830078,491400
2020-03-24,33.380001068115234,36.13999938964844,33.380001068115234,35.43000030517578,31.82883644104004,408600
2020-03-25,35.33000183105469,39.380001068115234,35.33000183105469,38.02000045776367,34.15559005737305,453100
2020-03-26,38.11000061035156,39.970001220703125,38.11000061035156,39.54999923706055,35.53007125854492,397500
2020-03-27,39.20000076293945,39.970001220703125,38.209999084472656,38.79999923706055,34.8563117980957,1038900
2020-03-30,38.9900016784668,39.54999923706055,38.45000076293945,39.25,35.26057052612305,284500
2020-03-31,39.0099983215332,39.599998474121094,39.0,39.189998626708984,35.2066650390625,319600
2020-04-01,37.97999954223633,38.34000015258789,37.130001068115234,37.54999923706055,33.88902282714844,213100
2020-04-02,37.650001525878906,37.86000061035156,36.779998779296875,37.560001373291016,33.898040771484375,188000
2020-04-03,37.380001068115234,37.77000045776367,36.9900016784668,37.29999923706055,33.663394927978516,528700
2020-04-06,37.54999923706055,38.599998474121094,37.54999923706055,38.380001068115234,34.638099670410156,221700
2020-04-07,39.0099983215332,39.540000915527344,38.709999084472656,39.439998626708984,35.59474563598633,223200
2020-04-08,39.52000045776367,40.77000045776367,39.5099983215332,40.09000015258789,36.181373596191406,161700
2020-04-09,40.779998779296875,41.7599983215332,40.349998474121094,41.68000030517578,37.616363525390625,344700
2020-04-13,41.380001068115234,41.599998474121094,40.29999923706055,41.099998474121094,37.09291076660156,281800
2020-04-14,41.59000015258789,41.59000015258789,41.029998779296875,41.25,37.228275299072266,277400
2020-04-15,40.34000015258789,41.630001068115234,40.34000015258789,41.18000030517578,37.16510772705078,531100
2020-04-16,41.04999923706055,41.45000076293945,40.970001220703125,41.279998779296875,37.25535583496094,302700
2020-04-17,41.91999816894531,41.91999816894531,41.439998626708984,41.81999969482422,37.74270248413086,1385500
2020-04-20,41.5,41.68000030517578,41.349998474121094,41.56999969482422,37.517086029052734,741000
2020-04-21,40.79999923706055,41.43000030517578,40.33000183105469,41.13999938964844,37.129005432128906,783700
2020-04-22,41.86000061035156,41.86000061035156,41.099998474121094,41.099998474121094,37.09291076660156,264200
2020-04-23,41.04999923706055,41.58000183105469,41.02000045776367,41.560001373291016,37.508060455322266,178400
2020-04-24,41.65999984741211,41.65999984741211,41.38999938964844,41.650001525878906,37.58928298950195,128500
2020-04-27,41.72999954223633,41.810001373291016,41.439998626708984,41.72999954223633,37.6614875793457,542700
2020-04-28,41.70000076293945,41.95000076293945,41.599998474121094,41.709999084472656,37.643428802490234,105000
2020-04-29,41.84000015258789,42.060001373291016,41.65999984741211,42.060001373291016,37.959320068359375,208700
2020-04-30,41.86000061035156,42.11000061035156,41.79999923706055,42.0099983215332,37.914180755615234,345700
2020-05-01,41.36000061035156,41.779998779296875,41.36000061035156,41.59000015258789,37.85956573486328,145200
2020-05-04,41.40999984741211,41.7599983215332,41.40999984741211,41.66999816894531,37.93238067626953,102200
2020-05-05,41.77000045776367,41.869998931884766,41.52000045776367,41.61000061035156,37.877769470214844,216800
2020-05-06,41.689998626708984,41.689998626708984,41.40999984741211,41.59000015258789,37.85956573486328,83200
2020-05-07,41.63999938964844,41.959999084472656,41.529998779296875,41.599998474121094,37.86866760253906,89500
2020-05-08,41.7400016784668,41.79999923706055,41.58000183105469,41.709999084472656,37.968807220458984,102700
2020-05-11,41.709999084472656,41.869998931884766,41.54999923706055,41.869998931884766,38.11444854736328,135500
2020-05-12,41.90999984741211,41.90999984741211,41.68000030517578,41.7400016784668,37.99610900878906,253600
2020-05-13,41.619998931884766,41.70000076293945,41.29999923706055,41.310001373291016,37.60468673706055,1015500
2020-05-14,41.20000076293945,41.40999984741211,40.52000045776367,41.209999084472656,37.51365661621094,638000
2020-05-15,41.029998779296875,41.220001220703125,40.90999984741211,41.13999938964844,37.44993591308594,94100
2020-05-18,41.45000076293945,41.4900016784668,41.22999954223633,41.310001373291016,37.60468673706055,168400
2020-05-19,41.209999084472656,41.5,41.209999084472656,41.439998626708984,37.7230224609375,119700
2020-05-20,41.5,41.61000061035156,41.43000030517578,41.560001373291016,37.83226013183594,176000
2020-05-21,41.41999816894531,41.709999084472656,41.41999816894531,41.65999984741211,37.923282623291016,186600
2020-05-22,41.75,41.77000045776367,41.56999969482422,41.7400016784668,37.99610900878906,130100
2020-05-26,42.31999969482422,42.31999969482422,41.900001525878906,41.900001525878906,38.141761779785156,206700
2020-05-27,42.08000183105469,42.189998626708984,41.869998931884766,42.099998474121094,38.32382583618164,171500
2020-05-28,42.13999938964844,42.380001068115234,42.099998474121094,42.220001220703125,38.43305969238281,128800
2020-05-29,42.02000045776367,42.40999984741211,42.02000045776367,42.36000061035156,38.56050109863281,100200
2020-06-01,42.279998779296875,42.33000183105469,42.130001068115234,42.33000183105469,38.697628021240234,95700
2020-06-02,42.31999969482422,42.439998626708984,42.279998779296875,42.349998474121094,38.715904235839844,136600
2020-06-03,42.5,42.5099983215332,42.36000061035156,42.439998626708984,38.79817581176758,494000
2020-06-04,42.369998931884766,42.52000045776367,42.369998931884766,42.47999954223633,38.834754943847656,138800
2020-06-05,42.630001068115234,42.709999084472656,42.470001220703125,42.5099983215332,38.8621711730957,439400
2020-06-08,42.5,42.709999084472656,42.5,42.68000030517578,39.01759338378906,154700
2020-06-09,42.5,42.65999984741211,42.22999954223633,42.599998474121094,38.9444580078125,110800
2020-06-10,42.56999969482422,42.75,42.38999938964844,42.5099983215332,38.8621711730957,255000
2020-06-11,42.11000061035156,42.27000045776367,41.63999938964844,41.7400016784668,38.15826416015625,236500
2020-06-12,42.119998931884766,42.16999816894531,41.61000061035156,41.61000061035156,38.03941345214844,172700
2020-06-15,41.400001525878906,41.86000061035156,41.0,41.7599983215332,38.17653274536133,156800
2020-06-16,42.189998626708984,42.20000076293945,41.93000030517578,42.119998931884766,38.50564193725586,147100
2020-06-17,42.189998626708984,42.38999938964844,42.119998931884766,42.18000030517578,38.56050109863281,304900
2020-06-18,42.02000045776367,42.209999084472656,42.02000045776367,42.18000030517578,38.56050109863281,112400
2020-06-19,42.189998626708984,42.33000183105469,42.150001525878906,42.209999084472656,38.587921142578125,203900
2020-06-22,42.29999923706055,42.29999923706055,41.810001373291016,42.0,38.39594650268555,1290800
2020-06-23,42.220001220703125,42.220001220703125,41.849998474121094,42.060001373291016,38.4508056640625,96600
2020-06-24,42.0099983215332,42.040000915527344,41.709999084472656,41.880001068115234,38.2862434387207,426800
2020-06-25,41.84000015258789,41.97999954223633,41.72999954223633,41.900001525878906,38.30452346801758,162800
2020-06-26,41.95000076293945,41.95000076293945,41.689998626708984,41.70000076293945,38.12168884277344,214500
2020-06-29,41.779998779296875,41.810001373291016,41.66999816894531,41.779998779296875,38.194820404052734,149500
2020-06-30,41.83000183105469,41.880001068115234,41.63999938964844,41.849998474121094,38.258819580078125,239500
2020-07-01,41.63999938964844,41.810001373291016,41.47999954223633,41.619998931884766,38.212913513183594,323400
2020-07-02,41.7400016784668,41.86000061035156,41.709999084472656,41.810001373291016,38.387351989746094,295600
2020-07-06,41.900001525878906,41.970001220703125,41.77000045776367,41.790000915527344,38.36899185180664,223200
2020-07-07,41.83000183105469,41.939998626708984,41.790000915527344,41.869998931884766,38.44243621826172,98900
2020-07-08,41.869998931884766,42.18000030517578,41.83000183105469,41.93000030517578,38.497520446777344,296200
2020-07-09,42.029998779296875,42.06999969482422,41.84000015258789,42.0,38.561805725097656,119300
2020-07-10,42.130001068115234,42.22999954223633,42.029998779296875,42.130001068115234,38.681156158447266,346700
2020-07-13,42.40999984741211,42.40999984741211,41.970001220703125,42.04999923706055,38.60770797729492,180900
2020-07-14,41.86000061035156,42.11000061035156,41.65999984741211,41.970001220703125,38.53425598144531,92900
2020-07-15,42.02000045776367,42.27000045776367,42.02000045776367,42.2599983215332,38.80051803588867,224900
2020-07-16,42.29999923706055,42.459999084472656,42.11000061035156,42.400001525878906,38.929054260253906,332100
2020-07-17,42.560001373291016,42.58000183105469,42.41999816894531,42.52000045776367,39.03923797607422,166900
2020-07-20,42.529998779296875,42.689998626708984,42.47999954223633,42.689998626708984,39.195316314697266,90800
2020-07-21,42.7400016784668,42.849998474121094,42.689998626708984,42.849998474121094,39.34221649169922,96800
2020-07-22,42.75,42.849998474121094,42.75,42.849998474121094,39.34221649169922,334800
2020-07-23,42.7599983215332,42.970001220703125,42.7400016784668,42.959999084472656,39.44321060180664,141500
2020-07-24,42.959999084472656,43.040000915527344,42.88999938964844,43.029998779296875,39.507484436035156,145000
2020-07-27,43.15999984741211,43.15999984741211,43.0099983215332,43.060001373291016,39.535030364990234,127100
2020-07-28,42.959999084472656,43.119998931884766,42.959999084472656,43.11000061035156,39.58092498779297,117700
2020-07-29,43.130001068115234,43.34000015258789,43.11000061035156,43.34000015258789,39.79210662841797,406500
2020-07-30,43.13999938964844,43.349998474121094,43.13999938964844,43.31999969482422,39.773746490478516,174400
2020-07-31,43.369998931884766,43.43000030517578,43.310001373291016,43.41999816894531,39.86555480957031,147500
2020-08-03,43.36000061035156,43.36000061035156,43.20000076293945,43.220001220703125,39.84712600708008,120000
2020-08-04,43.13999938964844,43.209999084472656,43.06999969482422,43.18000030517578,39.81023406982422,187700
2020-08-05,43.099998474121094,43.29999923706055,43.099998474121094,43.189998626708984,39.81946563720703,501600
2020-08-06,43.189998626708984,43.2400016784668,43.029998779296875,43.04999923706055,39.690372467041016,329300
2020-08-07,43.0,43.189998626708984,43.0,43.15999984741211,39.79179763793945,396300
2020-08-10,43.22999954223633,43.31999969482422,43.18000030517578,43.27000045776367,39.893218994140625,314400
2020-08-11,43.369998931884766,43.369998931884766,43.16999816894531,43.27000045776367,39.893218994140625,262300
2020-08-12,43.220001220703125,43.470001220703125,43.220001220703125,43.349998474121094,39.96697235107422,267500
2020-08-13,43.369998931884766,43.470001220703125,43.33000183105469,43.41999816894531,40.0315055847168,125600
2020-08-14,43.5,43.5,43.31999969482422,43.4900016784668,40.09605026245117,91000
2020-08-17,43.54999923706055,43.54999923706055,43.45000076293945,43.529998779296875,40.13292694091797,94900
2020-08-18,43.54999923706055,43.70000076293945,43.52000045776367,43.689998626708984,40.28044128417969,119800
2020-08-19,43.599998474121094,43.7599983215332,43.599998474121094,43.7400016784668,40.326541900634766,109300
2020-08-20,43.66999816894531,43.79999923706055,43.66999816894531,43.7599983215332,40.344966888427734,103900
2020-08-21,43.79999923706055,43.810001373291016,43.7400016784668,43.779998779296875,40.36342239379883,456300
2020-08-24,43.86000061035156,43.880001068115234,43.7599983215332,43.83000183105469,40.409507751464844,106700
2020-08-25,43.84000015258789,43.86000061035156,43.779998779296875,43.849998474121094,40.427947998046875,124100
2020-08-26,43.900001525878906,43.95000076293945,43.779998779296875,43.90999984741211,40.4832649230957,134300
2020-08-27,43.88999938964844,43.970001220703125,43.869998931884766,43.90999984741211,40.4832649230957,300500
2020-08-28,43.88999938964844,43.959999084472656,43.779998779296875,43.779998779296875,40.36342239379883,103600
2020-08-31,43.70000076293945,43.880001068115234,43.70000076293945,43.81999969482422,40.400299072265625,198400
2020-09-01,43.7599983215332,43.7599983215332,43.599998474121094,43.63999938964844,40.40028381347656,130400
2020-09-02,43.7599983215332,43.7599983215332,43.560001373291016,43.650001525878906,40.40955352783203,234200
2020-09-03,43.599998474121094,43.630001068115234,43.36000061035156,43.41999816894531,40.19662094116211,137000
2020-09-04,43.439998626708984,43.470001220703125,43.06999969482422,43.34000015258789,40.122562408447266,401200
2020-09-08,43.15999984741211,43.33000183105469,43.029998779296875,43.09000015258789,39.8911247253418,210400
2020-09-09,43.16999816894531,43.34000015258789,43.11000061035156,43.31999969482422,40.10405349731445,176800
2020-09-10,43.31999969482422,43.529998779296875,43.279998779296875,43.38999938964844,40.168861389160156,120900
2020-09-11,43.4900016784668,43.54999923706055,43.33000183105469,43.40999984741211,40.18737030029297,86100
2020-09-14,43.54999923706055,43.61000061035156,43.5099983215332,43.560001373291016,40.32624053955078,78500
2020-09-15,43.61000061035156,43.720001220703125,43.560001373291016,43.70000076293945,40.455833435058594,137300
2020-09-16,43.75,43.79999923706055,43.68000030517578,43.7400016784668,40.49287414550781,142500
2020-09-17,43.5,43.72999954223633,43.5,43.59000015258789,40.35401153564453,97000
2020-09-18,43.66999816894531,43.66999816894531,43.31999969482422,43.52000045776367,40.28919982910156,577200
2020-09-21,43.310001373291016,43.36000061035156,43.16999816894531,43.36000061035156,40.141090393066406,127200
2020-09-22,43.4900016784668,43.5099983215332,43.36000061035156,43.439998626708984,40.21514129638672,147000
2020-09-23,43.52000045776367,43.54999923706055,42.900001525878906,42.9900016784668,39.79854965209961,220900
2020-09-24,42.939998626708984,43.06999969482422,42.720001220703125,42.939998626708984,39.75226593017578,174300
2020-09-25,42.88999938964844,43.5,42.88999938964844,43.40999984741211,40.18737030029297,244400
2020-09-28,43.65999984741211,43.689998626708984,43.599998474121094,43.66999816894531,40.428062438964844,139100
2020-09-29,43.66999816894531,43.66999816894531,43.5099983215332,43.54999923706055,40.31697082519531,116900
2020-09-30,43.54999923706055,43.63999938964844,43.400001525878906,43.470001220703125,40.242919921875,126900
2020-10-01,43.290000915527344,43.560001373291016,43.2400016784668,43.560001373291016,40.493919372558594,112200
2020-10-02,43.27000045776367,43.61000061035156,43.25,43.560001373291016,40.493919372558594,103500
2020-10-05,43.720001220703125,43.7400016784668,43.619998931884766,43.72999954223633,40.651947021484375,82200
2020-10-06,43.77000045776367,43.83000183105469,43.630001068115234,43.75,40.670536041259766,138300
2020-10-07,43.900001525878906,43.900001525878906,43.7599983215332,43.849998474121094,40.76348876953125,84300
2020-10-08,43.939998626708984,43.939998626708984,43.84000015258789,43.880001068115234,40.791385650634766,78700
2020-10-09,43.849998474121094,43.900001525878906,43.709999084472656,43.84000015258789,40.754207611083984,81100
2020-10-12,43.900001525878906,43.900001525878906,43.75,43.84000015258789,40.754207611083984,98200
2020-10-13,43.880001068115234,43.970001220703125,43.779998779296875,43.959999084472656,40.865760803222656,1086700
2020-10-14,43.849998474121094,43.970001220703125,43.7599983215332,43.86000061035156,40.772789001464844,116800
2020-10-15,43.650001525878906,43.880001068115234,43.650001525878906,43.81999969482422,40.73560333251953,74800
2020-10-16,43.970001220703125,43.970001220703125,43.63999938964844,43.70000076293945,40.62405776977539,148300
2020-10-19,43.77000045776367,43.77000045776367,43.4900016784668,43.5099983215332,40.44742965698242,172700
2020-10-20,43.599998474121094,43.709999084472656,43.59000015258789,43.630001068115234,40.55898666381836,65500
2020-10-21,43.630001068115234,43.70000076293945,43.310001373291016,43.369998931884766,40.317283630371094,279100
2020-10-22,43.36000061035156,43.59000015258789,43.36000061035156,43.58000183105469,40.512508392333984,91100
2020-10-23,43.63999938964844,43.86000061035156,43.56999969482422,43.86000061035156,40.772789001464844,112800
2020-10-26,43.79999923706055,43.79999923706055,43.599998474121094,43.599998474121094,40.531097412109375,188700
2020-10-27,43.560001373291016,43.7599983215332,43.560001373291016,43.630001068115234,40.55898666381836,148100
2020-10-28,43.400001525878906,43.599998474121094,43.040000915527344,43.099998474121094,40.06629180908203,356700
2020-10-29,43.029998779296875,43.38999938964844,43.029998779296875,43.119998931884766,40.08488082885742,116300
2020-10-30,43.0,43.22999954223633,43.0,43.189998626708984,40.14994430541992,140900
2020-11-02,43.099998474121094,43.2400016784668,43.0,43.060001373291016,40.196624755859375,169400
2020-11-03,43.04999923706055,43.279998779296875,43.04999923706055,43.060001373291016,40.196624755859375,121200
2020-11-04,43.099998474121094,43.5099983215332,43.099998474121094,43.43000030517578,40.542022705078125,102500
2020-11-05,43.61000061035156,43.65999984741211,43.459999084472656,43.54999923706055,40.65404510498047,110700
2020-11-06,43.54999923706055,43.54999923706055,43.27000045776367,43.290000915527344,40.411338806152344,210400
2020-11-09,43.4900016784668,43.810001373291016,43.4900016784668,43.7599983215332,40.8500862121582,217200
2020-11-10,43.79999923706055,43.79999923706055,43.61000061035156,43.709999084472656,40.80341339111328,193700
2020-11-11,43.779998779296875,43.869998931884766,43.650001525878906,43.709999084472656,40.80341339111328,121300
2020-11-12,43.599998474121094,43.7400016784668,43.58000183105469,43.66999816894531,40.766056060791016,127300
2020-11-13,43.66999816894531,43.79999923706055,43.66999816894531,43.70000076293945,40.7940673828125,148300
2020-11-16,43.84000015258789,44.209999084472656,43.709999084472656,44.150001525878906,41.21414566040039,346900
2020-11-17,44.02000045776367,44.220001220703125,44.0,44.08000183105469,41.148807525634766,157400
2020-11-18,44.08000183105469,44.209999084472656,43.95000076293945,43.95000076293945,41.027442932128906,138000
2020-11-19,44.02000045776367,44.119998931884766,43.970001220703125,44.11000061035156,41.17681121826172,134000
2020-11-20,44.20000076293945,44.20000076293945,43.959999084472656,44.09000015258789,41.158138275146484,184600
2020-11-23,44.040000915527344,44.209999084472656,44.040000915527344,44.06999969482422,41.139461517333984,131700
2020-11-24,44.119998931884766,44.27000045776367,44.08000183105469,44.130001068115234,41.195472717285156,125200
2020-11-25,44.029998779296875,44.130001068115234,44.029998779296875,44.040000915527344,41.1114616394043,122900
2020-11-27,44.040000915527344,44.16999816894531,44.040000915527344,44.119998931884766,41.18613815307617,61700
2020-11-30,44.08000183105469,44.09000015258789,43.900001525878906,44.029998779296875,41.10212707519531,135200
2020-12-01,43.79999923706055,43.869998931884766,43.72999954223633,43.779998779296875,41.03651428222656,127700
2020-12-02,43.790000915527344,43.900001525878906,43.70000076293945,43.779998779296875,41.03651428222656,225000
2020-12-03,43.93000030517578,43.970001220703125,43.86000061035156,43.880001068115234,41.130245208740234,102000
2020-12-04,43.97999954223633,44.0099983215332,43.880001068115234,43.97999954223633,41.223968505859375,235000
2020-12-07,44.029998779296875,44.040000915527344,43.90999984741211,44.0099983215332,41.252098083496094,287900
2020-12-08,43.97999954223633,44.099998474121094,43.97999954223633,44.08000183105469,41.317718505859375,281200
2020-12-09,44.130001068115234,44.15999984741211,44.060001373291016,44.150001525878906,41.38332748413086,302100
2020-12-10,44.099998474121094,44.15999984741211,43.95000076293945,44.0099983215332,41.252098083496094,918000
2020-12-11,43.869998931884766,44.11000061035156,43.869998931884766,44.08000183105469,41.317718505859375,316500
2020-12-14,44.22999954223633,44.22999954223633,44.119998931884766,44.150001525878906,41.38332748413086,437400
2020-12-15,44.150001525878906,44.2400016784668,44.150001525878906,44.2400016784668,41.46769332885742,138300
2020-12-16,44.20000076293945,44.33000183105469,44.18000030517578,44.27000045776367,41.49580764770508,177400
2020-12-17,44.380001068115234,44.38999938964844,44.310001373291016,44.380001068115234,41.59891891479492,127800
2020-12-18,44.099998474121094,44.15999984741211,44.060001373291016,44.15999984741211,41.63379669189453,147700
2020-12-21,44.06999969482422,44.220001220703125,43.97999954223633,44.15999984741211,41.63379669189453,358500
2020-12-22,44.18000030517578,44.27000045776367,43.91999816894531,43.97999954223633,41.46409225463867,296300
2020-12-23,43.97999954223633,44.18000030517578,43.93000030517578,43.97999954223633,41.46409225463867,128400
2020-12-24,44.04999923706055,44.18000030517578,44.04999923706055,44.15999984741211,41.63379669189453,76500
2020-12-28,44.15999984741211,44.20000076293945,44.09000015258789,44.130001068115234,41.60551071166992,112300
2020-12-29,44.08000183105469,44.150001525878906,44.04999923706055,44.08000183105469,41.55836868286133,104600
2020-12-30,44.04999923706055,44.2599983215332,44.04999923706055,44.220001220703125,41.690364837646484,152400
2020-12-31,44.18000030517578,44.41999816894531,44.18000030517578,44.40999984741211,41.8694953918457,152600
2021-01-04,44.439998626708984,44.439998626708984,43.939998626708984,44.06999969482422,41.548946380615234,322500
2021-01-05,44.0,44.09000015258789,43.939998626708984,44.09000015258789,41.56779479980469,158200
2021-01-06,43.88999938964844,43.9900016784668,43.130001068115234,43.369998931884766,40.888980865478516,274800
2021-01-07,43.5099983215332,43.5099983215332,43.02000045776367,43.34000015258789,40.86070251464844,333500
2021-01-08,43.400001525878906,43.400001525878906,43.20000076293945,43.29999923706055,40.82299041748047,186000
2021-01-11,43.279998779296875,43.279998779296875,42.959999084472656,42.959999084472656,40.502445220947266,925800
2021-01-12,42.90999984741211,42.959999084472656,42.61000061035156,42.77000045776367,40.323307037353516,990000
2021-01-13,42.77000045776367,43.459999084472656,42.77000045776367,43.41999816894531,40.936126708984375,472500
2021-01-14,43.54999923706055,43.63999938964844,43.38999938964844,43.529998779296875,41.039833068847656,181000
2021-01-15,43.52000045776367,43.70000076293945,43.459999084472656,43.54999923706055,41.058692932128906,248900
2021-01-19,43.650001525878906,43.66999816894531,43.5,43.599998474121094,41.10582733154297,561000
2021-01-20,43.75,43.83000183105469,43.68000030517578,43.810001373291016,41.30381774902344,215000
2021-01-21,43.86000061035156,43.86000061035156,43.61000061035156,43.650001525878906,41.15297317504883,142700
2021-01-22,43.61000061035156,43.83000183105469,43.61000061035156,43.77000045776367,41.266109466552734,256700
2021-01-25,43.849998474121094,43.849998474121094,43.630001068115234,43.630001068115234,41.134117126464844,144600
2021-01-26,43.65999984741211,43.790000915527344,43.630001068115234,43.63999938964844,41.14354705810547,164200
2021-01-27,43.70000076293945,43.70000076293945,43.2400016784668,43.2400016784668,40.76642608642578,318900
2021-01-28,43.380001068115234,43.4900016784668,43.29999923706055,43.4900016784668,41.00212478637695,172300
2021-01-29,43.470001220703125,43.47999954223633,43.27000045776367,43.400001525878906,40.91727066040039,181600
2021-02-01,43.439998626708984,43.45000076293945,43.20000076293945,43.31999969482422,41.01194763183594,645200
2021-02-02,43.31999969482422,43.56999969482422,43.31999969482422,43.36000061035156,41.04981231689453,216900
2021-02-03,43.40999984741211,43.459999084472656,43.15999984741211,43.15999984741211,40.860469818115234,228600
2021-02-04,43.25,43.36000061035156,43.060001373291016,43.2599983215332,40.95513916015625,590300
2021-02-05,43.31999969482422,43.43000030517578,43.27000045776367,43.31999969482422,41.01194763183594,227100
2021-02-08,43.279998779296875,43.369998931884766,43.27000045776367,43.349998474121094,41.040348052978516,107700
2021-02-09,43.209999084472656,43.5,43.209999084472656,43.349998474121094,41.040348052978516,116400
2021-02-10,43.33000183105469,43.459999084472656,43.2400016784668,43.36000061035156,41.04981231689453,201300
2021-02-11,43.2599983215332,43.380001068115234,43.18000030517578,43.209999084472656,40.90781021118164,125000
2021-02-12,43.15999984741211,43.15999984741211,42.93000030517578,43.040000915527344,40.74686813354492,531500
2021-02-16,43.0,43.0,42.7599983215332,42.790000915527344,40.51017761230469,326800
2021-02-17,42.77000045776367,42.849998474121094,42.720001220703125,42.75,40.472312927246094,152300
2021-02-18,42.66999816894531,42.7599983215332,42.58000183105469,42.72999954223633,40.4533805847168,159000
2021-02-19,42.77000045776367,42.83000183105469,42.689998626708984,42.72999954223633,40.4533805847168,234400
2021-02-22,42.7400016784668,42.7400016784668,42.58000183105469,42.599998474121094,40.33030700683594,174500
2021-02-23,42.540000915527344,42.619998931884766,42.52000045776367,42.59000015258789,40.320838928222656,275400
2021-02-24,42.650001525878906,42.650001525878906,42.349998474121094,42.41999816894531,40.159889221191406,233000
2021-02-25,42.38999938964844,42.45000076293945,42.040000915527344,42.15999984741211,39.91375732421875,198100
2021-02-26,42.22999954223633,42.459999084472656,42.11000061035156,42.45000076293945,40.188297271728516,178400
2021-03-01,42.470001220703125,42.470001220703125,42.27000045776367,42.369998931884766,40.28337097167969,140200
2021-03-02,42.43000030517578,42.599998474121094,42.369998931884766,42.5,40.4069709777832,269900
2021-03-03,42.4900016784668,42.68000030517578,42.31999969482422,42.619998931884766,40.52105712890625,249700
2021-03-04,42.529998779296875,42.81999969482422,42.45000076293945,42.470001220703125,40.37844467163086,178200
2021-03-05,42.61000061035156,42.75,42.40999984741211,42.75,40.64466094970703,144700
2021-03-08,42.65999984741211,42.7599983215332,42.61000061035156,42.689998626708984,40.587608337402344,186900
2021-03-09,42.810001373291016,42.88999938964844,42.7400016784668,42.880001068115234,40.768253326416016,276700
2021-03-10,42.779998779296875,42.970001220703125,42.779998779296875,42.970001220703125,40.85382843017578,230800
2021-03-11,42.869998931884766,43.15999984741211,42.869998931884766,43.150001525878906,41.024959564208984,147700
2021-03-12,43.150001525878906,43.150001525878906,42.81999969482422,42.9900016784668,40.872840881347656,213400
2021-03-15,43.06999969482422,43.209999084472656,43.0099983215332,43.15999984741211,41.03446578979492,207900
2021-03-16,43.189998626708984,43.369998931884766,43.150001525878906,43.31999969482422,41.18658447265625,168400
2021-03-17,43.31999969482422,43.31999969482422,43.130001068115234,43.15999984741211,41.03446578979492,476000
2021-03-18,43.11000061035156,43.11000061035156,42.689998626708984,42.72999954223633,40.62564468383789,150800
2021-03-19,42.599998474121094,43.0,42.599998474121094,42.95000076293945,40.83480453491211,153000
2021-03-22,43.09000015258789,43.150001525878906,43.0099983215332,43.06999969482422,40.94890213012695,114300
2021-03-23,43.11000061035156,43.220001220703125,43.11000061035156,43.16999816894531,41.04397201538086,212000
2021-03-24,43.220001220703125,43.38999938964844,43.220001220703125,43.310001373291016,41.17708206176758,184600
2021-03-25,43.34000015258789,43.36000061035156,43.25,43.279998779296875,41.148555755615234,77300
2021-03-26,43.25,43.349998474121094,43.2400016784668,43.29999923706055,41.16757583618164,80100
2021-03-29,43.150001525878906,43.41999816894531,43.09000015258789,43.11000061035156,40.9869270324707,102600
2021-03-30,43.0,43.29999923706055,43.0,43.2599983215332,41.129539489746094,101800
2021-03-31,43.310001373291016,43.43000030517578,43.310001373291016,43.43000030517578,41.291168212890625,169000
2021-04-01,43.349998474121094,43.40999984741211,43.31999969482422,43.38999938964844,41.42483139038086,1066300
2021-04-05,43.400001525878906,43.540000915527344,43.369998931884766,43.5,41.529850006103516,503700
2021-04-06,43.58000183105469,43.72999954223633,43.54999923706055,43.70000076293945,41.720787048339844,229200
2021-04-07,43.560001373291016,43.7400016784668,43.54999923706055,43.689998626708984,41.71124267578125,114900
2021-04-08,43.7400016784668,43.7400016784668,43.63999938964844,43.709999084472656,41.73033905029297,117600
2021-04-09,43.54999923706055,43.7400016784668,43.54999923706055,43.70000076293945,41.720787048339844,125700
2021-04-12,43.72999954223633,43.72999954223633,43.58000183105469,43.619998931884766,41.6444091796875,248600
2021-04-13,43.5,43.70000076293945,43.5,43.689998626708984,41.71124267578125,529600
2021-04-14,43.540000915527344,43.68000030517578,43.540000915527344,43.61000061035156,41.634864807128906,130700
2021-04-15,43.720001220703125,43.72999954223633,43.650001525878906,43.72999954223633,41.74942398071289,138700
2021-04-16,43.61000061035156,43.72999954223633,43.61000061035156,43.689998626708984,41.71124267578125,586100
2021-04-19,43.650001525878906,43.689998626708984,43.61000061035156,43.650001525878906,41.67306137084961,147500
2021-04-20,43.619998931884766,43.63999938964844,43.529998779296875,43.59000015258789,41.61577224731445,209300
2021-04-21,43.5,43.72999954223633,43.5,43.709999084472656,41.73033905029297,93000
2021-04-22,43.7400016784668,43.7400016784668,43.630001068115234,43.70000076293945,41.720787048339844,176500
2021-04-23,43.72999954223633,43.84000015258789,43.689998626708984,43.790000915527344,41.80671691894531,121800
2021-04-26,43.79999923706055,43.88999938964844,43.790000915527344,43.86000061035156,41.87353515625,152400
2021-04-27,43.79999923706055,43.869998931884766,43.75,43.7599983215332,41.778076171875,111200
2021-04-28,43.79999923706055,43.81999969482422,43.72999954223633,43.77000045776367,41.78762435913086,137800
2021-04-29,43.75,43.790000915527344,43.61000061035156,43.68000030517578,41.701690673828125,195200
2021-04-30,43.650001525878906,43.65999984741211,43.560001373291016,43.560001373291016,41.587127685546875,115700
2021-05-03,43.47999954223633,43.54999923706055,43.369998931884766,43.52000045776367,41.721343994140625,141600
2021-05-04,43.56999969482422,43.56999969482422,43.45000076293945,43.5099983215332,41.71175003051758,139500
2021-05-05,43.650001525878906,43.650001525878906,43.380001068115234,43.439998626708984,41.644657135009766,184000
2021-05-06,43.5,43.5,43.27000045776367,43.400001525878906,41.60630416870117,164800
2021-05-07,43.40999984741211,43.61000061035156,43.40999984741211,43.56999969482422,41.76927185058594,140900
2021-05-10,43.689998626708984,43.689998626708984,43.40999984741211,43.40999984741211,41.61588668823242,165800
2021-05-11,43.2400016784668,43.45000076293945,43.11000061035156,43.20000076293945,41.41456985473633,150700
2021-05-12,43.0099983215332,43.20000076293945,42.810001373291016,42.869998931884766,41.098201751708984,257100
2021-05-13,42.83000183105469,43.13999938964844,42.83000183105469,42.93000030517578,41.15571975708008,129500
2021-05-14,43.0,43.209999084472656,43.0,43.16999816894531,41.38580322265625,263900
2021-05-17,43.060001373291016,43.209999084472656,43.060001373291016,43.209999084472656,41.424156188964844,143600
2021-05-18,43.11000061035156,43.25,43.09000015258789,43.189998626708984,41.40497970581055,105300
2021-05-19,43.130001068115234,43.25,43.06999969482422,43.130001068115234,41.34745788574219,202700
2021-05-20,43.189998626708984,43.439998626708984,43.189998626708984,43.38999938964844,41.596717834472656,261000
2021-05-21,43.41999816894531,43.4900016784668,43.36000061035156,43.40999984741211,41.61588668823242,79800
2021-05-24,43.5,43.58000183105469,43.47999954223633,43.52000045776367,41.721343994140625,111200
2021-05-25,43.599998474121094,43.599998474121094,43.470001220703125,43.47999954223633,41.6829948425293,116500
2021-05-26,43.45000076293945,43.47999954223633,43.400001525878906,43.43000030517578,41.63505935668945,123400
2021-05-27,43.40999984741211,43.5099983215332,43.40999984741211,43.4900016784668,41.69258499145508,59600
2021-05-28,43.47999954223633,43.619998931884766,43.47999954223633,43.599998474121094,41.79803466796875,367800
2021-06-01,43.5099983215332,43.58000183105469,43.43000030517578,43.54999923706055,41.923179626464844,218200
2021-06-02,43.459999084472656,43.70000076293945,43.459999084472656,43.68000030517578,42.0483283996582,184800
2021-06-03,43.68000030517578,43.70000076293945,43.599998474121094,43.70000076293945,42.06758117675781,99300
2021-06-04,43.720001220703125,43.77000045776367,43.689998626708984,43.7599983215332,42.12533950805664,93900
2021-06-07,43.75,43.77000045776367,43.70000076293945,43.72999954223633,42.09645080566406,62600
2021-06-08,43.810001373291016,43.810001373291016,43.70000076293945,43.720001220703125,42.086830139160156,83600
2021-06-09,43.7400016784668,43.84000015258789,43.72999954223633,43.75,42.1157112121582,100200
2021-06-10,43.75,43.81999969482422,43.720001220703125,43.810001373291016,42.1734733581543,285300
2021-06-11,43.86000061035156,43.869998931884766,43.7599983215332,43.869998931884766,42.231231689453125,90000
2021-06-14,43.95000076293945,43.95000076293945,43.849998474121094,43.900001525878906,42.260108947753906,100600
2021-06-15,43.90999984741211,43.970001220703125,43.869998931884766,43.900001525878906,42.260108947753906,301100
2021-06-16,43.97999954223633,43.97999954223633,43.83000183105469,43.88999938964844,42.25048065185547,185100
2021-06-17,43.91999816894531,44.0099983215332,43.869998931884766,44.0,42.35637664794922,193600
2021-06-18,43.9900016784668,43.9900016784668,43.93000030517578,43.9900016784668,42.34674835205078,127700
2021-06-21,44.04999923706055,44.04999923706055,43.970001220703125,44.0,42.35637664794922,102900
2021-06-22,43.9900016784668,44.119998931884766,43.9900016784668,44.099998474121094,42.452632904052734,132400
2021-06-23,44.119998931884766,44.150001525878906,44.099998474121094,44.13999938964844,42.491146087646484,171900
2021-06-24,44.09000015258789,44.18000030517578,44.08000183105469,44.119998931884766,42.47188949584961,322000
2021-06-25,44.099998474121094,44.150001525878906,43.9900016784668,44.02000045776367,42.37562561035156,111500
2021-06-28,44.02000045776367,44.060001373291016,43.939998626708984,44.0,42.35637664794922,106700
2021-06-29,43.939998626708984,44.09000015258789,43.939998626708984,44.040000915527344,42.394874572753906,86600
2021-06-30,44.099998474121094,44.2599983215332,44.04999923706055,44.220001220703125,42.56814956665039,157700
2021-07-01,44.16999816894531,44.16999816894531,44.0099983215332,44.040000915527344,42.56814956665039,126200
2021-07-02,44.11000061035156,44.11000061035156,44.04999923706055,44.06999969482422,42.59715270996094,112800
2021-07-06,44.040000915527344,44.119998931884766,44.0099983215332,44.099998474121094,42.62614440917969,110100
2021-07-07,44.20000076293945,44.20000076293945,44.08000183105469,44.18000030517578,42.70347595214844,81400
2021-07-08,44.099998474121094,44.13999938964844,44.029998779296875,44.08000183105469,42.6068229675293,106400
2021-07-09,44.0099983215332,44.150001525878906,44.0099983215332,44.099998474121094,42.62614440917969,117400
2021-07-12,44.09000015258789,44.130001068115234,44.04999923706055,44.06999969482422,42.59715270996094,124300
2021-07-13,44.0,44.08000183105469,43.81999969482422,43.900001525878906,42.432838439941406,137000
2021-07-14,43.849998474121094,43.939998626708984,43.849998474121094,43.900001525878906,42.432838439941406,115300
2021-07-15,43.97999954223633,43.97999954223633,43.849998474121094,43.849998474121094,42.38450241088867,85300
2021-07-16,43.900001525878906,43.900001525878906,43.790000915527344,43.810001373291016,42.34584426879883,83700
2021-07-19,43.7599983215332,43.77000045776367,43.58000183105469,43.630001068115234,42.171852111816406,186300
2021-07-20,43.7599983215332,43.81999969482422,43.709999084472656,43.77000045776367,42.307186126708984,120800
2021-07-21,43.70000076293945,43.779998779296875,43.70000076293945,43.72999954223633,42.268516540527344,111600
2021-07-22,43.65999984741211,43.720001220703125,43.630001068115234,43.630001068115234,42.171852111816406,78600
2021-07-23,43.599998474121094,43.72999954223633,43.599998474121094,43.70000076293945,42.23952102661133,57300
2021-07-26,43.63999938964844,43.689998626708984,43.61000061035156,43.619998931884766,42.16218948364258,126100
2021-07-27,43.689998626708984,43.689998626708984,43.43000030517578,43.56999969482422,42.113861083984375,118800
2021-07-28,43.540000915527344,43.630001068115234,43.4900016784668,43.58000183105469,42.123531341552734,122900
2021-07-29,43.54999923706055,43.77000045776367,43.54999923706055,43.7400016784668,42.27817916870117,63800
2021-07-30,43.869998931884766,43.93000030517578,43.779998779296875,43.90999984741211,42.44249725341797,139900
2021-08-02,43.720001220703125,43.849998474121094,43.720001220703125,43.83000183105469,42.53955841064453,235400
2021-08-03,43.790000915527344,43.90999984741211,43.779998779296875,43.810001373291016,42.5201416015625,99500
2021-08-04,43.869998931884766,43.869998931884766,43.79999923706055,43.83000183105469,42.53955841064453,88200
2021-08-05,43.88999938964844,43.970001220703125,43.869998931884766,43.91999816894531,42.62690353393555,57400
2021-08-06,43.939998626708984,43.959999084472656,43.880001068115234,43.93000030517578,42.63661193847656,100200
2021-08-09,43.939998626708984,43.939998626708984,43.709999084472656,43.720001220703125,42.43279266357422,100700
2021-08-10,43.619998931884766,43.720001220703125,43.290000915527344,43.52000045776367,42.238685607910156,137600
2021-08-11,43.52000045776367,43.630001068115234,43.52000045776367,43.54999923706055,42.26779556274414,151700
2021-08-12,43.56999969482422,43.70000076293945,43.54999923706055,43.630001068115234,42.34544372558594,54300
2021-08-13,43.72999954223633,43.779998779296875,43.68000030517578,43.72999954223633,42.442501068115234,91700
2021-08-16,43.70000076293945,43.75,43.68000030517578,43.709999084472656,42.423091888427734,66000
2021-08-17,43.54999923706055,43.72999954223633,43.54999923706055,43.58000183105469,42.29692077636719,87000
2021-08-18,43.52000045776367,43.58000183105469,43.5,43.54999923706055,42.26779556274414,72700
2021-08-19,43.45000076293945,43.52000045776367,43.36000061035156,43.5,42.219268798828125,83800
2021-08-20,43.619998931884766,43.630001068115234,43.56999969482422,43.599998474121094,42.31632995605469,40200
2021-08-23,43.709999084472656,43.709999084472656,43.59000015258789,43.61000061035156,42.32603454589844,80000
2021-08-24,43.529998779296875,43.65999984741211,43.529998779296875,43.65999984741211,42.37455749511719,66600
2021-08-25,43.61000061035156,43.66999816894531,43.61000061035156,43.650001525878906,42.3648567199707,79100
2021-08-26,43.619998931884766,43.63999938964844,43.459999084472656,43.459999084472656,42.18044662475586,132800
2021-08-27,43.540000915527344,43.709999084472656,43.47999954223633,43.709999084472656,42.423091888427734,75600
2021-08-30,43.720001220703125,43.790000915527344,43.650001525878906,43.65999984741211,42.37455749511719,77400
2021-08-31,43.7599983215332,43.7599983215332,43.59000015258789,43.650001525878906,42.3648567199707,134700
2021-09-01,43.47999954223633,43.61000061035156,43.47999954223633,43.61000061035156,42.50129699707031,106800
2021-09-02,43.61000061035156,43.72999954223633,43.61000061035156,43.70000076293945,42.58900833129883,107000
2021-09-03,43.650001525878906,43.720001220703125,43.630001068115234,43.65999984741211,42.55002212524414,59400
2021-09-07,43.599998474121094,43.66999816894531,43.5,43.54999923706055,42.44281768798828,142000
2021-09-08,43.630001068115234,43.630001068115234,43.459999084472656,43.56999969482422,42.462310791015625,126200
2021-09-09,43.459999084472656,43.63999938964844,43.459999084472656,43.63999938964844,42.53053283691406,101400
2021-09-10,43.59000015258789,43.689998626708984,43.59000015258789,43.599998474121094,42.49155044555664,68500
2021-09-13,43.61000061035156,43.68000030517578,43.540000915527344,43.58000183105469,42.47206115722656,156000
2021-09-14,43.59000015258789,43.63999938964844,43.47999954223633,43.529998779296875,42.42333221435547,88500
2021-09-15,43.5,43.68000030517578,43.47999954223633,43.599998474121094,42.49155044555664,112100
2021-09-16,43.599998474121094,43.790000915527344,43.540000915527344,43.7400016784668,42.62799072265625,151500
2021-09-17,43.790000915527344,43.790000915527344,43.68000030517578,43.7599983215332,42.647483825683594,100600
2021-09-20,43.599998474121094,43.650001525878906,43.5099983215332,43.5099983215332,42.403831481933594,138500
2021-09-21,43.619998931884766,43.630001068115234,43.52000045776367,43.61000061035156,42.50129699707031,171500
2021-09-22,43.54999923706055,43.86000061035156,43.54999923706055,43.81999969482422,42.705955505371094,184700
2021-09-23,43.79999923706055,43.939998626708984,43.58000183105469,43.63999938964844,42.53053283691406,113300
2021-09-24,43.599998474121094,43.63999938964844,43.459999084472656,43.5,42.39408874511719,176200
2021-09-27,43.540000915527344,43.540000915527344,43.349998474121094,43.400001525878906,42.29663848876953,101300
2021-09-28,43.349998474121094,43.369998931884766,42.970001220703125,43.099998474121094,42.00426483154297,271000
2021-09-29,43.22999954223633,43.47999954223633,43.22999954223633,43.45000076293945,42.34536361694336,169700
2021-09-30,43.439998626708984,43.529998779296875,43.29999923706055,43.459999084472656,42.355106353759766,524500
2021-10-01,43.369998931884766,43.369998931884766,43.20000076293945,43.20000076293945,42.27682113647461,126000
2021-10-04,43.20000076293945,43.220001220703125,42.849998474121094,42.88999938964844,41.97344207763672,106500
2021-10-05,42.95000076293945,42.959999084472656,42.720001220703125,42.7599983215332,41.84621810913086,153100
2021-10-06,42.70000076293945,42.88999938964844,42.619998931884766,42.83000183105469,41.91472625732422,158900
2021-10-07,42.900001525878906,42.900001525878906,42.72999954223633,42.790000915527344,41.875579833984375,111000
2021-10-08,42.720001220703125,42.790000915527344,42.630001068115234,42.75,41.83643341064453,129700
2021-10-11,42.650001525878906,42.86000061035156,42.650001525878906,42.79999923706055,41.8853645324707,443100
2021-10-12,42.91999816894531,43.060001373291016,42.810001373291016,43.040000915527344,42.1202392578125,134500
2021-10-13,43.040000915527344,43.29999923706055,43.040000915527344,43.29999923706055,42.37467575073242,168700
2021-10-14,43.43000030517578,43.5,43.29999923706055,43.4900016784668,42.56062316894531,88400
2021-10-15,43.5,43.5,43.29999923706055,43.33000183105469,42.4040412902832,108700
2021-10-18,43.15999984741211,43.34000015258789,43.15999984741211,43.279998779296875,42.35511016845703,91900
2021-10-19,43.25,43.380001068115234,43.13999938964844,43.220001220703125,42.2963981628418,212800
2021-10-20,43.279998779296875,43.38999938964844,43.209999084472656,43.38999938964844,42.46275329589844,170500
2021-10-21,43.369998931884766,43.400001525878906,43.2599983215332,43.290000915527344,42.364898681640625,70600
2021-10-22,43.38999938964844,43.38999938964844,43.209999084472656,43.25,42.325748443603516,130500
2021-10-25,43.2599983215332,43.349998474121094,43.18000030517578,43.33000183105469,42.4040412902832,132900
2021-10-26,43.43000030517578,43.43000030517578,43.27000045776367,43.349998474121094,42.423614501953125,86300
2021-10-27,43.290000915527344,43.43000030517578,43.279998779296875,43.34000015258789,42.4138298034668,97000
2021-10-28,43.279998779296875,43.43000030517578,43.279998779296875,43.33000183105469,42.4040412902832,108400
2021-10-29,43.349998474121094,43.5,43.279998779296875,43.369998931884766,42.44318389892578,76700
2021-11-01,43.130001068115234,43.33000183105469,43.130001068115234,43.33000183105469,42.58076858520508,449500
2021-11-02,43.2599983215332,43.34000015258789,43.2599983215332,43.310001373291016,42.56110763549805,119100
2021-11-03,43.369998931884766,43.40999984741211,43.290000915527344,43.290000915527344,42.54145812988281,92000
2021-11-04,43.279998779296875,43.470001220703125,43.279998779296875,43.400001525878906,42.64955520629883,213100
2021-11-05,43.5,43.529998779296875,43.43000030517578,43.529998779296875,42.77730941772461,136700
2021-11-08,43.5,43.52000045776367,43.40999984741211,43.45000076293945,42.698692321777344,136500
2021-11-09,43.41999816894531,43.45000076293945,43.34000015258789,43.36000061035156,42.61024856567383,137000
2021-11-10,43.209999084472656,43.25,42.91999816894531,42.939998626708984,42.197505950927734,224900
2021-11-11,42.93000030517578,43.0099983215332,42.79999923706055,42.79999923706055,42.0599250793457,135900
2021-11-12,42.84000015258789,42.90999984741211,42.779998779296875,42.779998779296875,42.04027557373047,150100
2021-11-15,42.79999923706055,42.81999969482422,42.61000061035156,42.63999938964844,41.90269088745117,133600
2021-11-16,42.70000076293945,42.790000915527344,42.59000015258789,42.630001068115234,41.89286422729492,132000
2021-11-17,42.63999938964844,42.63999938964844,42.52000045776367,42.63999938964844,41.90269088745117,244600
2021-11-18,42.599998474121094,42.709999084472656,42.540000915527344,42.54999923706055,41.81425476074219,180300
2021-11-19,42.630001068115234,42.630001068115234,42.529998779296875,42.56999969482422,41.83390426635742,129000
2021-11-22,42.529998779296875,42.65999984741211,42.349998474121094,42.36000061035156,41.627540588378906,137600
2021-11-23,42.310001373291016,42.380001068115234,42.2599983215332,42.27000045776367,41.539093017578125,110700
2021-11-24,42.20000076293945,42.41999816894531,42.119998931884766,42.349998474121094,41.61771011352539,103300
2021-11-26,42.27000045776367,42.380001068115234,41.959999084472656,42.099998474121094,41.372032165527344,131600
2021-11-29,42.16999816894531,42.31999969482422,42.15999984741211,42.220001220703125,41.489959716796875,164300
2021-11-30,42.279998779296875,42.310001373291016,42.09000015258789,42.27000045776367,41.539093017578125,155400
2021-12-01,42.25,42.439998626708984,42.119998931884766,42.20000076293945,41.64765167236328,135700
2021-12-02,42.099998474121094,42.369998931884766,42.099998474121094,42.279998779296875,41.72660827636719,118100
2021-12-03,42.25,42.34000015258789,42.15999984741211,42.220001220703125,41.66739273071289,159400
2021-12-06,42.29999923706055,42.41999816894531,42.20000076293945,42.369998931884766,41.815425872802734,365900
2021-12-07,42.5,42.63999938964844,42.470001220703125,42.4900016784668,41.93385696411133,139900
2021-12-08,42.439998626708984,42.47999954223633,42.34000015258789,42.38999938964844,41.835166931152344,295500
2021-12-09,42.29999923706055,42.47999954223633,42.279998779296875,42.31999969482422,41.766082763671875,157500
2021-12-10,42.5,42.5,42.2599983215332,42.33000183105469,41.77595520019531,121400
2021-12-13,42.31999969482422,42.380001068115234,42.27000045776367,42.380001068115234,41.82529830932617,111900
2021-12-14,42.220001220703125,42.310001373291016,42.220001220703125,42.220001220703125,41.66739273071289,146600
2021-12-15,42.18000030517578,42.380001068115234,42.18000030517578,42.29999923706055,41.74634552001953,121900
2021-12-16,42.369998931884766,42.63999938964844,42.310001373291016,42.63999938964844,42.08189392089844,174700
2021-12-17,42.41999816894531,42.47999954223633,42.25,42.29999923706055,41.923316955566406,1706400
2021-12-20,42.0099983215332,42.31999969482422,42.0099983215332,42.119998931884766,41.74492263793945,222600
2021-12-21,42.279998779296875,42.400001525878906,42.22999954223633,42.380001068115234,42.00260543823242,140500
2021-12-22,42.369998931884766,42.630001068115234,42.349998474121094,42.630001068115234,42.2503776550293,156500
2021-12-23,42.709999084472656,42.709999084472656,42.529998779296875,42.529998779296875,42.151268005371094,99600
2021-12-27,42.529998779296875,42.599998474121094,42.47999954223633,42.529998779296875,42.151268005371094,199100
2021-12-28,42.40999984741211,42.61000061035156,42.40999984741211,42.54999923706055,42.17109298706055,140400
2021-12-29,42.5099983215332,42.689998626708984,42.5099983215332,42.63999938964844,42.260292053222656,228300
2021-12-30,42.72999954223633,42.849998474121094,42.68000030517578,42.79999923706055,42.41886520385742,138700
2021-12-31,42.77000045776367,42.90999984741211,42.66999816894531,42.90999984741211,42.52788543701172,105100
2022-01-03,42.90999984741211,42.90999984741211,42.66999816894531,42.709999084472656,42.32966613769531,159700
2022-01-04,42.65999984741211,42.709999084472656,42.349998474121094,42.41999816894531,42.0422477722168,246000
2022-01-05,42.459999084472656,42.58000183105469,42.029998779296875,42.119998931884766,41.74492263793945,129100
2022-01-06,42.15999984741211,42.31999969482422,41.90999984741211,42.31999969482422,41.94314193725586,1341800
2022-01-07,42.310001373291016,42.310001373291016,42.06999969482422,42.290000915527344,41.91341018676758,465600
2022-01-10,42.22999954223633,42.22999954223633,42.060001373291016,42.22999954223633,41.853939056396484,257400
2022-01-11,42.150001525878906,42.459999084472656,42.130001068115234,42.38999938964844,42.012516021728516,211900
2022-01-12,42.43000030517578,42.45000076293945,42.33000183105469,42.41999816894531,42.0422477722168,135000
2022-01-13,42.5099983215332,42.540000915527344,42.40999984741211,42.439998626708984,42.06207275390625,156700
2022-01-14,42.369998931884766,42.439998626708984,42.290000915527344,42.310001373291016,41.933231353759766,181800
2022-01-18,42.15999984741211,42.22999954223633,42.040000915527344,42.040000915527344,41.66563415527344,206500
2022-01-19,42.08000183105469,42.220001220703125,42.08000183105469,42.11000061035156,41.73501205444336,313200
2022-01-20,42.220001220703125,42.29999923706055,42.040000915527344,42.040000915527344,41.66563415527344,227900
2022-01-21,42.029998779296875,42.13999938964844,41.970001220703125,42.040000915527344,41.66563415527344,215300
2022-01-24,41.900001525878906,41.97999954223633,41.689998626708984,41.97999954223633,41.60616683959961,252300
2022-01-25,41.79999923706055,41.88999938964844,41.720001220703125,41.79999923706055,41.42776870727539,292400
2022-01-26,42.0,42.02000045776367,41.369998931884766,41.459999084472656,41.090797424316406,197300
2022-01-27,41.529998779296875,41.66999816894531,40.689998626708984,40.70000076293945,40.33757019042969,204500
2022-01-28,40.650001525878906,40.88999938964844,40.369998931884766,40.77000045776367,40.406944274902344,207400
2022-01-31,40.689998626708984,41.25,40.689998626708984,41.220001220703125,40.852935791015625,241200
2022-02-01,41.029998779296875,41.18000030517578,40.95000076293945,41.09000015258789,40.9027099609375,685300
2022-02-02,41.220001220703125,41.22999954223633,40.779998779296875,40.84000015258789,40.653846740722656,350600
2022-02-03,40.779998779296875,40.779998779296875,40.380001068115234,40.52000045776367,40.33530807495117,180300
2022-02-04,40.45000076293945,40.45000076293945,40.029998779296875,40.029998779296875,39.847537994384766,181900
2022-02-07,40.029998779296875,40.150001525878906,39.9900016784668,40.0099983215332,39.82762908935547,213000
2022-02-08,39.97999954223633,40.02000045776367,39.650001525878906,39.709999084472656,39.52899932861328,302300
2022-02-09,39.79999923706055,39.88999938964844,39.68000030517578,39.720001220703125,39.53895568847656,494500
2022-02-10,39.52000045776367,39.52000045776367,39.04999923706055,39.2400016784668,39.06114196777344,269300
2022-02-11,39.290000915527344,39.34000015258789,38.79999923706055,38.93000030517578,38.75255584716797,453500
2022-02-14,38.849998474121094,38.849998474121094,38.41999816894531,38.58000183105469,38.404151916503906,262200
2022-02-15,38.54999923706055,38.88999938964844,38.54999923706055,38.7599983215332,38.58332824707031,233600
2022-02-16,38.63999938964844,39.16999816894531,38.63999938964844,39.099998474121094,38.921775817871094,287900
2022-02-17,39.0099983215332,39.400001525878906,39.0,39.08000183105469,38.90187072753906,309300
2022-02-18,39.20000076293945,39.29999923706055,39.09000015258789,39.13999938964844,38.96159744262695,751600
2022-02-22,38.97999954223633,39.119998931884766,38.90999984741211,39.040000915527344,38.86205291748047,207200
2022-02-23,39.130001068115234,39.130001068115234,38.91999816894531,38.970001220703125,38.79237365722656,160400
2022-02-24,38.880001068115234,39.09000015258789,38.56999969482422,39.09000015258789,38.91182327270508,208000
2022-02-25,39.0099983215332,39.470001220703125,39.0,39.380001068115234,39.200504302978516,200100
2022-02-28,39.279998779296875,39.58000183105469,39.279998779296875,39.4900016784668,39.310001373291016,96000
2022-03-01,39.34000015258789,39.5,39.189998626708984,39.279998779296875,39.279998779296875,338300
2022-03-02,39.220001220703125,39.34000015258789,39.18000030517578,39.27000045776367,39.27000045776367,95800
2022-03-03,39.29999923706055,39.40999984741211,39.16999816894531,39.22999954223633,39.22999954223633,93400
2022-03-04,39.09000015258789,39.16999816894531,38.91999816894531,38.95000076293945,38.95000076293945,121400
2022-03-07,38.880001068115234,38.939998626708984,38.560001373291016,38.58000183105469,38.58000183105469,113000
2022-03-08,38.540000915527344,38.65999984741211,38.43000030517578,38.47999954223633,38.47999954223633,182700
2022-03-09,38.68000030517578,38.83000183105469,38.599998474121094,38.720001220703125,38.720001220703125,102400
2022-03-10,38.630001068115234,38.630001068115234,38.439998626708984,38.52000045776367,38.52000045776367,138200
2022-03-11,38.599998474121094,38.70000076293945,38.31999969482422,38.34000015258789,38.34000015258789,156400
2022-03-14,38.27000045776367,38.27000045776367,37.560001373291016,37.65999984741211,37.65999984741211,169500
2022-03-15,37.810001373291016,37.959999084472656,37.709999084472656,37.88999938964844,37.88999938964844,138900
2022-03-16,37.9900016784668,38.25,37.869998931884766,38.25,38.25,214600
2022-03-17,38.2400016784668,38.619998931884766,38.2400016784668,38.58000183105469,38.58000183105469,420300
2022-03-18,38.45000076293945,38.81999969482422,38.45000076293945,38.81999969482422,38.81999969482422,461900
2022-03-21,38.7599983215332,38.81999969482422,38.369998931884766,38.43000030517578,38.43000030517578,190700
2022-03-22,38.38999938964844,38.38999938964844,38.20000076293945,38.209999084472656,38.209999084472656,368300
2022-03-23,38.27000045776367,38.400001525878906,38.18000030517578,38.279998779296875,38.279998779296875,140800
2022-03-24,38.209999084472656,38.40999984741211,38.209999084472656,38.31999969482422,38.31999969482422,97100
2022-03-25,38.25,38.25149917602539,38.0,38.05500030517578,38.05500030517578,117836
