Date,Open,High,Low,Close,Adj Close,Volume
2013-02-14,14.600000381469727,14.800000190734863,14.4399995803833,14.800000190734863,3.6150450706481934,244300
2013-02-15,14.699999809265137,14.829999923706055,14.600000381469727,14.800000190734863,3.6150450706481934,23800
2013-02-19,14.890000343322754,15.399999618530273,14.6899995803833,14.75,3.6028318405151367,11000
2013-02-20,14.800000190734863,14.899999618530273,14.600000381469727,14.800000190734863,3.6150450706481934,28400
2013-02-21,14.699999809265137,14.739999771118164,14.600000381469727,14.739999771118164,3.6003897190093994,2600
2013-02-22,14.65999984741211,14.75,14.609999656677246,14.739999771118164,3.6003897190093994,5000
2013-02-25,14.699999809265137,14.710000038146973,14.600000381469727,14.670000076293945,3.583289384841919,7000
2013-02-26,14.609999656677246,14.710000038146973,14.600000381469727,14.6899995803833,3.588176727294922,16100
2013-02-27,14.739999771118164,14.739999771118164,14.600000381469727,14.600000381469727,3.5661909580230713,6800
2013-02-28,14.699999809265137,14.699999809265137,14.399999618530273,14.489999771118164,3.5393240451812744,16200
2013-03-01,14.550000190734863,14.550000190734863,14.399999618530273,14.399999618530273,3.517340660095215,59700
2013-03-04,14.390000343322754,14.489999771118164,14.210000038146973,14.489999771118164,3.5393240451812744,11100
2013-03-05,14.300000190734863,14.399999618530273,14.199999809265137,14.399999618530273,3.517340660095215,12300
2013-03-06,14.359999656677246,14.449999809265137,14.300000190734863,14.449999809265137,3.5295534133911133,16300
2013-03-07,14.350000381469727,14.40999984741211,14.350000381469727,14.399999618530273,3.517340660095215,4300
2013-03-08,14.479999542236328,14.6899995803833,14.479999542236328,14.6899995803833,3.588176727294922,1100
2013-03-11,14.6899995803833,14.6899995803833,14.010000228881836,14.550000190734863,3.553981304168701,16300
2013-03-12,14.449999809265137,14.5,14.0,14.399999618530273,3.517340660095215,18900
2013-03-13,14.5,14.600000381469727,14.350000381469727,14.5,3.5417661666870117,12700
2013-03-14,14.5,14.600000381469727,14.449999809265137,14.550000190734863,3.553981304168701,5700
2013-03-15,14.40999984741211,14.550000190734863,14.100000381469727,14.100000381469727,3.4440619945526123,21700
2013-03-18,14.149999618530273,14.329999923706055,14.050000190734863,14.25,3.4807002544403076,13700
2013-03-19,14.350000381469727,14.350000381469727,14.119999885559082,14.199999809265137,3.4684879779815674,19300
2013-03-20,14.300000190734863,14.390000343322754,14.109999656677246,14.350000381469727,3.505126953125,8900
2013-03-21,14.300000190734863,14.300000190734863,14.0,14.1899995803833,3.498961925506592,7900
2013-03-22,14.220000267028809,14.25,13.619999885559082,13.819999694824219,3.4077301025390625,57900
2013-03-25,14.229999542236328,14.229999542236328,13.720000267028809,13.720000267028809,3.383070230484009,1800
2013-03-26,14.140000343322754,14.140000343322754,13.5,13.989999771118164,3.4496452808380127,21000
2013-03-27,14.0,14.0,13.75,13.850000381469727,3.4151253700256348,19700
2013-03-28,13.720000267028809,13.989999771118164,13.510000228881836,13.979999542236328,3.447181463241577,12500
2013-04-01,13.949999809265137,13.970000267028809,13.850000381469727,13.9399995803833,3.437317371368408,3700
2013-04-02,13.899999618530273,14.0,13.520000457763672,13.779999732971191,3.3978657722473145,10500
2013-04-03,13.789999961853027,13.949999809265137,13.760000228881836,13.760000228881836,3.3929340839385986,5300
2013-04-04,13.800000190734863,13.989999771118164,13.800000190734863,13.8100004196167,3.4052634239196777,3800
2013-04-05,13.800000190734863,13.970000267028809,13.760000228881836,13.970000267028809,3.4447147846221924,4600
2013-04-08,13.970000267028809,13.970000267028809,13.600000381469727,13.649999618530273,3.3658106327056885,7600
2013-04-09,13.649999618530273,13.779999732971191,13.180000305175781,13.729999542236328,3.3855345249176025,13200
2013-04-10,13.729999542236328,14.0,13.729999542236328,13.970000267028809,3.4447147846221924,28000
2013-04-11,13.90999984741211,13.960000038146973,13.84000015258789,13.960000038146973,3.4422500133514404,19300
2013-04-12,13.829999923706055,13.899999618530273,13.600000381469727,13.630000114440918,3.3608779907226562,9300
2013-04-15,13.6899995803833,13.899999618530273,13.550000190734863,13.550000190734863,3.341151475906372,8500
2013-04-16,13.699999809265137,13.779999732971191,13.520000457763672,13.520000457763672,3.333754777908325,7400
2013-04-17,13.510000228881836,13.600000381469727,13.25,13.329999923706055,3.2869043350219727,13800
2013-04-18,13.40999984741211,13.850000381469727,13.399999618530273,13.399999618530273,3.3041656017303467,25700
2013-04-19,13.449999809265137,13.539999961853027,13.1899995803833,13.210000038146973,3.2573153972625732,17800
2013-04-22,13.300000190734863,13.59000015258789,13.300000190734863,13.390000343322754,3.3016984462738037,23500
2013-04-23,13.260000228881836,13.300000190734863,13.149999618530273,13.229999542236328,3.2954704761505127,13800
2013-04-24,13.300000190734863,13.300000190734863,13.020000457763672,13.220000267028809,3.2929813861846924,20900
2013-04-25,13.199999809265137,13.300000190734863,13.149999618530273,13.1899995803833,3.285506248474121,9300
2013-04-26,13.199999809265137,13.390000343322754,13.199999809265137,13.210000038146973,3.2904906272888184,13800
2013-04-29,13.449999809265137,13.539999961853027,13.399999618530273,13.449999809265137,3.3502707481384277,4900
2013-04-30,13.399999618530273,13.550000190734863,13.399999618530273,13.399999618530273,3.3378162384033203,9000
2013-05-01,13.5,13.5,13.319999694824219,13.380000114440918,3.332834005355835,1700
2013-05-02,13.5,13.5,13.300000190734863,13.380000114440918,3.332834005355835,9900
2013-05-03,13.489999771118164,13.539999961853027,13.170000076293945,13.510000228881836,3.3652164936065674,26800
2013-05-06,13.579999923706055,13.59000015258789,13.210000038146973,13.390000343322754,3.3353271484375,19900
2013-05-07,13.529999732971191,13.529999732971191,13.180000305175781,13.470000267028809,3.355252504348755,13000
2013-05-08,13.350000381469727,13.430000305175781,13.279999732971191,13.420000076293945,3.342799186706543,6300
2013-05-09,13.5,13.569999694824219,13.300000190734863,13.300000190734863,3.3129074573516846,7000
2013-05-10,13.380000114440918,13.470000267028809,13.34000015258789,13.430000305175781,3.345289707183838,10100
2013-05-13,13.550000190734863,13.649999618530273,13.3100004196167,13.319999694824219,3.317889928817749,11400
2013-05-14,13.329999923706055,13.390000343322754,13.3100004196167,13.3100004196167,3.3153998851776123,16400
2013-05-15,13.3100004196167,13.350000381469727,13.15999984741211,13.15999984741211,3.2780356407165527,14000
2013-05-16,13.25,13.399999618530273,13.25,13.300000190734863,3.3129074573516846,8900
2013-05-17,13.300000190734863,13.5,13.199999809265137,13.34000015258789,3.3228719234466553,13900
2013-05-20,13.449999809265137,13.489999771118164,13.399999618530273,13.470000267028809,3.355252504348755,8200
2013-05-21,13.510000228881836,13.59000015258789,13.319999694824219,13.369999885559082,3.3303439617156982,12000
2013-05-22,13.40999984741211,13.800000190734863,13.369999885559082,13.710000038146973,3.4150354862213135,28900
2013-05-23,13.520000457763672,13.520000457763672,13.109999656677246,13.449999809265137,3.3835887908935547,11500
2013-05-24,13.449999809265137,13.479999542236328,13.210000038146973,13.4399995803833,3.381073474884033,5600
2013-05-28,13.649999618530273,13.649999618530273,12.800000190734863,12.859999656677246,3.2351648807525635,37400
2013-05-29,13.890000343322754,13.890000343322754,12.319999694824219,12.75,3.2074923515319824,40600
2013-05-30,12.649999618530273,12.649999618530273,12.449999809265137,12.460000038146973,3.1345365047454834,22900
2013-05-31,12.569999694824219,12.600000381469727,12.0,12.010000228881836,3.021331548690796,15200
2013-06-03,12.069999694824219,12.220000267028809,11.90999984741211,12.119999885559082,3.049004554748535,18200
2013-06-04,12.050000190734863,12.180000305175781,11.75,11.8100004196167,2.9710171222686768,12700
2013-06-05,11.930000305175781,11.930000305175781,11.710000038146973,11.800000190734863,2.9685020446777344,3400
2013-06-06,11.850000381469727,12.300000190734863,11.800000190734863,12.300000190734863,3.0942862033843994,11200
2013-06-07,12.3100004196167,12.34000015258789,12.260000228881836,12.260000228881836,3.0842232704162598,4800
2013-06-10,12.3100004196167,12.430000305175781,12.260000228881836,12.430000305175781,3.1269893646240234,6300
2013-06-11,12.399999618530273,12.539999961853027,12.380000114440918,12.510000228881836,3.1471152305603027,9500
2013-06-12,12.600000381469727,12.649999618530273,12.319999694824219,12.390000343322754,3.1169276237487793,9500
2013-06-13,12.399999618530273,12.59000015258789,12.380000114440918,12.59000015258789,3.167241096496582,6800
2013-06-14,12.600000381469727,12.600000381469727,12.25,12.289999961853027,3.0917701721191406,19400
2013-06-17,12.399999618530273,12.649999618530273,12.399999618530273,12.479999542236328,3.139568328857422,15700
2013-06-18,12.579999923706055,12.579999923706055,12.0600004196167,12.079999923706055,3.038940668106079,21200
2013-06-19,12.149999618530273,12.199999809265137,12.100000381469727,12.149999618530273,3.0565502643585205,10600
2013-06-20,12.100000381469727,12.100000381469727,11.5,11.649999618530273,2.9307665824890137,30300
2013-06-21,11.539999961853027,11.84000015258789,11.399999618530273,11.84000015258789,3.0134851932525635,35900
2013-06-24,11.800000190734863,11.800000190734863,10.600000381469727,11.180000305175781,2.84550404548645,51800
2013-06-25,11.199999809265137,11.710000038146973,10.670000076293945,11.119999885559082,2.8302323818206787,18200
2013-06-26,11.109999656677246,11.460000038146973,11.109999656677246,11.40999984741211,2.904042959213257,8500
2013-06-27,11.380000114440918,11.40999984741211,11.109999656677246,11.359999656677246,2.8913166522979736,12200
2013-06-28,11.380000114440918,11.380000114440918,11.289999961853027,11.289999961853027,2.8735008239746094,13800
2013-07-01,11.34000015258789,11.569999694824219,11.1899995803833,11.199999809265137,2.850593090057373,10600
2013-07-02,11.25,11.550000190734863,11.199999809265137,11.279999732971191,2.8709559440612793,13700
2013-07-03,11.279999732971191,11.329999923706055,11.25,11.300000190734863,2.8760457038879395,2100
2013-07-05,11.34000015258789,11.34000015258789,11.15999984741211,11.1899995803833,2.8480489253997803,6400
2013-07-08,11.199999809265137,11.199999809265137,10.800000190734863,10.819999694824219,2.7538771629333496,17100
2013-07-09,10.8100004196167,10.8100004196167,10.350000381469727,10.350000381469727,2.6342546939849854,19400
2013-07-10,10.5,10.899999618530273,10.5,10.899999618530273,2.7742393016815186,29400
2013-07-11,11.010000228881836,11.760000228881836,10.920000076293945,11.710000038146973,2.980398654937744,20800
2013-07-12,11.760000228881836,12.220000267028809,11.760000228881836,11.979999542236328,3.049118757247925,11100
2013-07-15,12.029999732971191,12.65999984741211,11.800000190734863,12.520000457763672,3.186556816101074,12200
2013-07-16,12.59000015258789,12.84000015258789,12.420000076293945,12.420000076293945,3.161104440689087,22900
2013-07-17,12.529999732971191,12.819999694824219,12.229999542236328,12.229999542236328,3.1127474308013916,11100
2013-07-18,12.199999809265137,12.9399995803833,12.199999809265137,12.449999809265137,3.16874098777771,21600
2013-07-19,12.550000190734863,12.600000381469727,12.25,12.380000114440918,3.1509227752685547,10700
2013-07-22,12.380000114440918,12.539999961853027,12.170000076293945,12.390000343322754,3.1534695625305176,37600
2013-07-23,12.350000381469727,12.449999809265137,12.260000228881836,12.279999732971191,3.159903049468994,9500
2013-07-24,12.380000114440918,12.380000114440918,11.65999984741211,11.710000038146973,3.013230562210083,19100
2013-07-25,11.779999732971191,11.819999694824219,11.720000267028809,11.75,3.0235226154327393,2200
2013-07-26,11.75,11.770000457763672,11.5,11.569999694824219,2.9772047996520996,35600
2013-07-29,11.569999694824219,11.6899995803833,11.5600004196167,11.6899995803833,3.008082151412964,9500
2013-07-30,11.720000267028809,11.729999542236328,11.550000190734863,11.729999542236328,3.018375873565674,1400
2013-07-31,11.739999771118164,11.739999771118164,11.0,11.350000381469727,2.920593738555908,23400
2013-08-01,11.229999542236328,11.5,11.180000305175781,11.180000305175781,2.876849889755249,5800
2013-08-02,11.170000076293945,11.350000381469727,11.170000076293945,11.229999542236328,2.8897154331207275,6700
2013-08-05,11.199999809265137,11.319999694824219,11.199999809265137,11.319999694824219,2.912874937057495,6200
2013-08-06,11.699999809265137,11.699999809265137,11.149999618530273,11.399999618530273,2.9334590435028076,4000
2013-08-07,11.489999771118164,11.550000190734863,11.149999618530273,11.149999618530273,2.8691306114196777,6600
2013-08-08,11.15999984741211,11.300000190734863,11.15999984741211,11.15999984741211,2.871703624725342,4300
2013-08-09,11.779999732971191,11.779999732971191,11.170000076293945,11.350000381469727,2.920593738555908,5000
2013-08-12,11.479999542236328,11.479999542236328,10.979999542236328,11.069999694824219,2.8485443592071533,25600
2013-08-13,11.050000190734863,11.289999961853027,10.979999542236328,11.170000076293945,2.8742763996124268,7300
2013-08-14,11.170000076293945,11.239999771118164,11.0,11.15999984741211,2.871703624725342,7900
2013-08-15,11.149999618530273,11.300000190734863,11.100000381469727,11.199999809265137,2.88199520111084,3700
2013-08-16,11.399999618530273,11.789999961853027,11.149999618530273,11.199999809265137,2.88199520111084,21400
2013-08-19,11.199999809265137,11.970000267028809,10.979999542236328,11.149999618530273,2.8691306114196777,25600
2013-08-20,11.329999923706055,11.350000381469727,10.699999809265137,10.899999618530273,2.804800271987915,26500
2013-08-21,10.899999618530273,11.229999542236328,10.699999809265137,10.699999809265137,2.753335952758789,18800
2013-08-22,10.670000076293945,10.739999771118164,10.600000381469727,10.609999656677246,2.765064001083374,25900
2013-08-23,10.619999885559082,10.989999771118164,10.619999885559082,10.800000190734863,2.8145782947540283,17200
2013-08-26,10.899999618530273,11.229999542236328,10.899999618530273,11.0,2.8667001724243164,16200
2013-08-27,11.210000038146973,11.210000038146973,10.989999771118164,11.0,2.8667001724243164,2000
2013-08-28,10.930000305175781,10.9399995803833,10.609999656677246,10.779999732971191,2.809366464614868,9300
2013-08-29,10.670000076293945,10.760000228881836,10.600000381469727,10.609999656677246,2.765064001083374,25700
2013-08-30,10.699999809265137,11.010000228881836,10.600000381469727,10.600000381469727,2.7624564170837402,8500
2013-09-03,10.619999885559082,10.649999618530273,10.050000190734863,10.319999694824219,2.689486503601074,37100
2013-09-04,10.5600004196167,10.5600004196167,10.25,10.25,2.671243906021118,5200
2013-09-05,10.199999809265137,10.239999771118164,10.020000457763672,10.210000038146973,2.6608200073242188,9200
2013-09-06,10.239999771118164,10.699999809265137,10.239999771118164,10.59000015258789,2.7598507404327393,10500
2013-09-09,10.670000076293945,10.670000076293945,10.579999923706055,10.579999923706055,2.7572450637817383,600
2013-09-10,10.569999694824219,10.600000381469727,10.5,10.600000381469727,2.7624564170837402,8900
2013-09-11,10.699999809265137,10.970000267028809,10.65999984741211,10.890000343322754,2.8380320072174072,31700
2013-09-12,10.930000305175781,10.989999771118164,10.880000114440918,10.899999618530273,2.8406403064727783,19000
2013-09-13,10.989999771118164,11.0,10.65999984741211,10.84000015258789,2.825002431869507,37800
2013-09-16,10.949999809265137,11.010000228881836,10.680000305175781,10.899999618530273,2.8406403064727783,46400
2013-09-17,11.25,11.319999694824219,11.020000457763672,11.180000305175781,2.9136099815368652,58200
2013-09-18,11.479999542236328,11.5,11.109999656677246,11.390000343322754,2.9683361053466797,52700
2013-09-19,11.399999618530273,11.479999542236328,11.229999542236328,11.300000190734863,2.9448843002319336,37500
2013-09-20,11.319999694824219,11.59000015258789,11.100000381469727,11.100000381469727,2.8927605152130127,60000
2013-09-23,11.199999809265137,11.460000038146973,10.9399995803833,11.149999618530273,2.9415664672851562,49000
2013-09-24,11.199999809265137,11.4399995803833,11.100000381469727,11.149999618530273,2.9415664672851562,7000
2013-09-25,11.0,11.390000343322754,10.930000305175781,11.239999771118164,2.965311288833618,36700
2013-09-26,11.149999618530273,11.380000114440918,11.0600004196167,11.149999618530273,2.9415664672851562,29600
2013-09-27,11.130000114440918,11.369999885559082,11.0,11.149999618530273,2.9415664672851562,12100
2013-09-30,11.210000038146973,11.319999694824219,10.930000305175781,10.970000267028809,2.894080400466919,7500
2013-10-01,10.90999984741211,11.220000267028809,10.90999984741211,11.210000038146973,2.9573965072631836,8100
2013-10-02,11.210000038146973,11.220000267028809,11.050000190734863,11.210000038146973,2.9573965072631836,15700
2013-10-03,10.960000038146973,11.430000305175781,10.9399995803833,11.180000305175781,2.949481964111328,30200
2013-10-04,11.350000381469727,11.380000114440918,11.029999732971191,11.229999542236328,2.9626736640930176,14000
2013-10-07,11.149999618530273,11.34000015258789,11.149999618530273,11.319999694824219,2.9864158630371094,12400
2013-10-08,11.25,11.350000381469727,11.229999542236328,11.329999923706055,2.9890544414520264,14000
2013-10-09,11.350000381469727,11.489999771118164,11.25,11.449999809265137,3.020712375640869,9600
2013-10-10,11.539999961853027,11.729999542236328,11.5,11.720000267028809,3.0919437408447266,21900
2013-10-11,11.710000038146973,11.880000114440918,11.600000381469727,11.789999961853027,3.110410451889038,30400
2013-10-14,11.800000190734863,12.180000305175781,11.680000305175781,11.899999618530273,3.1394312381744385,25100
2013-10-15,12.0,12.25,12.0,12.140000343322754,3.202747106552124,22300
2013-10-16,12.100000381469727,12.3100004196167,12.100000381469727,12.289999961853027,3.2423202991485596,9100
2013-10-17,12.289999961853027,12.720000267028809,12.260000228881836,12.4399995803833,3.281893253326416,57800
2013-10-18,12.5,12.550000190734863,12.399999618530273,12.479999542236328,3.292444944381714,56800
2013-10-21,12.4399995803833,12.539999961853027,12.4399995803833,12.520000457763672,3.3029985427856445,37600
2013-10-22,12.539999961853027,12.850000381469727,12.470000267028809,12.470000267028809,3.2898061275482178,64600
2013-10-23,12.600000381469727,12.720000267028809,12.5,12.520000457763672,3.339148759841919,30300
2013-10-24,12.520000457763672,12.65999984741211,12.420000076293945,12.5,3.3338122367858887,33100
2013-10-25,12.40999984741211,12.520000457763672,12.40999984741211,12.520000457763672,3.339148759841919,11100
2013-10-28,12.520000457763672,12.829999923706055,12.079999923706055,12.1899995803833,3.2511346340179443,79900
2013-10-29,12.079999923706055,12.079999923706055,11.670000076293945,11.699999809265137,3.1204490661621094,23700
2013-10-30,12.020000457763672,12.020000457763672,11.699999809265137,11.90999984741211,3.1764585971832275,24600
2013-10-31,11.829999923706055,12.180000305175781,11.829999923706055,11.930000305175781,3.1817896366119385,9500
2013-11-01,11.90999984741211,11.949999809265137,11.75,11.8100004196167,3.149787425994873,13900
2013-11-04,11.8100004196167,11.899999618530273,11.739999771118164,11.760000228881836,3.1364526748657227,26200
2013-11-05,11.739999771118164,11.880000114440918,11.65999984741211,11.699999809265137,3.1204490661621094,25500
2013-11-06,11.649999618530273,11.6899995803833,11.569999694824219,11.609999656677246,3.096446990966797,16200
2013-11-07,11.75,11.75,11.600000381469727,11.729999542236328,3.128450632095337,5300
2013-11-08,11.75,11.75,11.59000015258789,11.75,3.1337835788726807,19000
2013-11-11,11.619999885559082,11.729999542236328,11.5,11.600000381469727,3.0937788486480713,25900
2013-11-12,11.5600004196167,11.6899995803833,11.510000228881836,11.550000190734863,3.0804443359375,11100
2013-11-13,11.619999885559082,11.890000343322754,11.569999694824219,11.739999771118164,3.131117582321167,27600
2013-11-14,11.670000076293945,11.890000343322754,11.670000076293945,11.869999885559082,3.1657893657684326,14000
2013-11-15,11.949999809265137,12.020000457763672,11.850000381469727,12.020000457763672,3.2057948112487793,11100
2013-11-18,12.140000343322754,12.430000305175781,12.140000343322754,12.300000190734863,3.280472993850708,52100
2013-11-19,12.430000305175781,12.449999809265137,12.279999732971191,12.319999694824219,3.285806179046631,22900
2013-11-20,12.489999771118164,12.5,12.119999885559082,12.119999885559082,3.232466697692871,45000
2013-11-21,12.25,12.390000343322754,12.199999809265137,12.350000381469727,3.3309104442596436,42500
2013-11-22,12.319999694824219,12.359999656677246,12.109999656677246,12.119999885559082,3.2688770294189453,13600
2013-11-25,12.229999542236328,12.239999771118164,12.130000114440918,12.15999984741211,3.2796640396118164,13600
2013-11-26,12.170000076293945,12.329999923706055,12.109999656677246,12.289999961853027,3.3147268295288086,16600
2013-11-27,12.319999694824219,12.329999923706055,12.229999542236328,12.229999542236328,3.2985448837280273,8400
2013-11-29,12.289999961853027,12.289999961853027,12.149999618530273,12.15999984741211,3.2796640396118164,3100
2013-12-02,12.15999984741211,12.170000076293945,12.100000381469727,12.109999656677246,3.2661805152893066,19000
2013-12-03,12.100000381469727,12.220000267028809,12.100000381469727,12.220000267028809,3.2958478927612305,14200
2013-12-04,12.140000343322754,12.300000190734863,12.119999885559082,12.130000114440918,3.271573066711426,3600
2013-12-05,12.15999984741211,12.470000267028809,12.119999885559082,12.140000343322754,3.2742693424224854,26700
2013-12-06,12.260000228881836,12.289999961853027,12.109999656677246,12.289999961853027,3.3147268295288086,9200
2013-12-09,12.180000305175781,12.220000267028809,11.979999542236328,11.979999542236328,3.2311177253723145,19800
2013-12-10,12.029999732971191,12.210000038146973,11.869999885559082,11.960000038146973,3.2257213592529297,20700
2013-12-11,11.979999542236328,12.09000015258789,11.880000114440918,12.039999961853027,3.2473011016845703,8400
2013-12-12,12.109999656677246,12.369999885559082,12.109999656677246,12.350000381469727,3.3309104442596436,25700
2013-12-13,12.470000267028809,12.84000015258789,12.399999618530273,12.729999542236328,3.4333982467651367,66700
2013-12-16,12.720000267028809,12.930000305175781,12.720000267028809,12.75,3.4387924671173096,78200
2013-12-17,12.75,12.800000190734863,12.550000190734863,12.600000381469727,3.398336410522461,32500
2013-12-18,12.699999809265137,12.979999542236328,12.619999885559082,12.819999694824219,3.457672595977783,18800
2013-12-19,12.90999984741211,13.25,12.789999961853027,13.170000076293945,3.5520710945129395,48400
2013-12-20,13.020000457763672,13.239999771118164,13.010000228881836,13.149999618530273,3.5466761589050293,78400
2013-12-23,13.010000228881836,13.010000228881836,12.550000190734863,12.890000343322754,3.5248022079467773,33900
2013-12-24,12.800000190734863,13.0,12.75,12.760000228881836,3.489250659942627,17700
2013-12-26,12.800000190734863,12.800000190734863,12.760000228881836,12.800000190734863,3.500189781188965,9800
2013-12-27,12.84000015258789,13.100000381469727,12.75,12.880000114440918,3.522066831588745,37500
2013-12-30,13.010000228881836,13.180000305175781,12.899999618530273,13.079999923706055,3.5767569541931152,17400
2013-12-31,12.960000038146973,13.069999694824219,12.760000228881836,13.0,3.554880142211914,29600
2014-01-02,12.859999656677246,13.239999771118164,12.859999656677246,13.229999542236328,3.6177730560302734,23900
2014-01-03,13.220000267028809,13.510000228881836,13.220000267028809,13.390000343322754,3.6615259647369385,38600
2014-01-06,13.390000343322754,13.75,13.329999923706055,13.420000076293945,3.669731378555298,67600
2014-01-07,13.460000038146973,13.460000038146973,13.170000076293945,13.229999542236328,3.6177730560302734,30000
2014-01-08,13.210000038146973,13.600000381469727,13.079999923706055,13.380000114440918,3.6587905883789062,23000
2014-01-09,13.479999542236328,13.510000228881836,13.279999732971191,13.329999923706055,3.6451187133789062,22700
2014-01-10,13.5,13.770000457763672,13.399999618530273,13.630000114440918,3.727156639099121,28700
2014-01-13,13.710000038146973,14.399999618530273,13.699999809265137,13.779999732971191,3.7681729793548584,56600
2014-01-14,13.720000267028809,13.979999542236328,13.5,13.5600004196167,3.7080140113830566,79100
2014-01-15,13.5,13.630000114440918,13.300000190734863,13.5,3.6916065216064453,67000
2014-01-16,13.510000228881836,13.510000228881836,13.0,13.0,3.554880142211914,193400
2014-01-17,12.420000076293945,12.449999809265137,12.210000038146973,12.350000381469727,3.37713623046875,1472700
2014-01-21,12.420000076293945,12.4399995803833,12.350000381469727,12.380000114440918,3.385340452194214,255700
2014-01-22,12.399999618530273,12.489999771118164,12.399999618530273,12.399999618530273,3.3908095359802246,288100
2014-01-23,12.350000381469727,12.350000381469727,11.819999694824219,12.1899995803833,3.38248348236084,157600
2014-01-24,12.140000343322754,12.270000457763672,12.100000381469727,12.199999809265137,3.385258674621582,87000
2014-01-27,12.270000457763672,12.489999771118164,12.210000038146973,12.390000343322754,3.4379796981811523,408600
2014-01-28,12.390000343322754,12.390000343322754,12.199999809265137,12.270000457763672,3.4046812057495117,176400
2014-01-29,12.260000228881836,12.279999732971191,12.1899995803833,12.270000457763672,3.4046812057495117,61700
2014-01-30,12.300000190734863,12.34000015258789,12.170000076293945,12.260000228881836,3.4019079208374023,88600
2014-01-31,12.279999732971191,12.329999923706055,12.270000457763672,12.3100004196167,3.4157822132110596,56900
2014-02-03,12.329999923706055,12.380000114440918,12.229999542236328,12.34000015258789,3.424105644226074,84400
2014-02-04,12.380000114440918,12.430000305175781,12.300000190734863,12.300000190734863,3.41300630569458,85700
2014-02-05,12.329999923706055,12.449999809265137,12.25,12.25,3.399132251739502,69800
2014-02-06,12.270000457763672,12.359999656677246,12.25,12.3100004196167,3.4157822132110596,52900
2014-02-07,12.319999694824219,12.350000381469727,12.3100004196167,12.329999923706055,3.4213321208953857,72300
2014-02-10,12.319999694824219,12.350000381469727,12.300000190734863,12.329999923706055,3.4213321208953857,99100
2014-02-11,12.359999656677246,12.4399995803833,12.359999656677246,12.380000114440918,3.4352056980133057,84700
2014-02-12,12.479999542236328,12.5,12.390000343322754,12.420000076293945,3.446305751800537,142500
2014-02-13,12.4399995803833,12.5,12.40999984741211,12.479999542236328,3.4629549980163574,158000
2014-02-14,12.5,12.550000190734863,12.470000267028809,12.520000457763672,3.4740543365478516,169500
2014-02-18,12.520000457763672,12.680000305175781,12.5,12.550000190734863,3.4823784828186035,143200
2014-02-19,12.75,12.789999961853027,12.649999618530273,12.75,3.5378732681274414,204700
2014-02-20,12.800000190734863,12.890000343322754,12.75,12.779999732971191,3.5461978912353516,185900
2014-02-21,12.75,12.75,12.359999656677246,12.619999885559082,3.551826000213623,107800
2014-02-24,12.600000381469727,12.770000457763672,12.510000228881836,12.670000076293945,3.565899133682251,73100
2014-02-25,12.760000228881836,12.779999732971191,12.670000076293945,12.6899995803833,3.571528434753418,75300
2014-02-26,12.680000305175781,12.779999732971191,12.470000267028809,12.510000228881836,3.5208683013916016,122400
2014-02-27,12.619999885559082,12.710000038146973,12.5600004196167,12.699999809265137,3.5743415355682373,54100
2014-02-28,12.739999771118164,12.75,12.600000381469727,12.670000076293945,3.565899133682251,81300
2014-03-03,12.670000076293945,12.779999732971191,12.649999618530273,12.779999732971191,3.596858263015747,67500
2014-03-04,12.699999809265137,12.890000343322754,12.680000305175781,12.770000457763672,3.5940463542938232,132500
2014-03-05,12.760000228881836,13.329999923706055,12.760000228881836,12.9399995803833,3.641887903213501,116800
2014-03-06,13.010000228881836,13.279999732971191,12.819999694824219,12.930000305175781,3.6390740871429443,77700
2014-03-07,13.0,13.100000381469727,12.899999618530273,13.039999961853027,3.670032501220703,72900
2014-03-10,13.119999885559082,13.130000114440918,12.949999809265137,12.960000038146973,3.6475181579589844,76300
2014-03-11,12.989999771118164,13.0,12.899999618530273,12.90999984741211,3.6334469318389893,60400
2014-03-12,12.979999542236328,13.25,12.970000267028809,13.210000038146973,3.717878818511963,82800
2014-03-13,13.210000038146973,13.40999984741211,13.149999618530273,13.350000381469727,3.7572813034057617,117300
2014-03-14,13.460000038146973,13.539999961853027,13.279999732971191,13.4399995803833,3.7826108932495117,114700
2014-03-17,13.399999618530273,13.5,12.8100004196167,12.859999656677246,3.6193745136260986,287500
2014-03-18,13.100000381469727,13.260000228881836,12.899999618530273,12.920000076293945,3.636260986328125,296700
2014-03-19,12.449999809265137,12.460000038146973,12.25,12.399999618530273,3.4899089336395264,2620200
2014-03-20,12.359999656677246,12.369999885559082,12.199999809265137,12.229999542236328,3.4420623779296875,272400
2014-03-21,12.329999923706055,12.40999984741211,12.279999732971191,12.399999618530273,3.4899089336395264,400400
2014-03-24,12.25,12.350000381469727,12.119999885559082,12.220000267028809,3.4899089336395264,315500
2014-03-25,12.239999771118164,12.300000190734863,11.970000267028809,12.109999656677246,3.458494186401367,286700
2014-03-26,12.09000015258789,12.09000015258789,11.710000038146973,11.8100004196167,3.372816562652588,377100
2014-03-27,11.819999694824219,12.100000381469727,11.8100004196167,11.869999885559082,3.3899524211883545,210100
2014-03-28,12.100000381469727,12.100000381469727,11.699999809265137,11.699999809265137,3.3414013385772705,279700
2014-03-31,11.699999809265137,11.880000114440918,11.699999809265137,11.880000114440918,3.3928074836730957,211100
2014-04-01,11.880000114440918,12.039999961853027,11.880000114440918,12.0,3.427079677581787,106200
2014-04-02,12.0,12.149999618530273,12.0,12.119999885559082,3.461350202560425,99700
2014-04-03,12.100000381469727,12.199999809265137,12.020000457763672,12.15999984741211,3.4727730751037598,128300
2014-04-04,12.210000038146973,12.239999771118164,12.15999984741211,12.199999809265137,3.4841957092285156,97600
2014-04-07,12.25,12.270000457763672,12.149999618530273,12.199999809265137,3.4841957092285156,163300
2014-04-08,12.279999732971191,12.279999732971191,12.220000267028809,12.260000228881836,3.5013325214385986,148400
2014-04-09,12.270000457763672,12.34000015258789,12.199999809265137,12.270000457763672,3.5041871070861816,180600
2014-04-10,12.270000457763672,12.300000190734863,12.149999618530273,12.1899995803833,3.4813406467437744,211100
2014-04-11,12.199999809265137,12.300000190734863,12.170000076293945,12.289999961853027,3.5098989009857178,115200
2014-04-14,12.270000457763672,12.430000305175781,12.25,12.420000076293945,3.547027826309204,221000
2014-04-15,12.399999618530273,12.4399995803833,12.289999961853027,12.380000114440918,3.5356035232543945,108400
2014-04-16,12.479999542236328,12.479999542236328,12.359999656677246,12.449999809265137,3.5555946826934814,170700
2014-04-17,12.449999809265137,12.539999961853027,12.449999809265137,12.510000228881836,3.5727310180664062,148100
2014-04-21,12.600000381469727,12.600000381469727,12.529999732971191,12.539999961853027,3.5812981128692627,280500
2014-04-22,12.569999694824219,12.619999885559082,12.550000190734863,12.579999923706055,3.592719793319702,379900
2014-04-23,12.420000076293945,12.4399995803833,12.350000381469727,12.350000381469727,3.5782344341278076,197300
2014-04-24,12.350000381469727,12.390000343322754,12.199999809265137,12.239999771118164,3.5463621616363525,163300
2014-04-25,12.260000228881836,12.300000190734863,12.210000038146973,12.229999542236328,3.5434658527374268,41300
2014-04-28,12.260000228881836,12.3100004196167,12.170000076293945,12.220000267028809,3.540570020675659,139700
2014-04-29,12.229999542236328,12.279999732971191,12.220000267028809,12.25,3.5492606163024902,101500
2014-04-30,12.289999961853027,12.3100004196167,12.25,12.289999961853027,3.5608489513397217,117000
2014-05-01,12.3100004196167,12.420000076293945,12.289999961853027,12.369999885559082,3.5840296745300293,117600
2014-05-02,12.399999618530273,12.529999732971191,12.399999618530273,12.470000267028809,3.613002061843872,264500
2014-05-05,12.5,12.569999694824219,12.4399995803833,12.569999694824219,3.6419763565063477,186900
2014-05-06,12.59000015258789,12.890000343322754,12.550000190734863,12.890000343322754,3.7346935272216797,244200
2014-05-07,12.829999923706055,12.829999923706055,12.640000343322754,12.729999542236328,3.6883327960968018,149700
2014-05-08,12.800000190734863,12.800000190734863,12.640000343322754,12.680000305175781,3.6738452911376953,92300
2014-05-09,12.6899995803833,12.789999961853027,12.649999618530273,12.729999542236328,3.6883327960968018,122700
2014-05-12,12.899999618530273,12.930000305175781,12.75,12.819999694824219,3.714409351348877,219100
2014-05-13,12.84000015258789,12.850000381469727,12.75,12.760000228881836,3.697026014328003,113900
2014-05-14,12.8100004196167,12.850000381469727,12.720000267028809,12.760000228881836,3.697026014328003,156900
2014-05-15,12.819999694824219,12.899999618530273,12.760000228881836,12.800000190734863,3.7086145877838135,137300
2014-05-16,12.890000343322754,12.890000343322754,12.760000228881836,12.829999923706055,3.7173070907592773,157100
2014-05-19,12.829999923706055,13.09000015258789,12.760000228881836,12.869999885559082,3.7288973331451416,462900
2014-05-20,12.850000381469727,12.949999809265137,12.760000228881836,12.819999694824219,3.714409351348877,194900
2014-05-21,12.819999694824219,12.979999542236328,12.779999732971191,12.899999618530273,3.73758864402771,160800
2014-05-22,12.779999732971191,12.890000343322754,12.630000114440918,12.770000457763672,3.7522809505462646,246800
2014-05-23,12.720000267028809,12.90999984741211,12.680000305175781,12.84000015258789,3.7728490829467773,191100
2014-05-27,12.770000457763672,12.899999618530273,12.699999809265137,12.819999694824219,3.7669711112976074,180400
2014-05-28,12.869999885559082,12.899999618530273,12.760000228881836,12.84000015258789,3.7728490829467773,109400
2014-05-29,12.899999618530273,12.989999771118164,12.770000457763672,12.920000076293945,3.7963573932647705,218300
2014-05-30,12.949999809265137,12.989999771118164,12.760000228881836,12.970000267028809,3.811048746109009,138300
2014-06-02,12.899999618530273,13.020000457763672,12.800000190734863,12.989999771118164,3.8169243335723877,205500
2014-06-03,13.0,13.039999961853027,12.84000015258789,12.850000381469727,3.7757883071899414,234800
2014-06-04,12.9399995803833,13.029999732971191,12.899999618530273,12.930000305175781,3.7992939949035645,132700
2014-06-05,12.90999984741211,13.199999809265137,12.90999984741211,13.0600004196167,3.837493896484375,280700
2014-06-06,13.1899995803833,13.289999961853027,13.079999923706055,13.100000381469727,3.8492462635040283,327400
2014-06-09,13.25,13.300000190734863,13.069999694824219,13.100000381469727,3.8492462635040283,284300
2014-06-10,13.180000305175781,13.180000305175781,13.020000457763672,13.050000190734863,3.8345537185668945,164100
2014-06-11,13.079999923706055,13.15999984741211,13.020000457763672,13.09000015258789,3.846308469772339,166500
2014-06-12,13.109999656677246,13.180000305175781,12.90999984741211,12.989999771118164,3.8169243335723877,224300
2014-06-13,12.960000038146973,13.140000343322754,12.960000038146973,13.100000381469727,3.8492462635040283,164500
2014-06-16,13.220000267028809,13.220000267028809,13.050000190734863,13.100000381469727,3.8492462635040283,227900
2014-06-17,13.199999809265137,13.199999809265137,12.899999618530273,13.050000190734863,3.8345537185668945,370500
2014-06-18,13.1899995803833,13.199999809265137,13.069999694824219,13.109999656677246,3.852184534072876,189400
2014-06-19,13.220000267028809,13.229999542236328,13.09000015258789,13.149999618530273,3.863938331604004,314800
2014-06-20,13.199999809265137,13.25,13.100000381469727,13.199999809265137,3.878631353378296,534500
2014-06-23,13.130000114440918,13.130000114440918,13.050000190734863,13.100000381469727,3.902461528778076,233100
2014-06-24,13.100000381469727,13.100000381469727,13.0,13.050000190734863,3.887565851211548,187200
2014-06-25,13.050000190734863,13.079999923706055,13.0,13.0600004196167,3.8905460834503174,173500
2014-06-26,13.0600004196167,13.069999694824219,13.0,13.029999732971191,3.8816072940826416,113400
2014-06-27,13.010000228881836,13.069999694824219,13.010000228881836,13.050000190734863,3.887565851211548,92100
2014-06-30,13.050000190734863,13.09000015258789,13.010000228881836,13.0600004196167,3.8905460834503174,94100
2014-07-01,13.069999694824219,13.1899995803833,13.0600004196167,13.149999618530273,3.9173569679260254,293700
2014-07-02,13.140000343322754,13.289999961853027,13.140000343322754,13.289999961853027,3.9590632915496826,339400
2014-07-03,13.329999923706055,13.329999923706055,13.210000038146973,13.279999732971191,3.956085681915283,121100
2014-07-07,13.279999732971191,13.319999694824219,13.149999618530273,13.239999771118164,3.9441680908203125,147100
2014-07-08,13.239999771118164,13.300000190734863,13.15999984741211,13.199999809265137,3.9322526454925537,219700
2014-07-09,13.199999809265137,13.270000457763672,13.1899995803833,13.239999771118164,3.9441680908203125,95400
2014-07-10,13.239999771118164,13.300000190734863,13.229999542236328,13.260000228881836,3.9501237869262695,173400
2014-07-11,13.289999961853027,13.319999694824219,13.199999809265137,13.229999542236328,3.9411888122558594,195300
2014-07-14,13.329999923706055,13.350000381469727,13.25,13.350000381469727,3.9769363403320312,182500
2014-07-15,13.369999885559082,13.470000267028809,13.350000381469727,13.460000038146973,4.009706497192383,229900
2014-07-16,13.5,13.600000381469727,13.460000038146973,13.550000190734863,4.036515235900879,310800
2014-07-17,13.600000381469727,13.680000305175781,13.550000190734863,13.640000343322754,4.063325881958008,155800
2014-07-18,13.649999618530273,13.699999809265137,13.5600004196167,13.649999618530273,4.0663065910339355,238500
2014-07-21,13.90999984741211,13.90999984741211,13.670000076293945,13.739999771118164,4.093116283416748,285000
2014-07-22,13.920000076293945,14.0,13.800000190734863,13.899999618530273,4.140781402587891,387100
2014-07-23,13.899999618530273,13.960000038146973,13.899999618530273,13.949999809265137,4.155675411224365,443900
2014-07-24,13.760000228881836,13.829999923706055,13.6899995803833,13.720000267028809,4.140585899353027,166900
2014-07-25,13.75,13.949999809265137,13.510000228881836,13.710000038146973,4.137565612792969,302600
2014-07-28,13.920000076293945,13.920000076293945,13.699999809265137,13.779999732971191,4.158692359924316,106400
2014-07-29,13.90999984741211,14.0600004196167,13.850000381469727,14.0,4.225086212158203,213900
2014-07-30,14.0,14.039999961853027,13.699999809265137,13.739999771118164,4.14661979675293,323300
2014-07-31,13.550000190734863,13.739999771118164,13.010000228881836,13.3100004196167,4.016851425170898,577000
2014-08-01,13.3100004196167,13.600000381469727,13.3100004196167,13.390000343322754,4.040996074676514,229600
2014-08-04,13.550000190734863,13.550000190734863,13.449999809265137,13.5,4.074191570281982,250200
2014-08-05,13.510000228881836,13.6899995803833,13.489999771118164,13.550000190734863,4.089280605316162,244900
2014-08-06,13.550000190734863,13.890000343322754,13.529999732971191,13.649999618530273,4.119460582733154,272200
2014-08-07,13.699999809265137,13.800000190734863,13.670000076293945,13.699999809265137,4.134549617767334,96900
2014-08-08,13.699999809265137,13.720000267028809,13.600000381469727,13.65999984741211,4.122478008270264,195200
2014-08-11,13.779999732971191,14.40999984741211,13.75,14.329999923706055,4.324678421020508,688100
2014-08-12,14.329999923706055,14.350000381469727,14.050000190734863,14.170000076293945,4.276392459869385,246200
2014-08-13,14.180000305175781,14.430000305175781,14.140000343322754,14.430000305175781,4.354857444763184,343700
2014-08-14,14.449999809265137,14.449999809265137,14.220000267028809,14.289999961853027,4.312606334686279,324500
2014-08-15,14.300000190734863,14.390000343322754,14.15999984741211,14.220000267028809,4.291482925415039,290200
2014-08-18,14.319999694824219,14.380000114440918,14.239999771118164,14.25,4.300535202026367,491600
2014-08-19,14.300000190734863,14.420000076293945,14.25,14.359999656677246,4.333730697631836,417500
2014-08-20,14.449999809265137,14.449999809265137,14.270000457763672,14.279999732971191,4.3095903396606445,448300
2014-08-21,14.300000190734863,14.430000305175781,14.289999961853027,14.359999656677246,4.333730697631836,536000
2014-08-22,14.25,14.25,14.0600004196167,14.109999656677246,4.312337875366211,314300
2014-08-25,14.100000381469727,14.109999656677246,13.800000190734863,13.890000343322754,4.245104789733887,405200
2014-08-26,13.890000343322754,13.989999771118164,13.890000343322754,13.979999542236328,4.272606372833252,247400
2014-08-27,13.989999771118164,14.0,13.819999694824219,13.850000381469727,4.232877254486084,253900
2014-08-28,13.800000190734863,13.869999885559082,13.75,13.859999656677246,4.235933303833008,292800
2014-08-29,13.859999656677246,13.890000343322754,13.8100004196167,13.859999656677246,4.235933303833008,305200
2014-09-02,13.880000114440918,14.09000015258789,13.859999656677246,14.09000015258789,4.306227207183838,325400
2014-09-03,14.050000190734863,14.109999656677246,13.979999542236328,14.029999732971191,4.2878899574279785,289900
2014-09-04,14.0,14.029999732971191,13.930000305175781,13.979999542236328,4.272606372833252,236300
2014-09-05,13.979999542236328,13.989999771118164,13.899999618530273,13.989999771118164,4.275664806365967,169400
2014-09-08,14.0,14.220000267028809,13.989999771118164,14.180000305175781,4.333731174468994,189700
2014-09-09,14.25,14.3100004196167,14.170000076293945,14.279999732971191,4.364295959472656,173800
2014-09-10,14.300000190734863,14.300000190734863,14.100000381469727,14.260000228881836,4.358181953430176,163000
2014-09-11,14.25,14.25,14.119999885559082,14.140000343322754,4.321508407592773,230600
2014-09-12,14.140000343322754,14.149999618530273,13.90999984741211,13.930000305175781,4.257328033447266,260000
2014-09-15,13.930000305175781,14.0,13.899999618530273,13.949999809265137,4.263438701629639,480000
2014-09-16,13.949999809265137,14.319999694824219,13.890000343322754,13.949999809265137,4.263438701629639,490700
2014-09-17,13.949999809265137,14.029999732971191,13.930000305175781,13.970000267028809,4.2695512771606445,335600
2014-09-18,13.979999542236328,14.0,13.859999656677246,13.859999656677246,4.235933303833008,441900
2014-09-19,13.859999656677246,13.899999618530273,13.699999809265137,13.699999809265137,4.187033653259277,678200
2014-09-22,13.8100004196167,13.989999771118164,13.5600004196167,13.859999656677246,4.235933303833008,551500
2014-09-23,13.59000015258789,13.619999885559082,13.399999618530273,13.489999771118164,4.177102565765381,359900
2014-09-24,13.449999809265137,13.760000228881836,13.449999809265137,13.710000038146973,4.24522066116333,198400
2014-09-25,13.569999694824219,13.760000228881836,13.359999656677246,13.479999542236328,4.174005508422852,254900
2014-09-26,13.529999732971191,13.930000305175781,13.479999542236328,13.8100004196167,4.276188850402832,238700
2014-09-29,13.75,13.90999984741211,13.59000015258789,13.789999961853027,4.269993305206299,274000
2014-09-30,13.880000114440918,13.880000114440918,13.140000343322754,13.270000457763672,4.108980178833008,474500
2014-10-01,13.319999694824219,13.420000076293945,12.890000343322754,13.109999656677246,4.059436321258545,399300
2014-10-02,13.109999656677246,13.210000038146973,12.699999809265137,12.880000114440918,3.988218307495117,914900
2014-10-03,12.930000305175781,13.220000267028809,12.930000305175781,13.0600004196167,4.043955326080322,205700
2014-10-06,13.449999809265137,13.970000267028809,13.100000381469727,13.319999694824219,4.124460220336914,248600
2014-10-07,13.529999732971191,13.609999656677246,13.220000267028809,13.520000457763672,4.186390399932861,231200
2014-10-08,13.529999732971191,13.619999885559082,13.229999542236328,13.539999961853027,4.192583084106445,248900
2014-10-09,13.550000190734863,13.609999656677246,13.430000305175781,13.529999732971191,4.1894850730896,169400
2014-10-10,13.520000457763672,13.9399995803833,13.510000228881836,13.729999542236328,4.251414775848389,333000
2014-10-13,13.829999923706055,13.949999809265137,13.789999961853027,13.890000343322754,4.300961971282959,300100
2014-10-14,13.859999656677246,13.920000076293945,13.699999809265137,13.760000228881836,4.26070499420166,200000
2014-10-15,13.850000381469727,13.899999618530273,13.4399995803833,13.779999732971191,4.266897201538086,370200
2014-10-16,13.609999656677246,14.0,13.550000190734863,13.989999771118164,4.3319220542907715,297100
2014-10-17,14.239999771118164,14.300000190734863,14.010000228881836,14.279999732971191,4.4217209815979,325200
2014-10-20,14.300000190734863,14.550000190734863,14.25,14.550000190734863,4.5053253173828125,605300
2014-10-21,14.550000190734863,14.989999771118164,14.550000190734863,14.859999656677246,4.60131311416626,669600
2014-10-22,14.899999618530273,14.9399995803833,14.600000381469727,14.670000076293945,4.542480945587158,382500
2014-10-23,14.670000076293945,14.989999771118164,14.649999618530273,14.899999618530273,4.613698959350586,344000
2014-10-24,14.75,14.9399995803833,14.65999984741211,14.680000305175781,4.601162910461426,224800
2014-10-27,14.710000038146973,14.800000190734863,14.640000343322754,14.6899995803833,4.604296684265137,179900
2014-10-28,14.260000228881836,14.600000381469727,14.119999885559082,14.520000457763672,4.5510149002075195,452000
2014-10-29,14.399999618530273,14.449999809265137,14.130000114440918,14.15999984741211,4.438177585601807,262200
2014-10-30,14.15999984741211,14.15999984741211,13.649999618530273,13.829999923706055,4.334745407104492,363600
2014-10-31,13.880000114440918,13.899999618530273,13.84000015258789,13.869999885559082,4.347284317016602,317900
2014-11-03,13.869999885559082,14.0600004196167,13.850000381469727,13.970000267028809,4.378626346588135,702200
2014-11-04,14.0,14.050000190734863,13.880000114440918,13.930000305175781,4.366089820861816,425000
2014-11-05,13.9399995803833,14.010000228881836,13.859999656677246,13.880000114440918,4.350418567657471,269900
2014-11-06,13.890000343322754,13.899999618530273,13.789999961853027,13.819999694824219,4.331613540649414,338000
2014-11-07,13.8100004196167,13.850000381469727,13.699999809265137,13.770000457763672,4.31594181060791,383600
2014-11-10,13.770000457763672,13.829999923706055,13.739999771118164,13.800000190734863,4.325342655181885,444300
2014-11-11,13.84000015258789,14.279999732971191,13.84000015258789,14.1899995803833,4.447582244873047,280200
2014-11-12,14.100000381469727,14.300000190734863,14.079999923706055,14.289999961853027,4.47892427444458,166500
2014-11-13,14.569999694824219,14.789999961853027,14.399999618530273,14.670000076293945,4.598028182983398,449100
2014-11-14,14.670000076293945,14.670000076293945,14.199999809265137,14.279999732971191,4.475790500640869,337500
2014-11-17,14.300000190734863,14.300000190734863,14.149999618530273,14.199999809265137,4.450716972351074,341200
2014-11-18,14.260000228881836,14.279999732971191,14.180000305175781,14.210000038146973,4.453847885131836,327800
2014-11-19,14.229999542236328,14.289999961853027,14.170000076293945,14.220000267028809,4.456985950469971,331100
2014-11-20,14.220000267028809,14.289999961853027,14.130000114440918,14.170000076293945,4.44131326675415,432200
2014-11-21,13.989999771118164,14.0,13.84000015258789,13.880000114440918,4.406392574310303,419000
2014-11-24,13.880000114440918,13.880000114440918,13.75,13.800000190734863,4.38099479675293,365500
2014-11-25,13.8100004196167,13.84000015258789,13.789999961853027,13.8100004196167,4.3841705322265625,244000
2014-11-26,13.819999694824219,13.979999542236328,13.789999961853027,13.930000305175781,4.42226505279541,299400
2014-11-28,13.930000305175781,13.960000038146973,13.789999961853027,13.789999961853027,4.377818584442139,264800
2014-12-01,13.800000190734863,13.819999694824219,13.649999618530273,13.720000267028809,4.355597019195557,340100
2014-12-02,13.729999542236328,13.819999694824219,13.670000076293945,13.800000190734863,4.38099479675293,339800
2014-12-03,13.800000190734863,13.850000381469727,13.770000457763672,13.800000190734863,4.38099479675293,246800
2014-12-04,13.800000190734863,13.84000015258789,13.75,13.800000190734863,4.38099479675293,230600
2014-12-05,13.800000190734863,13.819999694824219,13.5,13.600000381469727,4.317501544952393,508600
2014-12-08,13.640000343322754,13.699999809265137,12.949999809265137,12.989999771118164,4.1238484382629395,688500
2014-12-09,12.880000114440918,13.270000457763672,12.5,13.25,4.2063889503479,621600
2014-12-10,13.300000190734863,13.569999694824219,13.25,13.350000381469727,4.238136291503906,246500
2014-12-11,13.399999618530273,13.449999809265137,13.270000457763672,13.399999618530273,4.254006862640381,276100
2014-12-12,13.300000190734863,13.390000343322754,13.130000114440918,13.229999542236328,4.200040817260742,139800
2014-12-15,13.390000343322754,13.399999618530273,12.859999656677246,12.890000343322754,4.092103958129883,284200
2014-12-16,12.720000267028809,13.010000228881836,12.619999885559082,12.850000381469727,4.079403877258301,425600
2014-12-17,12.8100004196167,13.329999923706055,12.8100004196167,13.319999694824219,4.228610515594482,259800
2014-12-18,13.350000381469727,13.399999618530273,13.0,13.229999542236328,4.200040817260742,334800
2014-12-19,13.300000190734863,13.430000305175781,13.0600004196167,13.0600004196167,4.146071910858154,492200
2014-12-22,13.180000305175781,13.220000267028809,13.09000015258789,13.1899995803833,4.187341690063477,249100
2014-12-23,13.0600004196167,13.199999809265137,12.899999618530273,13.199999809265137,4.2484941482543945,215400
2014-12-24,13.180000305175781,13.199999809265137,12.899999618530273,13.199999809265137,4.2484941482543945,160700
2014-12-26,13.199999809265137,13.260000228881836,13.100000381469727,13.100000381469727,4.21630859375,120600
2014-12-29,13.109999656677246,13.229999542236328,13.050000190734863,13.100000381469727,4.21630859375,268300
2014-12-30,13.130000114440918,13.199999809265137,13.050000190734863,13.079999923706055,4.209871292114258,135100
2014-12-31,13.119999885559082,13.170000076293945,13.0,13.050000190734863,4.200214862823486,172500
2015-01-02,13.079999923706055,13.34000015258789,13.0600004196167,13.34000015258789,4.293551921844482,187700
2015-01-05,13.279999732971191,13.5,13.210000038146973,13.210000038146973,4.251712322235107,164600
2015-01-06,13.25,13.430000305175781,13.09000015258789,13.140000343322754,4.229183197021484,181100
2015-01-07,13.279999732971191,13.3100004196167,13.100000381469727,13.140000343322754,4.229183197021484,141600
2015-01-08,13.09000015258789,13.420000076293945,13.09000015258789,13.359999656677246,4.299990653991699,145400
2015-01-09,13.380000114440918,13.380000114440918,13.199999809265137,13.220000267028809,4.254932880401611,107300
2015-01-12,13.279999732971191,13.300000190734863,13.100000381469727,13.210000038146973,4.251712322235107,161300
2015-01-13,13.300000190734863,13.300000190734863,12.949999809265137,12.989999771118164,4.180905342102051,327900
2015-01-14,12.949999809265137,12.989999771118164,12.75,12.84000015258789,4.132626533508301,421200
2015-01-15,12.899999618530273,13.0600004196167,12.850000381469727,13.010000228881836,4.18734073638916,180400
2015-01-16,13.029999732971191,13.25,13.029999732971191,13.229999542236328,4.258150577545166,155300
2015-01-20,13.329999923706055,13.420000076293945,13.25,13.319999694824219,4.287116527557373,241400
2015-01-21,13.319999694824219,13.430000305175781,13.289999961853027,13.319999694824219,4.287116527557373,318300
2015-01-22,13.270000457763672,13.34000015258789,12.960000038146973,13.140000343322754,4.2871174812316895,219100
2015-01-23,13.020000457763672,13.130000114440918,12.949999809265137,12.960000038146973,4.228389739990234,192900
2015-01-26,12.949999809265137,13.100000381469727,12.899999618530273,13.100000381469727,4.2740654945373535,140700
2015-01-27,13.050000190734863,13.199999809265137,13.050000190734863,13.180000305175781,4.300168037414551,137700
2015-01-28,13.199999809265137,13.229999542236328,13.020000457763672,13.130000114440918,4.28385591506958,257500
2015-01-29,13.149999618530273,13.180000305175781,13.0,13.170000076293945,4.296905994415283,134200
2015-01-30,13.170000076293945,13.170000076293945,13.0,13.0,4.241438388824463,175300
2015-02-02,13.010000228881836,13.170000076293945,13.010000228881836,13.079999923706055,4.267539978027344,159500
2015-02-03,13.15999984741211,13.270000457763672,13.130000114440918,13.1899995803833,4.303431034088135,249300
2015-02-04,13.229999542236328,13.229999542236328,13.149999618530273,13.170000076293945,4.296905994415283,137500
2015-02-05,13.170000076293945,13.319999694824219,13.170000076293945,13.270000457763672,4.329532146453857,213000
2015-02-06,13.270000457763672,13.430000305175781,13.25,13.40999984741211,4.37520694732666,165400
2015-02-09,13.390000343322754,13.670000076293945,13.369999885559082,13.5600004196167,4.424149513244629,241900
2015-02-10,13.600000381469727,13.649999618530273,13.420000076293945,13.520000457763672,4.411098003387451,131500
2015-02-11,13.529999732971191,13.65999984741211,13.510000228881836,13.630000114440918,4.446987152099609,163100
2015-02-12,13.670000076293945,13.720000267028809,13.630000114440918,13.680000305175781,4.463299751281738,124400
2015-02-13,13.720000267028809,13.989999771118164,13.699999809265137,13.979999542236328,4.561178684234619,317500
2015-02-17,14.0,14.140000343322754,13.989999771118164,14.0,4.567703723907471,275100
2015-02-18,14.050000190734863,14.09000015258789,13.960000038146973,14.09000015258789,4.5970683097839355,237600
2015-02-19,14.149999618530273,14.25,14.100000381469727,14.210000038146973,4.63621711730957,289500
2015-02-20,14.130000114440918,14.25,14.069999694824219,14.210000038146973,4.63621711730957,319300
2015-02-23,14.050000190734863,14.100000381469727,13.899999618530273,13.930000305175781,4.603175163269043,223800
2015-02-24,13.890000343322754,13.899999618530273,13.050000190734863,13.289999961853027,4.391685962677002,774400
2015-02-25,13.25,13.739999771118164,13.25,13.65999984741211,4.513953685760498,310500
2015-02-26,13.609999656677246,13.84000015258789,13.600000381469727,13.84000015258789,4.573434352874756,163200
2015-02-27,13.899999618530273,13.899999618530273,13.819999694824219,13.899999618530273,4.593259811401367,160200
2015-03-02,13.899999618530273,13.899999618530273,13.720000267028809,13.819999694824219,4.5668253898620605,348400
2015-03-03,13.819999694824219,13.819999694824219,13.510000228881836,13.630000114440918,4.50404167175293,180900
2015-03-04,13.600000381469727,13.75,13.600000381469727,13.710000038146973,4.530477523803711,109800
2015-03-05,13.75,13.850000381469727,13.699999809265137,13.75,4.543691635131836,211700
2015-03-06,13.75,13.75,13.680000305175781,13.710000038146973,4.530477523803711,121100
2015-03-09,13.770000457763672,13.8100004196167,13.75,13.800000190734863,4.560214996337891,157500
2015-03-10,13.729999542236328,13.829999923706055,13.729999542236328,13.8100004196167,4.563520431518555,114200
2015-03-11,13.859999656677246,13.899999618530273,13.75,13.779999732971191,4.5536065101623535,165900
2015-03-12,13.770000457763672,13.779999732971191,13.729999542236328,13.75,4.543691635131836,124300
2015-03-13,13.760000228881836,13.770000457763672,13.640000343322754,13.649999618530273,4.510647773742676,199100
2015-03-16,13.649999618530273,13.680000305175781,13.600000381469727,13.640000343322754,4.507344722747803,205000
2015-03-17,13.640000343322754,13.649999618530273,13.5600004196167,13.630000114440918,4.50404167175293,177600
2015-03-18,13.600000381469727,13.699999809265137,13.579999923706055,13.670000076293945,4.517257213592529,313700
2015-03-19,13.65999984741211,13.680000305175781,13.579999923706055,13.600000381469727,4.494125843048096,277100
2015-03-20,13.600000381469727,13.720000267028809,13.550000190734863,13.680000305175781,4.520561218261719,372900
2015-03-23,13.6899995803833,13.770000457763672,13.680000305175781,13.729999542236328,4.537082672119141,469500
2015-03-24,13.729999542236328,13.760000228881836,13.65999984741211,13.65999984741211,4.513953685760498,330700
2015-03-25,13.5,13.609999656677246,13.4399995803833,13.460000038146973,4.507257461547852,308700
2015-03-26,13.460000038146973,13.470000267028809,13.25,13.270000457763672,4.443631649017334,326700
2015-03-27,13.270000457763672,13.289999961853027,13.170000076293945,13.1899995803833,4.416842460632324,265000
2015-03-30,13.25,13.289999961853027,13.199999809265137,13.220000267028809,4.426889896392822,218300
2015-03-31,13.220000267028809,13.300000190734863,13.210000038146973,13.239999771118164,4.433586120605469,373000
2015-04-01,13.289999961853027,13.40999984741211,13.210000038146973,13.399999618530273,4.487162113189697,246400
2015-04-02,13.430000305175781,13.460000038146973,13.369999885559082,13.460000038146973,4.507257461547852,112300
2015-04-06,13.460000038146973,13.59000015258789,13.449999809265137,13.569999694824219,4.544090747833252,221700
2015-04-07,13.600000381469727,13.75,13.539999961853027,13.720000267028809,4.5943193435668945,307900
2015-04-08,13.800000190734863,13.800000190734863,13.670000076293945,13.789999961853027,4.617761135101318,238400
2015-04-09,13.850000381469727,13.850000381469727,13.699999809265137,13.8100004196167,4.624459266662598,230600
2015-04-10,13.8100004196167,13.930000305175781,13.760000228881836,13.90999984741211,4.6579437255859375,304300
2015-04-13,13.949999809265137,13.970000267028809,13.899999618530273,13.960000038146973,4.67468786239624,223600
2015-04-14,13.960000038146973,14.0,13.90999984741211,14.0,4.688082218170166,212200
2015-04-15,14.0,14.029999732971191,13.920000076293945,13.960000038146973,4.67468786239624,249800
2015-04-16,14.020000457763672,14.050000190734863,13.930000305175781,14.020000457763672,4.6947784423828125,248700
2015-04-17,14.010000228881836,14.020000457763672,13.949999809265137,14.010000228881836,4.6914286613464355,234400
2015-04-20,14.050000190734863,14.119999885559082,14.010000228881836,14.119999885559082,4.728265285491943,369000
2015-04-21,14.149999618530273,14.149999618530273,14.0,14.029999732971191,4.698126792907715,263100
2015-04-22,14.079999923706055,14.180000305175781,14.050000190734863,14.15999984741211,4.741658687591553,410500
2015-04-23,13.989999771118164,14.09000015258789,13.930000305175781,14.079999923706055,4.775578022003174,309800
2015-04-24,14.109999656677246,14.109999656677246,13.949999809265137,14.010000228881836,4.751834869384766,208100
2015-04-27,13.989999771118164,14.010000228881836,13.899999618530273,13.920000076293945,4.721311092376709,198300
2015-04-28,13.75,13.989999771118164,13.600000381469727,13.960000038146973,4.734877109527588,470000
2015-04-29,13.90999984741211,14.0,13.800000190734863,13.979999542236328,4.741657733917236,228000
2015-04-30,13.949999809265137,13.979999542236328,13.739999771118164,13.8100004196167,4.684000015258789,328600
2015-05-01,13.850000381469727,13.899999618530273,13.770000457763672,13.789999961853027,4.677215576171875,320400
2015-05-04,13.800000190734863,13.8100004196167,13.739999771118164,13.760000228881836,4.6670427322387695,274400
2015-05-05,13.760000228881836,13.779999732971191,13.640000343322754,13.699999809265137,4.646689414978027,215600
2015-05-06,13.6899995803833,13.6899995803833,13.550000190734863,13.600000381469727,4.612771987915039,337900
2015-05-07,13.600000381469727,13.710000038146973,13.510000228881836,13.65999984741211,4.633123874664307,338100
2015-05-08,13.75,13.899999618530273,13.670000076293945,13.899999618530273,4.714526653289795,241300
2015-05-11,13.90999984741211,14.069999694824219,13.869999885559082,14.069999694824219,4.772184371948242,255000
2015-05-12,14.09000015258789,14.220000267028809,14.020000457763672,14.220000267028809,4.823060512542725,417000
2015-05-13,14.25,14.25,14.140000343322754,14.15999984741211,4.802711486816406,293400
2015-05-14,14.15999984741211,14.199999809265137,14.09000015258789,14.09000015258789,4.778971195220947,362400
2015-05-15,14.100000381469727,14.130000114440918,14.039999961853027,14.119999885559082,4.78914213180542,303500
2015-05-18,14.119999885559082,14.149999618530273,14.020000457763672,14.140000343322754,4.795929908752441,386900
2015-05-19,14.140000343322754,14.15999984741211,14.050000190734863,14.0600004196167,4.768792629241943,327300
2015-05-20,14.0600004196167,14.119999885559082,14.010000228881836,14.09000015258789,4.778971195220947,412700
2015-05-21,13.829999923706055,14.0,13.819999694824219,13.890000343322754,4.772097587585449,565700
2015-05-22,13.890000343322754,13.90999984741211,13.800000190734863,13.8100004196167,4.744611740112305,164300
2015-05-26,13.739999771118164,13.800000190734863,13.550000190734863,13.59000015258789,4.669029712677002,685100
2015-05-27,13.619999885559082,13.729999542236328,13.600000381469727,13.699999809265137,4.706820011138916,429000
2015-05-28,13.699999809265137,13.720000267028809,13.680000305175781,13.710000038146973,4.7102580070495605,303900
2015-05-29,13.710000038146973,13.729999542236328,13.630000114440918,13.640000343322754,4.686208724975586,338400
2015-06-01,13.649999618530273,13.6899995803833,13.619999885559082,13.670000076293945,4.69651460647583,413700
2015-06-02,13.670000076293945,13.670000076293945,13.630000114440918,13.630000114440918,4.6827712059021,294200
2015-06-03,13.640000343322754,13.640000343322754,13.479999542236328,13.529999732971191,4.648415565490723,472700
2015-06-04,13.529999732971191,13.550000190734863,13.40999984741211,13.460000038146973,4.624364376068115,418700
2015-06-05,13.449999809265137,13.449999809265137,13.350000381469727,13.350000381469727,4.586572170257568,335300
2015-06-08,13.300000190734863,13.350000381469727,13.039999961853027,13.1899995803833,4.5316033363342285,628200
2015-06-09,13.220000267028809,13.550000190734863,13.220000267028809,13.449999809265137,4.62092924118042,252200
2015-06-10,13.5,13.609999656677246,13.470000267028809,13.579999923706055,4.665593147277832,226100
2015-06-11,13.579999923706055,13.600000381469727,13.430000305175781,13.5,4.6381072998046875,304500
2015-06-12,13.5,13.510000228881836,13.350000381469727,13.399999618530273,4.603752136230469,242900
2015-06-15,13.399999618530273,13.40999984741211,13.350000381469727,13.390000343322754,4.600315570831299,389800
2015-06-16,13.399999618530273,13.520000457763672,13.399999618530273,13.4399995803833,4.617493629455566,329000
2015-06-17,13.449999809265137,13.460000038146973,13.239999771118164,13.279999732971191,4.562523365020752,700300
2015-06-18,13.100000381469727,13.229999542236328,13.09000015258789,13.140000343322754,4.5764546394348145,432100
2015-06-19,13.140000343322754,13.149999618530273,13.09000015258789,13.100000381469727,4.562523365020752,650800
2015-06-22,13.109999656677246,13.119999885559082,12.510000228881836,12.75,4.440624237060547,839700
2015-06-23,12.760000228881836,13.039999961853027,12.75,12.930000305175781,4.50331449508667,397800
2015-06-24,12.9399995803833,13.0,12.800000190734863,12.8100004196167,4.461522102355957,326600
2015-06-25,12.800000190734863,12.8100004196167,12.550000190734863,12.680000305175781,4.416244983673096,601100
2015-06-26,12.649999618530273,12.75,12.039999961853027,12.180000305175781,4.242102146148682,2183500
2015-06-29,11.699999809265137,11.84000015258789,11.010000228881836,11.300000190734863,3.9356131553649902,1786000
2015-06-30,11.3100004196167,11.479999542236328,11.09000015258789,11.210000038146973,3.9042696952819824,853000
2015-07-01,11.229999542236328,11.260000228881836,11.119999885559082,11.149999618530273,3.8833694458007812,389400
2015-07-02,11.199999809265137,11.369999885559082,11.180000305175781,11.199999809265137,3.9007840156555176,379900
2015-07-06,11.149999618530273,11.380000114440918,11.109999656677246,11.329999923706055,3.946059465408325,328400
2015-07-07,11.34000015258789,11.529999732971191,11.329999923706055,11.510000228881836,4.008752346038818,421800
2015-07-08,11.529999732971191,11.600000381469727,11.430000305175781,11.489999771118164,4.001785755157471,411100
2015-07-09,11.5600004196167,11.630000114440918,11.449999809265137,11.479999542236328,3.9983041286468506,319800
2015-07-10,11.329999923706055,11.449999809265137,9.329999923706055,9.5,3.3087007999420166,3210800
2015-07-13,9.5,9.5,8.449999809265137,8.760000228881836,3.0509700775146484,3259400
2015-07-14,8.8100004196167,8.970000267028809,8.510000228881836,8.84000015258789,3.07883358001709,1041800
2015-07-15,8.789999961853027,9.079999923706055,8.6899995803833,8.729999542236328,3.0405209064483643,883200
2015-07-16,8.699999809265137,8.859999656677246,8.600000381469727,8.65999984741211,3.016141653060913,625200
2015-07-17,8.65999984741211,8.720000267028809,8.569999694824219,8.619999885559082,3.002211093902588,576100
2015-07-20,8.619999885559082,8.899999618530273,8.619999885559082,8.850000381469727,3.0823171138763428,641000
2015-07-21,8.859999656677246,8.899999618530273,8.550000190734863,8.619999885559082,3.002211093902588,612300
2015-07-22,8.619999885559082,8.699999809265137,8.579999923706055,8.649999618530273,3.0126583576202393,455800
2015-07-23,8.460000038146973,8.649999618530273,8.180000305175781,8.260000228881836,2.9241561889648438,1075700
2015-07-24,8.25,8.390000343322754,7.760000228881836,7.769999980926514,2.7506890296936035,1013900
2015-07-27,7.75,8.260000228881836,7.75,8.220000267028809,2.9099950790405273,743800
2015-07-28,8.210000038146973,8.539999961853027,8.210000038146973,8.319999694824219,2.9453957080841064,558500
2015-07-29,8.420000076293945,8.4399995803833,8.100000381469727,8.260000228881836,2.9241561889648438,467500
2015-07-30,7.960000038146973,8.670000076293945,7.960000038146973,8.630000114440918,3.055140972137451,841400
2015-07-31,8.649999618530273,8.850000381469727,8.5600004196167,8.619999885559082,3.0516011714935303,1158000
2015-08-03,8.609999656677246,8.729999542236328,8.199999809265137,8.300000190734863,2.938314914703369,694000
2015-08-04,8.319999694824219,8.40999984741211,8.199999809265137,8.220000267028809,2.9099950790405273,351000
2015-08-05,8.270000457763672,8.300000190734863,8.199999809265137,8.239999771118164,2.917073965072632,298600
2015-08-06,8.199999809265137,8.539999961853027,8.199999809265137,8.430000305175781,2.9843382835388184,511500
2015-08-07,8.40999984741211,8.489999771118164,8.380000114440918,8.40999984741211,2.977257490158081,614300
2015-08-10,8.550000190734863,8.5600004196167,8.399999618530273,8.5,3.0091190338134766,624200
2015-08-11,8.489999771118164,8.819999694824219,8.430000305175781,8.800000190734863,3.115323305130005,458100
2015-08-12,8.760000228881836,9.050000190734863,8.760000228881836,9.050000190734863,3.203826904296875,680000
2015-08-13,9.039999961853027,9.430000305175781,9.039999961853027,9.289999961853027,3.288790464401245,749200
2015-08-14,9.420000076293945,9.5,9.199999809265137,9.390000343322754,3.324191093444824,635600
2015-08-17,9.380000114440918,9.390000343322754,9.050000190734863,9.270000457763672,3.2817108631134033,597200
2015-08-18,9.25,9.359999656677246,9.0,9.350000381469727,3.310030698776245,859100
2015-08-19,9.399999618530273,9.489999771118164,8.899999618530273,9.140000343322754,3.2356884479522705,670400
2015-08-20,9.100000381469727,9.300000190734863,9.039999961853027,9.100000381469727,3.221529245376587,454100
2015-08-21,9.010000228881836,9.15999984741211,8.800000190734863,8.850000381469727,3.133023738861084,619800
2015-08-24,8.029999732971191,8.59000015258789,7.130000114440918,8.359999656677246,3.007127285003662,944400
2015-08-25,8.75,8.770000457763672,8.600000381469727,8.630000114440918,3.1042473316192627,437800
2015-08-26,8.760000228881836,8.800000190734863,8.609999656677246,8.789999961853027,3.1618001461029053,317600
2015-08-27,8.800000190734863,9.229999542236328,8.789999961853027,9.050000190734863,3.255324125289917,574300
2015-08-28,9.039999961853027,9.1899995803833,8.890000343322754,9.010000228881836,3.240935802459717,368700
2015-08-31,9.010000228881836,9.09000015258789,8.899999618530273,9.09000015258789,3.2697110176086426,230900
2015-09-01,9.0,9.130000114440918,8.960000038146973,9.039999961853027,3.2517261505126953,376500
2015-09-02,9.15999984741211,9.239999771118164,9.0600004196167,9.149999618530273,3.2912933826446533,342900
2015-09-03,9.140000343322754,9.170000076293945,8.989999771118164,9.0,3.2373385429382324,266300
2015-09-04,8.960000038146973,8.979999542236328,8.84000015258789,8.920000076293945,3.208562135696411,211400
2015-09-08,9.010000228881836,9.020000457763672,8.930000305175781,8.960000038146973,3.222949743270874,195300
2015-09-09,9.100000381469727,9.100000381469727,8.970000267028809,8.989999771118164,3.233741521835327,249100
2015-09-10,9.0,9.039999961853027,8.869999885559082,8.960000038146973,3.222949743270874,237000
2015-09-11,8.960000038146973,9.069999694824219,8.930000305175781,9.069999694824219,3.2625179290771484,160200
2015-09-14,9.020000457763672,9.229999542236328,9.020000457763672,9.079999923706055,3.2661139965057373,127200
2015-09-15,9.100000381469727,9.229999542236328,9.079999923706055,9.229999542236328,3.320070743560791,223700
2015-09-16,9.25,9.399999618530273,9.229999542236328,9.359999656677246,3.3668322563171387,417000
2015-09-17,9.369999885559082,9.760000228881836,9.279999732971191,9.65999984741211,3.474743127822876,463900
2015-09-18,9.600000381469727,10.050000190734863,9.5600004196167,10.039999961853027,3.6114299297332764,721100
2015-09-21,10.100000381469727,10.100000381469727,9.760000228881836,9.84000015258789,3.5394890308380127,385900
2015-09-22,9.800000190734863,9.949999809265137,9.770000457763672,9.850000381469727,3.5430874824523926,369100
2015-09-23,9.630000114440918,9.880000114440918,9.600000381469727,9.65999984741211,3.524843215942383,229100
2015-09-24,9.619999885559082,9.890000343322754,9.600000381469727,9.829999923706055,3.586874008178711,208100
2015-09-25,9.800000190734863,9.859999656677246,9.5600004196167,9.5600004196167,3.488353729248047,227100
2015-09-28,9.520000457763672,9.5600004196167,9.199999809265137,9.359999656677246,3.4153754711151123,499600
2015-09-29,9.319999694824219,9.399999618530273,9.050000190734863,9.100000381469727,3.320504665374756,318600
2015-09-30,9.140000343322754,9.270000457763672,8.989999771118164,9.25,3.375236988067627,460300
2015-10-01,9.279999732971191,9.289999961853027,9.100000381469727,9.220000267028809,3.364290475845337,186200
2015-10-02,9.140000343322754,9.279999732971191,9.140000343322754,9.270000457763672,3.3825347423553467,179900
2015-10-05,9.289999961853027,9.75,9.289999961853027,9.720000267028809,3.5467350482940674,385200
2015-10-06,9.720000267028809,9.970000267028809,9.720000267028809,9.859999656677246,3.5978195667266846,368700
2015-10-07,9.899999618530273,10.0,9.819999694824219,10.0,3.6489033699035645,303600
2015-10-08,10.020000457763672,10.210000038146973,9.960000038146973,10.15999984741211,3.7072863578796387,285900
2015-10-09,10.15999984741211,10.15999984741211,9.510000228881836,9.539999961853027,3.4810547828674316,589700
2015-10-12,9.5,9.770000457763672,9.4399995803833,9.739999771118164,3.5540337562561035,325100
2015-10-13,9.739999771118164,9.829999923706055,9.609999656677246,9.630000114440918,3.5138964653015137,205400
2015-10-14,9.600000381469727,9.829999923706055,9.5,9.699999809265137,3.539437770843506,254600
2015-10-15,9.770000457763672,9.890000343322754,9.550000190734863,9.890000343322754,3.608767032623291,223900
2015-10-16,9.9399995803833,9.9399995803833,9.65999984741211,9.800000190734863,3.5759267807006836,227900
2015-10-19,9.8100004196167,9.949999809265137,9.75,9.789999961853027,3.572277784347534,193700
2015-10-20,9.819999694824219,9.949999809265137,9.75,9.890000343322754,3.608767032623291,249100
2015-10-21,9.960000038146973,10.09000015258789,9.819999694824219,9.899999618530273,3.6124167442321777,507500
2015-10-22,9.760000228881836,10.149999618530273,9.720000267028809,10.119999885559082,3.7456612586975098,582100
2015-10-23,10.149999618530273,10.149999618530273,10.029999732971191,10.130000114440918,3.7493631839752197,159500
2015-10-26,10.119999885559082,10.140000343322754,9.789999961853027,9.819999694824219,3.6346232891082764,288100
2015-10-27,9.8100004196167,9.84000015258789,9.40999984741211,9.479999542236328,3.5087809562683105,440700
2015-10-28,9.510000228881836,9.90999984741211,9.510000228881836,9.90999984741211,3.6679344177246094,340100
2015-10-29,9.850000381469727,9.899999618530273,9.329999923706055,9.390000343322754,3.4754695892333984,525200
2015-10-30,8.800000190734863,9.319999694824219,8.800000190734863,8.880000114440918,3.28670597076416,1256600
2015-11-02,8.899999618530273,9.15999984741211,8.859999656677246,8.960000038146973,3.3163161277770996,440600
2015-11-03,8.960000038146973,9.3100004196167,8.949999809265137,9.149999618530273,3.3866395950317383,384000
2015-11-04,9.149999618530273,9.34000015258789,9.079999923706055,9.239999771118164,3.4199509620666504,351700
2015-11-05,9.239999771118164,9.289999961853027,8.960000038146973,9.119999885559082,3.3755366802215576,371100
2015-11-06,9.0600004196167,9.220000267028809,8.899999618530273,9.119999885559082,3.3755366802215576,352400
2015-11-09,9.050000190734863,9.09000015258789,8.819999694824219,8.850000381469727,3.2756035327911377,379200
2015-11-10,8.859999656677246,9.0,8.770000457763672,8.789999961853027,3.253394603729248,306600
2015-11-11,8.819999694824219,9.050000190734863,8.819999694824219,9.010000228881836,3.3348233699798584,183500
2015-11-12,9.0,9.039999961853027,8.880000114440918,9.0,3.3311209678649902,185200
2015-11-13,9.020000457763672,9.1899995803833,8.989999771118164,9.170000076293945,3.394042491912842,197400
2015-11-16,9.1899995803833,9.300000190734863,9.109999656677246,9.279999732971191,3.434755802154541,337300
2015-11-17,9.300000190734863,9.34000015258789,9.149999618530273,9.170000076293945,3.394042491912842,276100
2015-11-18,9.1899995803833,9.34000015258789,9.149999618530273,9.3100004196167,3.445859909057617,338900
2015-11-19,9.25,9.399999618530273,9.220000267028809,9.260000228881836,3.4273526668548584,341500
2015-11-20,9.130000114440918,9.229999542236328,9.0,9.050000190734863,3.401045799255371,276800
2015-11-23,9.0,9.270000457763672,8.989999771118164,9.170000076293945,3.4461443424224854,228200
2015-11-24,9.15999984741211,9.279999732971191,9.119999885559082,9.229999542236328,3.46869158744812,186300
2015-11-25,9.210000038146973,9.300000190734863,9.170000076293945,9.289999961853027,3.4912405014038086,205400
2015-11-27,9.359999656677246,9.59000015258789,9.279999732971191,9.529999732971191,3.581434488296509,226900
2015-11-30,9.479999542236328,9.649999618530273,9.479999542236328,9.569999694824219,3.5964648723602295,371400
2015-12-01,9.649999618530273,9.6899995803833,9.5600004196167,9.609999656677246,3.6114978790283203,187900
2015-12-02,9.59000015258789,9.619999885559082,9.239999771118164,9.25,3.476208448410034,350200
2015-12-03,9.229999542236328,9.289999961853027,9.100000381469727,9.100000381469727,3.419839382171631,227900
2015-12-04,9.109999656677246,9.390000343322754,9.109999656677246,9.260000228881836,3.4799652099609375,249800
2015-12-07,9.220000267028809,9.3100004196167,9.050000190734863,9.069999694824219,3.4085617065429688,197200
2015-12-08,9.0,9.140000343322754,9.0,9.09000015258789,3.4160783290863037,131700
2015-12-09,9.100000381469727,9.239999771118164,9.09000015258789,9.109999656677246,3.423595666885376,115100
2015-12-10,9.100000381469727,9.289999961853027,9.09000015258789,9.170000076293945,3.4461443424224854,162900
2015-12-11,9.09000015258789,9.149999618530273,8.970000267028809,9.020000457763672,3.3897740840911865,353800
2015-12-14,9.020000457763672,9.0600004196167,8.300000190734863,8.399999618530273,3.156773328781128,717200
2015-12-15,8.430000305175781,8.84000015258789,8.420000076293945,8.800000190734863,3.3070952892303467,364600
2015-12-16,8.9399995803833,9.300000190734863,8.800000190734863,9.25,3.476208448410034,420700
2015-12-17,9.3100004196167,9.579999923706055,9.229999542236328,9.5,3.5701611042022705,512500
2015-12-18,9.5,9.579999923706055,9.399999618530273,9.579999923706055,3.6002237796783447,453600
2015-12-21,9.600000381469727,9.649999618530273,9.359999656677246,9.619999885559082,3.615257978439331,467400
2015-12-22,9.479999542236328,9.699999809265137,9.350000381469727,9.670000076293945,3.687714099884033,562100
2015-12-23,9.670000076293945,9.75,9.5,9.6899995803833,3.6953423023223877,334200
2015-12-24,9.75,9.789999961853027,9.680000305175781,9.760000228881836,3.722036123275757,139300
2015-12-28,9.720000267028809,9.789999961853027,9.5600004196167,9.75,3.7182247638702393,333700
2015-12-29,9.75,9.869999885559082,9.699999809265137,9.84000015258789,3.7525455951690674,336800
2015-12-30,9.84000015258789,9.989999771118164,9.789999961853027,9.890000343322754,3.7716116905212402,425500
2015-12-31,9.899999618530273,10.100000381469727,9.84000015258789,9.930000305175781,3.78686785697937,358900
2016-01-04,9.850000381469727,9.920000076293945,9.6899995803833,9.90999984741211,3.77923846244812,321700
2016-01-05,9.869999885559082,10.079999923706055,9.819999694824219,10.029999732971191,3.825002908706665,188600
2016-01-06,10.0,10.289999961853027,9.9399995803833,10.25,3.908900260925293,353500
2016-01-07,10.109999656677246,10.210000038146973,9.899999618530273,9.899999618530273,3.7754268646240234,354600
2016-01-08,9.949999809265137,9.989999771118164,9.760000228881836,9.770000457763672,3.7258496284484863,195500
2016-01-11,9.770000457763672,9.869999885559082,9.600000381469727,9.609999656677246,3.664832592010498,190200
2016-01-12,9.649999618530273,9.649999618530273,8.9399995803833,9.069999694824219,3.4588987827301025,701600
2016-01-13,9.069999694824219,9.210000038146973,8.819999694824219,8.859999656677246,3.3788158893585205,422900
2016-01-14,8.850000381469727,9.029999732971191,8.630000114440918,8.960000038146973,3.4169516563415527,350600
2016-01-15,8.899999618530273,8.949999809265137,8.390000343322754,8.710000038146973,3.3216123580932617,484900
2016-01-19,8.760000228881836,8.84000015258789,8.289999961853027,8.350000381469727,3.1843252182006836,376600
2016-01-20,8.220000267028809,8.59000015258789,7.5,8.460000038146973,3.2262744903564453,804700
2016-01-21,8.449999809265137,8.699999809265137,8.319999694824219,8.630000114440918,3.291104793548584,387000
2016-01-22,8.5600004196167,8.869999885559082,8.489999771118164,8.739999771118164,3.388016700744629,198600
2016-01-25,8.699999809265137,8.710000038146973,8.220000267028809,8.229999542236328,3.190316915512085,294800
2016-01-26,8.270000457763672,8.479999542236328,8.15999984741211,8.399999618530273,3.2562155723571777,242800
2016-01-27,8.329999923706055,8.59000015258789,8.329999923706055,8.369999885559082,3.244586944580078,166300
2016-01-28,8.369999885559082,8.630000114440918,8.369999885559082,8.470000267028809,3.2833502292633057,185100
2016-01-29,8.609999656677246,8.949999809265137,8.600000381469727,8.880000114440918,3.442286252975464,257800
2016-02-01,8.770000457763672,9.039999961853027,8.75,8.899999618530273,3.450037956237793,177000
2016-02-02,8.84000015258789,8.989999771118164,8.710000038146973,8.9399995803833,3.4655439853668213,139300
2016-02-03,9.0600004196167,9.170000076293945,8.949999809265137,9.029999732971191,3.5004312992095947,161000
2016-02-04,9.0600004196167,9.220000267028809,9.029999732971191,9.050000190734863,3.508183717727661,109700
2016-02-05,9.0,9.130000114440918,8.920000076293945,8.9399995803833,3.4655439853668213,141300
2016-02-08,8.8100004196167,9.180000305175781,8.8100004196167,9.170000076293945,3.5547032356262207,174400
2016-02-09,9.0600004196167,9.09000015258789,8.800000190734863,8.890000343322754,3.446162223815918,171500
2016-02-10,8.880000114440918,9.09000015258789,8.869999885559082,8.880000114440918,3.442286252975464,98500
2016-02-11,8.829999923706055,8.949999809265137,8.670000076293945,8.880000114440918,3.442286252975464,156900
2016-02-12,9.170000076293945,9.1899995803833,8.949999809265137,9.140000343322754,3.543073892593384,203800
2016-02-16,9.1899995803833,9.4399995803833,9.119999885559082,9.420000076293945,3.6516146659851074,349100
2016-02-17,9.420000076293945,9.640000343322754,9.420000076293945,9.619999885559082,3.729144811630249,300200
2016-02-18,9.680000305175781,9.680000305175781,9.5,9.529999732971191,3.6942546367645264,198900
2016-02-19,9.529999732971191,9.680000305175781,9.510000228881836,9.619999885559082,3.729144811630249,247100
2016-02-22,9.5,9.600000381469727,9.420000076293945,9.510000228881836,3.7409448623657227,179500
2016-02-23,9.479999542236328,9.510000228881836,9.229999542236328,9.25,3.638667583465576,169200
2016-02-24,9.0600004196167,9.399999618530273,9.0,9.350000381469727,3.678004503250122,149200
2016-02-25,9.350000381469727,9.569999694824219,9.3100004196167,9.529999732971191,3.7488110065460205,218600
2016-02-26,9.529999732971191,9.75,9.5,9.520000457763672,3.7448787689208984,132700
2016-02-29,9.609999656677246,9.789999961853027,9.529999732971191,9.619999885559082,3.7842156887054443,296400
2016-03-01,9.720000267028809,9.75,9.609999656677246,9.65999984741211,3.799949884414673,140900
2016-03-02,9.640000343322754,9.75,9.600000381469727,9.630000114440918,3.788149118423462,142900
2016-03-03,9.75,9.880000114440918,9.670000076293945,9.869999885559082,3.882556915283203,234700
2016-03-04,9.869999885559082,9.869999885559082,9.649999618530273,9.720000267028809,3.8235507011413574,186900
2016-03-07,9.649999618530273,9.989999771118164,9.649999618530273,9.979999542236328,3.9258267879486084,244100
2016-03-08,9.9399995803833,10.0,9.75,9.760000228881836,3.8392865657806396,187000
2016-03-09,9.779999732971191,9.949999809265137,9.729999542236328,9.800000190734863,3.8550214767456055,100000
2016-03-10,9.899999618530273,9.899999618530273,9.65999984741211,9.779999732971191,3.8471529483795166,117200
2016-03-11,9.880000114440918,10.0,9.779999732971191,10.0,3.9336931705474854,203200
2016-03-14,10.0,10.1899995803833,9.930000305175781,10.15999984741211,3.9966330528259277,210200
2016-03-15,10.140000343322754,10.140000343322754,9.760000228881836,9.789999961853027,3.8510873317718506,233000
2016-03-16,9.75,10.069999694824219,9.729999542236328,10.020000457763672,3.941561460494995,134400
2016-03-17,10.079999923706055,10.34000015258789,10.050000190734863,10.25,4.032036781311035,396100
2016-03-18,10.329999923706055,10.460000038146973,10.25,10.40999984741211,4.094976425170898,406800
2016-03-21,10.479999542236328,10.579999923706055,10.420000076293945,10.5600004196167,4.153981685638428,244300
2016-03-22,10.579999923706055,10.699999809265137,10.479999542236328,10.680000305175781,4.201187610626221,364700
2016-03-23,10.520000457763672,10.520000457763672,10.199999809265137,10.210000038146973,4.069650173187256,281200
2016-03-24,10.15999984741211,10.34000015258789,10.0,10.319999694824219,4.113495826721191,136700
2016-03-28,10.350000381469727,10.350000381469727,10.069999694824219,10.180000305175781,4.0576910972595215,139400
2016-03-29,10.1899995803833,10.350000381469727,10.079999923706055,10.329999923706055,4.117481231689453,188900
2016-03-30,10.319999694824219,10.390000343322754,10.220000267028809,10.260000228881836,4.089580059051514,114800
2016-03-31,10.1899995803833,10.380000114440918,10.149999618530273,10.369999885559082,4.133425235748291,379300
2016-04-01,10.369999885559082,10.390000343322754,10.270000457763672,10.390000343322754,4.141398906707764,122200
2016-04-04,10.40999984741211,10.479999542236328,10.3100004196167,10.350000381469727,4.125453472137451,177200
2016-04-05,10.40999984741211,10.470000267028809,10.270000457763672,10.430000305175781,4.157341957092285,157800
2016-04-06,10.4399995803833,10.600000381469727,10.359999656677246,10.569999694824219,4.213144302368164,206900
2016-04-07,10.569999694824219,10.619999885559082,10.479999542236328,10.510000228881836,4.18922758102417,135100
2016-04-08,10.5600004196167,10.649999618530273,10.539999961853027,10.550000190734863,4.205173015594482,144300
2016-04-11,10.5600004196167,10.699999809265137,10.529999732971191,10.6899995803833,4.260974884033203,264400
2016-04-12,10.699999809265137,10.75,10.680000305175781,10.720000267028809,4.272933483123779,149000
2016-04-13,10.739999771118164,10.890000343322754,10.710000038146973,10.869999885559082,4.3327226638793945,269200
2016-04-14,10.829999923706055,10.850000381469727,10.489999771118164,10.640000343322754,4.2410478591918945,654000
2016-04-15,10.600000381469727,10.680000305175781,10.449999809265137,10.600000381469727,4.225101470947266,387500
2016-04-18,10.600000381469727,10.609999656677246,10.350000381469727,10.59000015258789,4.2211151123046875,314000
2016-04-19,10.600000381469727,10.699999809265137,10.569999694824219,10.649999618530273,4.245029926300049,193600
2016-04-20,10.699999809265137,10.9399995803833,10.600000381469727,10.850000381469727,4.324750900268555,370300
2016-04-21,10.880000114440918,10.920000076293945,10.770000457763672,10.8100004196167,4.308805465698242,351700
2016-04-22,10.6899995803833,10.6899995803833,10.460000038146973,10.619999885559082,4.288613796234131,231900
2016-04-25,10.569999694824219,10.569999694824219,10.369999885559082,10.40999984741211,4.203811168670654,197900
2016-04-26,10.449999809265137,10.539999961853027,10.399999618530273,10.479999542236328,4.23207950592041,135400
2016-04-27,10.449999809265137,10.539999961853027,10.399999618530273,10.40999984741211,4.203811168670654,187100
2016-04-28,9.9399995803833,9.979999542236328,9.260000228881836,9.369999885559082,3.783834457397461,1173200
2016-04-29,9.40999984741211,9.869999885559082,9.40999984741211,9.680000305175781,3.9090209007263184,289500
2016-05-02,9.710000038146973,9.800000190734863,9.59000015258789,9.609999656677246,3.8807525634765625,251000
2016-05-03,9.600000381469727,9.600000381469727,9.319999694824219,9.520000457763672,3.844409227371216,268900
2016-05-04,9.430000305175781,9.819999694824219,9.390000343322754,9.729999542236328,3.929211139678955,175100
2016-05-05,9.75,9.949999809265137,9.6899995803833,9.710000038146973,3.921135187149048,223300
2016-05-06,9.699999809265137,9.970000267028809,9.699999809265137,9.899999618530273,3.99786114692688,249000
2016-05-09,9.920000076293945,10.149999618530273,9.920000076293945,10.039999961853027,4.05439567565918,166900
2016-05-10,10.050000190734863,10.25,10.050000190734863,10.25,4.139199256896973,228900
2016-05-11,10.25,10.390000343322754,10.199999809265137,10.279999732971191,4.151316165924072,244000
2016-05-12,10.329999923706055,10.5,10.3100004196167,10.399999618530273,4.199775695800781,179800
2016-05-13,10.390000343322754,10.5,10.350000381469727,10.479999542236328,4.23207950592041,196700
2016-05-16,10.479999542236328,10.760000228881836,10.479999542236328,10.739999771118164,4.337073802947998,417700
2016-05-17,10.720000267028809,10.899999618530273,10.59000015258789,10.619999885559082,4.288613796234131,488500
2016-05-18,10.569999694824219,10.619999885559082,10.25,10.359999656677246,4.183620452880859,404800
2016-05-19,10.25,10.40999984741211,10.119999885559082,10.300000190734863,4.159391403198242,261200
2016-05-20,10.369999885559082,10.5,10.319999694824219,10.470000267028809,4.22804069519043,179300
2016-05-23,10.5,10.550000190734863,10.460000038146973,10.489999771118164,4.236116886138916,287500
2016-05-24,10.350000381469727,10.489999771118164,10.25,10.430000305175781,4.268861293792725,184800
2016-05-25,10.399999618530273,10.420000076293945,10.279999732971191,10.319999694824219,4.22383975982666,172500
2016-05-26,10.3100004196167,10.350000381469727,10.1899995803833,10.1899995803833,4.1706318855285645,231000
2016-05-27,10.270000457763672,10.399999618530273,10.1899995803833,10.350000381469727,4.236117839813232,236600
2016-05-31,10.399999618530273,10.399999618530273,10.25,10.380000114440918,4.248395919799805,200900
2016-06-01,10.420000076293945,10.430000305175781,10.359999656677246,10.399999618530273,4.256582736968994,188100
2016-06-02,10.380000114440918,10.460000038146973,10.329999923706055,10.430000305175781,4.268861293792725,156400
2016-06-03,10.449999809265137,10.470000267028809,10.399999618530273,10.4399995803833,4.272953033447266,180200
2016-06-06,10.369999885559082,10.470000267028809,10.369999885559082,10.420000076293945,4.264769077301025,186800
2016-06-07,10.350000381469727,10.449999809265137,10.34000015258789,10.390000343322754,4.252490997314453,139400
2016-06-08,10.399999618530273,10.460000038146973,10.390000343322754,10.430000305175781,4.268861293792725,162700
2016-06-09,10.449999809265137,10.460000038146973,10.380000114440918,10.449999809265137,4.2770466804504395,120600
2016-06-10,10.5,10.5,10.399999618530273,10.449999809265137,4.2770466804504395,253800
2016-06-13,10.460000038146973,10.470000267028809,10.399999618530273,10.420000076293945,4.264769077301025,174400
2016-06-14,10.399999618530273,10.449999809265137,10.300000190734863,10.369999885559082,4.2443037033081055,154200
2016-06-15,10.319999694824219,10.4399995803833,10.210000038146973,10.380000114440918,4.248395919799805,199100
2016-06-16,10.380000114440918,10.449999809265137,10.3100004196167,10.4399995803833,4.272953033447266,157000
2016-06-17,10.449999809265137,10.470000267028809,10.390000343322754,10.460000038146973,4.281139850616455,341600
2016-06-20,10.470000267028809,10.529999732971191,10.460000038146973,10.510000228881836,4.301602363586426,288300
2016-06-21,10.529999732971191,10.5600004196167,10.470000267028809,10.489999771118164,4.293415546417236,219400
2016-06-22,10.5,10.520000457763672,10.420000076293945,10.4399995803833,4.272953033447266,159100
2016-06-23,10.460000038146973,10.5,10.430000305175781,10.4399995803833,4.272953033447266,317900
2016-06-24,10.100000381469727,10.449999809265137,9.949999809265137,10.34000015258789,4.289547443389893,728800
2016-06-27,10.239999771118164,10.289999961853027,9.960000038146973,10.140000343322754,4.206578254699707,327200
2016-06-28,10.199999809265137,10.420000076293945,10.149999618530273,10.289999961853027,4.268805503845215,254800
2016-06-29,10.34000015258789,10.359999656677246,10.279999732971191,10.34000015258789,4.289547443389893,242000
2016-06-30,10.350000381469727,10.350000381469727,10.270000457763672,10.289999961853027,4.268805503845215,350900
2016-07-01,10.300000190734863,10.34000015258789,10.239999771118164,10.289999961853027,4.268805503845215,233500
2016-07-05,10.300000190734863,10.300000190734863,10.149999618530273,10.210000038146973,4.235617637634277,216700
2016-07-06,10.260000228881836,10.300000190734863,10.079999923706055,10.289999961853027,4.268805503845215,211100
2016-07-07,10.300000190734863,10.300000190734863,10.15999984741211,10.25,4.2522101402282715,166500
2016-07-08,10.25,10.300000190734863,10.229999542236328,10.260000228881836,4.25636100769043,189600
2016-07-11,10.279999732971191,10.399999618530273,10.199999809265137,10.369999885559082,4.301992416381836,269800
2016-07-12,10.420000076293945,10.489999771118164,10.369999885559082,10.470000267028809,4.343477249145508,320700
2016-07-13,10.5,10.550000190734863,10.4399995803833,10.479999542236328,4.347625732421875,216400
2016-07-14,10.550000190734863,10.6899995803833,10.539999961853027,10.680000305175781,4.43059778213501,402900
2016-07-15,10.729999542236328,10.739999771118164,10.550000190734863,10.739999771118164,4.4554877281188965,326900
2016-07-18,10.739999771118164,10.789999961853027,10.680000305175781,10.770000457763672,4.467933654785156,249900
2016-07-19,10.789999961853027,10.899999618530273,10.729999542236328,10.859999656677246,4.5052690505981445,289100
2016-07-20,10.899999618530273,10.989999771118164,10.84000015258789,10.979999542236328,4.555052757263184,322600
2016-07-21,10.960000038146973,11.0,10.869999885559082,10.90999984741211,4.526010036468506,333400
2016-07-22,10.979999542236328,11.050000190734863,10.930000305175781,11.039999961853027,4.57994270324707,366800
2016-07-25,10.899999618530273,10.920000076293945,10.75,10.859999656677246,4.563133716583252,303400
2016-07-26,10.850000381469727,10.859999656677246,10.760000228881836,10.829999923706055,4.550530433654785,235600
2016-07-27,10.770000457763672,10.880000114440918,10.760000228881836,10.850000381469727,4.558934211730957,189100
2016-07-28,10.699999809265137,11.100000381469727,10.300000190734863,10.949999809265137,4.600951194763184,777600
2016-07-29,10.970000267028809,11.25,10.960000038146973,11.15999984741211,4.689188480377197,364800
2016-08-01,11.050000190734863,11.050000190734863,10.800000190734863,10.970000267028809,4.609355926513672,348100
2016-08-02,10.970000267028809,11.0,10.850000381469727,10.930000305175781,4.59254789352417,341700
2016-08-03,10.930000305175781,11.0,10.869999885559082,10.970000267028809,4.609355926513672,410100
2016-08-04,10.970000267028809,11.029999732971191,10.949999809265137,10.989999771118164,4.617758750915527,208100
2016-08-05,10.989999771118164,11.15999984741211,10.989999771118164,11.069999694824219,4.651373863220215,359800
2016-08-08,11.0600004196167,11.069999694824219,10.930000305175781,10.949999809265137,4.600951194763184,370200
2016-08-09,10.970000267028809,11.0,10.920000076293945,10.930000305175781,4.59254789352417,347500
2016-08-10,10.9399995803833,10.970000267028809,10.869999885559082,10.890000343322754,4.575741291046143,359200
2016-08-11,10.890000343322754,10.930000305175781,10.829999923706055,10.869999885559082,4.567337512969971,360700
2016-08-12,10.84000015258789,10.930000305175781,10.829999923706055,10.850000381469727,4.558934211730957,328500
2016-08-15,10.850000381469727,10.899999618530273,10.8100004196167,10.819999694824219,4.546328067779541,355300
2016-08-16,10.84000015258789,10.84000015258789,10.729999542236328,10.760000228881836,4.521117210388184,439900
2016-08-17,10.800000190734863,10.800000190734863,10.6899995803833,10.779999732971191,4.529520511627197,288600
2016-08-18,10.800000190734863,10.899999618530273,10.789999961853027,10.829999923706055,4.550530433654785,576100
2016-08-19,10.850000381469727,10.850000381469727,10.760000228881836,10.800000190734863,4.5379252433776855,385200
2016-08-22,10.800000190734863,10.930000305175781,10.770000457763672,10.899999618530273,4.57994270324707,572200
2016-08-23,10.899999618530273,11.0,10.899999618530273,10.949999809265137,4.600951194763184,612400
2016-08-24,10.960000038146973,10.960000038146973,10.789999961853027,10.8100004196167,4.542126178741455,870000
2016-08-25,10.649999618530273,10.779999732971191,10.640000343322754,10.699999809265137,4.554897308349609,311300
2016-08-26,10.720000267028809,10.720000267028809,10.390000343322754,10.460000038146973,4.452732563018799,545800
2016-08-29,10.5,10.600000381469727,10.430000305175781,10.510000228881836,4.4740166664123535,232500
2016-08-30,10.550000190734863,10.609999656677246,10.479999542236328,10.550000190734863,4.491043567657471,223100
2016-08-31,10.550000190734863,10.579999923706055,10.399999618530273,10.489999771118164,4.465500831604004,303500
2016-09-01,10.520000457763672,10.5600004196167,10.289999961853027,10.390000343322754,4.4229326248168945,343500
2016-09-02,10.449999809265137,10.600000381469727,10.4399995803833,10.569999694824219,4.499558448791504,194800
2016-09-06,10.569999694824219,10.59000015258789,10.449999809265137,10.539999961853027,4.486785888671875,235200
2016-09-07,10.59000015258789,10.619999885559082,10.520000457763672,10.600000381469727,4.512327671051025,315700
2016-09-08,10.609999656677246,10.609999656677246,10.550000190734863,10.569999694824219,4.499558448791504,227500
2016-09-09,10.569999694824219,10.569999694824219,10.329999923706055,10.369999885559082,4.414417743682861,436500
2016-09-12,10.300000190734863,10.470000267028809,10.260000228881836,10.430000305175781,4.439960956573486,308300
2016-09-13,10.430000305175781,10.539999961853027,10.40999984741211,10.4399995803833,4.444218158721924,193500
2016-09-14,10.479999542236328,10.5600004196167,10.399999618530273,10.470000267028809,4.4569878578186035,216000
2016-09-15,10.5,10.5600004196167,10.479999542236328,10.520000457763672,4.478274822235107,146400
2016-09-16,10.529999732971191,10.550000190734863,10.40999984741211,10.550000190734863,4.491043567657471,333900
2016-09-19,10.59000015258789,10.699999809265137,10.529999732971191,10.579999923706055,4.503812789916992,242600
2016-09-20,10.699999809265137,10.699999809265137,10.600000381469727,10.640000343322754,4.529356002807617,155200
2016-09-21,10.670000076293945,10.729999542236328,10.600000381469727,10.710000038146973,4.559154987335205,321700
2016-09-22,10.710000038146973,10.770000457763672,10.6899995803833,10.760000228881836,4.580438137054443,490000
2016-09-23,10.760000228881836,10.760000228881836,10.6899995803833,10.699999809265137,4.554897308349609,455000
2016-09-26,10.579999923706055,10.619999885559082,10.510000228881836,10.569999694824219,4.559208869934082,306400
2016-09-27,10.600000381469727,10.609999656677246,10.5,10.529999732971191,4.541958332061768,225400
2016-09-28,10.5,10.529999732971191,10.399999618530273,10.489999771118164,4.524704456329346,183900
2016-09-29,10.5,10.5,10.359999656677246,10.460000038146973,4.5117645263671875,228000
2016-09-30,10.460000038146973,10.5,10.40999984741211,10.420000076293945,4.494509696960449,452300
2016-10-03,10.430000305175781,10.449999809265137,10.350000381469727,10.390000343322754,4.481570243835449,215700
2016-10-04,10.399999618530273,10.420000076293945,9.949999809265137,10.079999923706055,4.347855567932129,631600
2016-10-05,10.100000381469727,10.210000038146973,10.100000381469727,10.109999656677246,4.360795974731445,246100
2016-10-06,10.149999618530273,10.15999984741211,10.050000190734863,10.069999694824219,4.3435444831848145,295300
2016-10-07,10.109999656677246,10.119999885559082,9.960000038146973,10.050000190734863,4.334917068481445,273000
2016-10-10,10.050000190734863,10.199999809265137,10.050000190734863,10.100000381469727,4.356483459472656,126200
2016-10-11,10.079999923706055,10.079999923706055,9.970000267028809,10.050000190734863,4.334917068481445,252700
2016-10-12,10.109999656677246,10.399999618530273,10.010000228881836,10.279999732971191,4.4341230392456055,341900
2016-10-13,10.329999923706055,10.5,10.25,10.489999771118164,4.524704456329346,266200
2016-10-14,10.449999809265137,10.579999923706055,10.420000076293945,10.569999694824219,4.559208869934082,278900
2016-10-17,10.609999656677246,10.680000305175781,10.5600004196167,10.680000305175781,4.606657981872559,337500
2016-10-18,10.710000038146973,10.720000267028809,10.600000381469727,10.609999656677246,4.576464653015137,266500
2016-10-19,10.699999809265137,10.699999809265137,10.59000015258789,10.680000305175781,4.606657981872559,291100
2016-10-20,10.710000038146973,10.710000038146973,10.649999618530273,10.699999809265137,4.615285873413086,172800
2016-10-21,10.720000267028809,10.720000267028809,10.630000114440918,10.710000038146973,4.619597434997559,269000
2016-10-24,10.710000038146973,10.84000015258789,10.710000038146973,10.829999923706055,4.671356678009033,429100
2016-10-25,10.6899995803833,10.829999923706055,10.649999618530273,10.760000228881836,4.701945781707764,377700
2016-10-26,10.710000038146973,10.800000190734863,10.550000190734863,10.59000015258789,4.627659320831299,179200
2016-10-27,10.5600004196167,10.579999923706055,10.390000343322754,10.399999618530273,4.544632911682129,236100
2016-10-28,10.470000267028809,10.489999771118164,10.359999656677246,10.420000076293945,4.553372383117676,207300
2016-10-31,10.460000038146973,10.550000190734863,10.390000343322754,10.529999732971191,4.601442337036133,217000
2016-11-01,10.729999542236328,10.899999618530273,10.649999618530273,10.760000228881836,4.701945781707764,588600
2016-11-02,10.829999923706055,10.84000015258789,10.739999771118164,10.789999961853027,4.715057373046875,350500
2016-11-03,10.789999961853027,10.829999923706055,10.75,10.789999961853027,4.715057373046875,249000
2016-11-04,10.760000228881836,10.869999885559082,10.760000228881836,10.819999694824219,4.7281670570373535,391400
2016-11-07,10.890000343322754,10.890000343322754,10.760000228881836,10.8100004196167,4.723794937133789,435900
2016-11-08,10.800000190734863,10.890000343322754,10.789999961853027,10.819999694824219,4.7281670570373535,305600
2016-11-09,10.720000267028809,10.869999885559082,10.619999885559082,10.800000190734863,4.719427108764648,584400
2016-11-10,10.84000015258789,10.859999656677246,10.720000267028809,10.789999961853027,4.715057373046875,539500
2016-11-11,10.789999961853027,10.829999923706055,10.75,10.789999961853027,4.715057373046875,732900
2016-11-14,10.84000015258789,10.84000015258789,10.770000457763672,10.779999732971191,4.710687160491943,657900
2016-11-15,10.829999923706055,10.850000381469727,10.779999732971191,10.800000190734863,4.719427108764648,468500
2016-11-16,10.850000381469727,10.859999656677246,10.819999694824219,10.829999923706055,4.732534408569336,669000
2016-11-17,10.84000015258789,10.880000114440918,10.779999732971191,10.800000190734863,4.719427108764648,600900
2016-11-18,10.859999656677246,10.859999656677246,10.75,10.789999961853027,4.715057373046875,524100
2016-11-21,10.819999694824219,10.84000015258789,10.779999732971191,10.800000190734863,4.719427108764648,823000
2016-11-22,10.819999694824219,10.960000038146973,10.779999732971191,10.920000076293945,4.771864891052246,1299200
2016-11-23,10.979999542236328,10.979999542236328,10.84000015258789,10.859999656677246,4.745644569396973,640400
2016-11-25,10.880000114440918,10.890000343322754,10.779999732971191,10.829999923706055,4.732534408569336,538500
2016-11-28,10.720000267028809,10.800000190734863,10.720000267028809,10.75,4.759095668792725,639300
2016-11-29,10.720000267028809,10.770000457763672,10.699999809265137,10.760000228881836,4.763523578643799,555800
2016-11-30,10.770000457763672,10.779999732971191,10.699999809265137,10.720000267028809,4.745817184448242,253800
2016-12-01,10.739999771118164,10.760000228881836,10.520000457763672,10.6899995803833,4.732535362243652,511700
2016-12-02,10.65999984741211,10.680000305175781,10.520000457763672,10.569999694824219,4.679410457611084,402600
2016-12-05,10.59000015258789,10.6899995803833,10.520000457763672,10.65999984741211,4.719254016876221,582800
2016-12-06,10.680000305175781,10.720000267028809,10.670000076293945,10.710000038146973,4.741390228271484,689900
2016-12-07,10.729999542236328,10.800000190734863,10.710000038146973,10.789999961853027,4.7768073081970215,990900
2016-12-08,10.779999732971191,10.8100004196167,10.739999771118164,10.75,4.759095668792725,753700
2016-12-09,10.75,10.789999961853027,10.720000267028809,10.739999771118164,4.754671096801758,776100
2016-12-12,10.770000457763672,10.800000190734863,10.720000267028809,10.760000228881836,4.763523578643799,751200
2016-12-13,10.75,10.789999961853027,10.6899995803833,10.720000267028809,4.745817184448242,683300
2016-12-14,10.739999771118164,10.739999771118164,10.470000267028809,10.649999618530273,4.714827060699463,891400
2016-12-15,10.670000076293945,10.680000305175781,10.260000228881836,10.260000228881836,4.542172908782959,1140400
2016-12-16,10.260000228881836,10.5,10.260000228881836,10.470000267028809,4.635138034820557,2915500
2016-12-19,10.5,10.84000015258789,10.470000267028809,10.84000015258789,4.798943042755127,713300
2016-12-20,10.850000381469727,10.880000114440918,10.729999542236328,10.850000381469727,4.80336856842041,496100
2016-12-21,10.859999656677246,10.949999809265137,10.8100004196167,10.880000114440918,4.816650867462158,708200
2016-12-22,10.9399995803833,11.100000381469727,10.90999984741211,11.09000015258789,4.909618377685547,1068200
2016-12-23,11.020000457763672,11.050000190734863,10.899999618530273,11.010000228881836,4.87420129776001,509600
2016-12-27,11.09000015258789,11.119999885559082,10.960000038146973,11.09000015258789,4.909618377685547,764200
2016-12-28,10.899999618530273,10.979999542236328,10.75,10.779999732971191,4.833396911621094,461200
2016-12-29,10.779999732971191,10.970000267028809,10.779999732971191,10.930000305175781,4.900650978088379,334200
2016-12-30,10.90999984741211,10.90999984741211,10.779999732971191,10.829999923706055,4.855813026428223,356100
2017-01-03,10.890000343322754,10.979999542236328,10.859999656677246,10.970000267028809,4.918586254119873,529500
2017-01-04,11.020000457763672,11.300000190734863,10.979999542236328,11.260000228881836,5.048613548278809,795400
2017-01-05,11.199999809265137,11.239999771118164,11.050000190734863,11.199999809265137,5.021708965301514,523200
2017-01-06,11.15999984741211,11.229999542236328,11.119999885559082,11.199999809265137,5.021708965301514,340700
2017-01-09,11.220000267028809,11.3100004196167,11.109999656677246,11.220000267028809,5.030678749084473,426400
2017-01-10,11.25,11.430000305175781,11.180000305175781,11.430000305175781,5.1248345375061035,540800
2017-01-11,11.430000305175781,11.600000381469727,11.390000343322754,11.59000015258789,5.196574687957764,571400
2017-01-12,11.399999618530273,11.460000038146973,11.15999984741211,11.34000015258789,5.084479808807373,835800
2017-01-13,11.399999618530273,11.4399995803833,11.1899995803833,11.430000305175781,5.1248345375061035,556000
2017-01-17,11.489999771118164,11.520000457763672,11.359999656677246,11.4399995803833,5.129319667816162,461300
2017-01-18,11.489999771118164,11.59000015258789,11.380000114440918,11.510000228881836,5.16070556640625,523800
2017-01-19,11.520000457763672,11.520000457763672,11.390000343322754,11.489999771118164,5.151736736297607,355500
2017-01-20,11.529999732971191,11.680000305175781,11.489999771118164,11.640000343322754,5.218992233276367,504000
2017-01-23,11.739999771118164,11.90999984741211,11.649999618530273,11.789999961853027,5.286247253417969,857100
2017-01-24,11.850000381469727,11.960000038146973,11.75,11.869999885559082,5.322116851806641,617100
2017-01-25,11.960000038146973,12.050000190734863,11.90999984741211,12.0,5.380403518676758,687700
2017-01-26,12.010000228881836,12.15999984741211,12.0,12.09000015258789,5.42075777053833,883500
2017-01-27,11.970000267028809,12.09000015258789,11.84000015258789,12.0600004196167,5.470654010772705,876800
2017-01-30,12.039999961853027,12.0600004196167,11.800000190734863,11.949999809265137,5.420757293701172,727900
2017-01-31,11.899999618530273,12.029999732971191,11.8100004196167,11.829999923706055,5.3663225173950195,1161900
2017-02-01,11.8100004196167,11.979999542236328,11.8100004196167,11.8100004196167,5.357249736785889,544000
2017-02-02,11.850000381469727,11.9399995803833,11.770000457763672,11.8100004196167,5.357249736785889,512800
2017-02-03,11.819999694824219,11.979999542236328,11.8100004196167,11.9399995803833,5.416221618652344,505200
2017-02-06,11.9399995803833,12.079999923706055,11.880000114440918,12.079999923706055,5.479729652404785,570700
2017-02-07,12.079999923706055,12.079999923706055,11.989999771118164,12.050000190734863,5.466119766235352,458500
2017-02-08,12.079999923706055,12.119999885559082,12.0,12.119999885559082,5.497870922088623,543500
2017-02-09,12.119999885559082,12.25,12.100000381469727,12.220000267028809,5.543234348297119,450100
2017-02-10,12.25,12.380000114440918,12.199999809265137,12.380000114440918,5.615813732147217,566700
2017-02-13,12.399999618530273,12.5600004196167,12.380000114440918,12.510000228881836,5.674785614013672,706300
2017-02-14,12.550000190734863,12.600000381469727,12.350000381469727,12.420000076293945,5.633957862854004,812500
2017-02-15,12.399999618530273,12.4399995803833,12.279999732971191,12.369999885559082,5.6112775802612305,778200
2017-02-16,12.350000381469727,12.470000267028809,12.329999923706055,12.390000343322754,5.620349407196045,882000
2017-02-17,11.449999809265137,11.649999618530273,10.609999656677246,10.84000015258789,4.917238712310791,6692000
2017-02-21,10.829999923706055,10.84000015258789,10.0,10.199999809265137,4.6269211769104,4707100
2017-02-22,10.140000343322754,10.229999542236328,10.010000228881836,10.039999961853027,4.554343223571777,1934900
2017-02-23,10.010000228881836,10.229999542236328,10.010000228881836,10.140000343322754,4.599705696105957,1672100
2017-02-24,9.949999809265137,10.0,9.859999656677246,9.90999984741211,4.558307647705078,1348800
2017-02-27,9.90999984741211,9.930000305175781,9.630000114440918,9.680000305175781,4.452513217926025,1974300
2017-02-28,9.84000015258789,9.979999542236328,9.789999961853027,9.819999694824219,4.516909122467041,1045100
2017-03-01,9.899999618530273,9.920000076293945,9.65999984741211,9.710000038146973,4.466312885284424,1167300
2017-03-02,9.739999771118164,9.739999771118164,9.369999885559082,9.420000076293945,4.332921504974365,1612300
2017-03-03,9.460000038146973,9.59000015258789,9.390000343322754,9.4399995803833,4.34212064743042,1180000
2017-03-06,9.4399995803833,9.640000343322754,9.399999618530273,9.59000015258789,4.411118507385254,921200
2017-03-07,9.640000343322754,9.699999809265137,9.430000305175781,9.5,4.3697190284729,990400
2017-03-08,9.579999923706055,9.640000343322754,9.229999542236328,9.229999542236328,4.245526313781738,1295400
2017-03-09,9.300000190734863,9.430000305175781,9.229999542236328,9.3100004196167,4.282325267791748,1164200
2017-03-10,9.350000381469727,9.649999618530273,9.350000381469727,9.619999885559082,4.4249162673950195,894400
2017-03-13,9.619999885559082,9.760000228881836,9.520000457763672,9.550000190734863,4.392718315124512,903900
2017-03-14,9.5,9.5600004196167,9.399999618530273,9.4399995803833,4.34212064743042,623000
2017-03-15,9.4399995803833,9.680000305175781,9.420000076293945,9.640000343322754,4.434114933013916,606900
2017-03-16,9.720000267028809,9.880000114440918,9.65999984741211,9.84000015258789,4.526111125946045,843500
2017-03-17,9.850000381469727,10.050000190734863,9.850000381469727,10.039999961853027,4.618102550506592,1927500
2017-03-20,10.09000015258789,10.149999618530273,9.920000076293945,10.109999656677246,4.650301456451416,1233500
2017-03-21,10.149999618530273,10.170000076293945,10.010000228881836,10.109999656677246,4.650301456451416,849200
2017-03-22,10.109999656677246,10.149999618530273,10.0,10.079999923706055,4.636503219604492,519900
2017-03-23,10.100000381469727,10.1899995803833,10.0600004196167,10.100000381469727,4.645703315734863,644800
2017-03-24,10.100000381469727,10.170000076293945,10.079999923706055,10.09000015258789,4.641099452972412,999600
2017-03-27,10.119999885559082,10.140000343322754,10.050000190734863,10.100000381469727,4.645703315734863,770000
2017-03-28,10.100000381469727,10.140000343322754,10.0600004196167,10.100000381469727,4.645703315734863,870300
2017-03-29,9.979999542236328,10.079999923706055,9.920000076293945,10.010000228881836,4.669024467468262,830100
2017-03-30,9.989999771118164,10.0600004196167,9.960000038146973,9.970000267028809,4.650366306304932,669200
2017-03-31,10.0,10.029999732971191,9.90999984741211,9.989999771118164,4.659694671630859,688700
2017-04-03,9.989999771118164,10.109999656677246,9.970000267028809,10.069999694824219,4.6970109939575195,651600
2017-04-04,10.109999656677246,10.140000343322754,10.039999961853027,10.119999885559082,4.720331192016602,814400
2017-04-05,10.140000343322754,10.149999618530273,10.0,10.039999961853027,4.683017253875732,662000
2017-04-06,10.020000457763672,10.100000381469727,9.899999618530273,10.100000381469727,4.711001873016357,771100
2017-04-07,10.050000190734863,10.130000114440918,10.010000228881836,10.050000190734863,4.687680244445801,422900
2017-04-10,10.050000190734863,10.119999885559082,10.020000457763672,10.079999923706055,4.70167350769043,980900
2017-04-11,10.119999885559082,10.289999961853027,10.09000015258789,10.270000457763672,4.790297508239746,729000
2017-04-12,10.260000228881836,10.279999732971191,10.109999656677246,10.25,4.7809672355651855,465200
2017-04-13,10.25,10.479999542236328,10.199999809265137,10.460000038146973,4.878922939300537,906100
2017-04-17,10.510000228881836,10.630000114440918,10.430000305175781,10.619999885559082,4.953550815582275,802200
2017-04-18,10.630000114440918,10.65999984741211,10.520000457763672,10.640000343322754,4.96287727355957,677300
2017-04-19,10.640000343322754,10.850000381469727,10.600000381469727,10.710000038146973,4.995528221130371,759900
2017-04-20,10.760000228881836,10.920000076293945,10.710000038146973,10.770000457763672,5.023514747619629,843900
2017-04-21,10.770000457763672,10.84000015258789,10.710000038146973,10.819999694824219,5.04683780670166,617200
2017-04-24,10.949999809265137,11.050000190734863,10.819999694824219,10.949999809265137,5.107474327087402,1037400
2017-04-25,10.9399995803833,11.130000114440918,10.899999618530273,11.109999656677246,5.182103633880615,957300
2017-04-26,10.970000267028809,11.09000015258789,10.880000114440918,11.020000457763672,5.205721855163574,983400
2017-04-27,11.0,11.020000457763672,10.880000114440918,10.930000305175781,5.163208484649658,830400
2017-04-28,10.350000381469727,10.859999656677246,9.8100004196167,10.600000381469727,5.00731897354126,2726500
2017-05-01,10.579999923706055,10.970000267028809,10.5,10.899999618530273,5.1490349769592285,664300
2017-05-02,10.899999618530273,10.930000305175781,10.680000305175781,10.729999542236328,5.068729400634766,749800
2017-05-03,10.729999542236328,10.800000190734863,10.609999656677246,10.729999542236328,5.068729400634766,563300
2017-05-04,10.720000267028809,10.75,10.350000381469727,10.40999984741211,4.917566299438477,1072100
2017-05-05,10.470000267028809,10.649999618530273,10.430000305175781,10.5600004196167,4.988425254821777,802300
2017-05-08,10.59000015258789,10.640000343322754,10.4399995803833,10.539999961853027,4.97897481918335,572800
2017-05-09,10.520000457763672,10.579999923706055,10.279999732971191,10.34000015258789,4.884496688842773,742800
2017-05-10,10.300000190734863,10.460000038146973,10.289999961853027,10.420000076293945,4.922288417816162,650200
2017-05-11,10.520000457763672,10.539999961853027,10.399999618530273,10.4399995803833,4.931735992431641,641000
2017-05-12,10.4399995803833,10.449999809265137,10.350000381469727,10.390000343322754,4.908117294311523,480700
2017-05-15,10.390000343322754,10.420000076293945,10.390000343322754,10.399999618530273,4.912842273712158,799900
2017-05-16,10.420000076293945,10.420000076293945,10.350000381469727,10.359999656677246,4.893945693969727,566800
2017-05-17,10.369999885559082,10.369999885559082,10.25,10.300000190734863,4.865603923797607,621100
2017-05-18,10.25,10.34000015258789,10.25,10.3100004196167,4.870324611663818,741900
2017-05-19,10.329999923706055,10.369999885559082,10.279999732971191,10.300000190734863,4.865603923797607,874200
2017-05-22,10.319999694824219,10.350000381469727,10.239999771118164,10.260000228881836,4.846706867218018,1254700
2017-05-23,10.3100004196167,10.40999984741211,10.289999961853027,10.399999618530273,4.912842273712158,1166900
2017-05-24,10.510000228881836,10.520000457763672,10.40999984741211,10.430000305175781,4.9270148277282715,1052000
2017-05-25,10.449999809265137,10.479999542236328,10.319999694824219,10.34000015258789,4.884496688842773,1416600
2017-05-26,10.199999809265137,10.239999771118164,10.0600004196167,10.100000381469727,4.836611747741699,1125700
2017-05-30,10.149999618530273,10.170000076293945,10.020000457763672,10.029999732971191,4.803090572357178,752900
2017-05-31,10.029999732971191,10.100000381469727,9.970000267028809,10.050000190734863,4.812666893005371,1305600
2017-06-01,10.069999694824219,10.109999656677246,10.029999732971191,10.039999961853027,4.807878017425537,1233000
2017-06-02,10.039999961853027,10.140000343322754,10.039999961853027,10.100000381469727,4.836611747741699,902700
2017-06-05,10.100000381469727,10.140000343322754,9.979999542236328,10.09000015258789,4.831820011138916,798900
2017-06-06,10.09000015258789,10.09000015258789,10.0,10.050000190734863,4.812666893005371,429200
2017-06-07,10.069999694824219,10.100000381469727,10.0,10.050000190734863,4.812666893005371,464900
2017-06-08,10.050000190734863,10.100000381469727,10.029999732971191,10.050000190734863,4.812666893005371,731200
2017-06-09,10.050000190734863,10.149999618530273,10.050000190734863,10.100000381469727,4.836611747741699,1706900
2017-06-12,10.100000381469727,10.15999984741211,10.069999694824219,10.09000015258789,4.831820011138916,1106200
2017-06-13,10.100000381469727,10.119999885559082,10.020000457763672,10.0600004196167,4.8174567222595215,1077900
2017-06-14,10.140000343322754,10.140000343322754,10.0600004196167,10.100000381469727,4.836611747741699,1420500
2017-06-15,10.100000381469727,10.130000114440918,10.050000190734863,10.079999923706055,4.827032566070557,1423800
2017-06-16,10.050000190734863,10.109999656677246,10.039999961853027,10.050000190734863,4.812666893005371,1941000
2017-06-19,10.100000381469727,10.130000114440918,10.0600004196167,10.079999923706055,4.827032566070557,1278300
2017-06-20,10.09000015258789,10.140000343322754,10.0600004196167,10.069999694824219,4.822245121002197,842300
2017-06-21,10.109999656677246,10.140000343322754,10.050000190734863,10.069999694824219,4.822245121002197,897600
2017-06-22,10.09000015258789,10.130000114440918,10.029999732971191,10.0600004196167,4.8174567222595215,745100
2017-06-23,10.079999923706055,10.140000343322754,10.0600004196167,10.119999885559082,4.846189022064209,1767600
2017-06-26,10.130000114440918,10.34000015258789,10.130000114440918,10.329999923706055,4.946750164031982,1153300
2017-06-27,10.329999923706055,10.390000343322754,10.119999885559082,10.170000076293945,4.8701324462890625,1096800
2017-06-28,10.0,10.100000381469727,9.880000114440918,9.9399995803833,4.826431751251221,1393100
2017-06-29,9.930000305175781,10.020000457763672,9.8100004196167,9.930000305175781,4.82157564163208,1123800
2017-06-30,9.930000305175781,9.9399995803833,9.819999694824219,9.859999656677246,4.787588119506836,574100
2017-07-03,9.869999885559082,10.050000190734863,9.869999885559082,10.050000190734863,4.879842281341553,604300
2017-07-05,10.039999961853027,10.170000076293945,10.020000457763672,10.050000190734863,4.879842281341553,741800
2017-07-06,10.050000190734863,10.09000015258789,9.989999771118164,10.020000457763672,4.865277290344238,382300
2017-07-07,10.029999732971191,10.100000381469727,9.949999809265137,10.069999694824219,4.889554500579834,594800
2017-07-10,10.050000190734863,10.1899995803833,10.020000457763672,10.069999694824219,4.889554500579834,769100
2017-07-11,10.109999656677246,10.180000305175781,10.039999961853027,10.15999984741211,4.933255672454834,593600
2017-07-12,10.15999984741211,10.270000457763672,10.15999984741211,10.239999771118164,4.9720988273620605,634900
2017-07-13,10.229999542236328,10.239999771118164,9.850000381469727,9.90999984741211,4.811863422393799,2404800
2017-07-14,9.930000305175781,10.050000190734863,9.920000076293945,9.970000267028809,4.840999603271484,1122900
2017-07-17,10.0,10.140000343322754,9.979999542236328,10.020000457763672,4.865277290344238,869700
2017-07-18,10.010000228881836,10.020000457763672,9.720000267028809,9.770000457763672,4.743886947631836,1719300
2017-07-19,9.800000190734863,9.84000015258789,9.699999809265137,9.8100004196167,4.763310432434082,819700
2017-07-20,9.8100004196167,9.859999656677246,9.760000228881836,9.8100004196167,4.763310432434082,882100
2017-07-21,9.8100004196167,9.84000015258789,9.710000038146973,9.829999923706055,4.773021221160889,788400
2017-07-24,9.829999923706055,9.850000381469727,9.739999771118164,9.739999771118164,4.729320049285889,851900
2017-07-25,9.739999771118164,9.779999732971191,9.640000343322754,9.6899995803833,4.705044746398926,897300
2017-07-26,9.699999809265137,9.760000228881836,9.6899995803833,9.75,4.7341766357421875,1065600
2017-07-27,9.649999618530273,9.65999984741211,9.460000038146973,9.550000190734863,4.704617977142334,1153500
2017-07-28,9.520000457763672,9.539999961853027,9.369999885559082,9.40999984741211,4.635650634765625,1422500
2017-07-31,9.399999618530273,9.579999923706055,9.350000381469727,9.529999732971191,4.694764614105225,901200
2017-08-01,9.399999618530273,9.619999885559082,9.180000305175781,9.569999694824219,4.714469909667969,2238600
2017-08-02,9.550000190734863,9.640000343322754,9.529999732971191,9.600000381469727,4.729250907897949,862200
2017-08-03,9.569999694824219,9.619999885559082,9.449999809265137,9.470000267028809,4.665207862854004,1087200
2017-08-04,9.479999542236328,9.539999961853027,9.390000343322754,9.460000038146973,4.660281181335449,671400
2017-08-07,9.5,9.539999961853027,9.420000076293945,9.489999771118164,4.675060272216797,517400
2017-08-08,9.460000038146973,9.59000015258789,9.460000038146973,9.569999694824219,4.714469909667969,503100
2017-08-09,9.550000190734863,9.619999885559082,9.529999732971191,9.59000015258789,4.724326133728027,373600
2017-08-10,9.579999923706055,9.630000114440918,9.510000228881836,9.569999694824219,4.714469909667969,514600
2017-08-11,9.489999771118164,9.630000114440918,9.489999771118164,9.579999923706055,4.71939754486084,616500
2017-08-14,9.600000381469727,9.75,9.5600004196167,9.649999618530273,4.753882884979248,920800
2017-08-15,9.649999618530273,9.699999809265137,9.5600004196167,9.65999984741211,4.75880765914917,589200
2017-08-16,9.640000343322754,9.729999542236328,9.619999885559082,9.670000076293945,4.763733863830566,444200
2017-08-17,9.640000343322754,9.720000267028809,9.619999885559082,9.630000114440918,4.744029521942139,546600
2017-08-18,9.600000381469727,9.75,9.569999694824219,9.739999771118164,4.7982177734375,744300
2017-08-21,9.760000228881836,9.770000457763672,9.6899995803833,9.760000228881836,4.808072090148926,498500
2017-08-22,9.760000228881836,10.039999961853027,9.760000228881836,9.970000267028809,4.911523818969727,1775100
2017-08-23,9.970000267028809,9.979999542236328,9.800000190734863,9.84000015258789,4.847483158111572,669400
2017-08-24,9.859999656677246,9.949999809265137,9.789999961853027,9.899999618530273,4.877039432525635,716300
2017-08-25,9.930000305175781,9.9399995803833,9.8100004196167,9.859999656677246,4.857334136962891,652500
2017-08-28,9.869999885559082,9.90999984741211,9.8100004196167,9.869999885559082,4.8622589111328125,1059300
2017-08-29,9.720000267028809,9.729999542236328,9.569999694824219,9.649999618530273,4.822282791137695,817900
2017-08-30,9.649999618530273,9.710000038146973,9.579999923706055,9.640000343322754,4.817284107208252,521300
2017-08-31,9.670000076293945,9.739999771118164,9.600000381469727,9.670000076293945,4.832276821136475,470700
2017-09-01,9.630000114440918,9.800000190734863,9.619999885559082,9.779999732971191,4.8872456550598145,627400
2017-09-05,9.789999961853027,9.859999656677246,9.649999618530273,9.65999984741211,4.8272809982299805,699400
2017-09-06,9.680000305175781,9.760000228881836,9.619999885559082,9.630000114440918,4.812288761138916,615200
2017-09-07,9.630000114440918,9.720000267028809,9.600000381469727,9.670000076293945,4.832276821136475,377500
2017-09-08,9.680000305175781,9.720000267028809,9.640000343322754,9.670000076293945,4.832276821136475,455200
2017-09-11,9.680000305175781,9.869999885559082,9.680000305175781,9.8100004196167,4.902237892150879,806500
2017-09-12,9.8100004196167,9.949999809265137,9.8100004196167,9.899999618530273,4.9472126960754395,692100
2017-09-13,9.899999618530273,9.899999618530273,9.760000228881836,9.84000015258789,4.917231559753418,612700
2017-09-14,9.890000343322754,9.930000305175781,9.789999961853027,9.880000114440918,4.9372172355651855,831300
2017-09-15,9.890000343322754,9.979999542236328,9.829999923706055,9.960000038146973,4.97719669342041,3720800
2017-09-18,9.960000038146973,10.079999923706055,9.899999618530273,10.069999694824219,5.032164573669434,1241200
2017-09-19,10.050000190734863,10.100000381469727,10.010000228881836,10.09000015258789,5.042157173156738,907300
2017-09-20,10.079999923706055,10.130000114440918,10.0,10.09000015258789,5.042157173156738,712100
2017-09-21,10.079999923706055,10.119999885559082,10.010000228881836,10.039999961853027,5.017171859741211,723800
2017-09-22,10.039999961853027,10.130000114440918,10.039999961853027,10.09000015258789,5.042157173156738,662200
2017-09-25,10.109999656677246,10.180000305175781,10.0600004196167,10.170000076293945,5.082137584686279,639800
2017-09-26,10.180000305175781,10.25,10.109999656677246,10.210000038146973,5.10212516784668,891100
2017-09-27,10.220000267028809,10.300000190734863,10.140000343322754,10.279999732971191,5.137105464935303,987900
2017-09-28,10.130000114440918,10.199999809265137,10.0,10.1899995803833,5.162437438964844,741400
2017-09-29,10.180000305175781,10.239999771118164,10.130000114440918,10.1899995803833,5.162437438964844,768900
2017-10-02,10.1899995803833,10.25,10.119999885559082,10.199999809265137,5.167502403259277,707200
2017-10-03,10.210000038146973,10.260000228881836,10.09000015258789,10.239999771118164,5.1877665519714355,671700
2017-10-04,10.260000228881836,10.270000457763672,10.1899995803833,10.25,5.192832946777344,430900
2017-10-05,10.260000228881836,10.380000114440918,10.260000228881836,10.350000381469727,5.243496417999268,672700
2017-10-06,10.300000190734863,10.359999656677246,10.210000038146973,10.3100004196167,5.223230361938477,710000
2017-10-09,10.329999923706055,10.420000076293945,10.279999732971191,10.369999885559082,5.253627300262451,651400
2017-10-10,10.420000076293945,10.420000076293945,10.270000457763672,10.319999694824219,5.228297710418701,580900
2017-10-11,10.319999694824219,10.359999656677246,10.25,10.319999694824219,5.228297710418701,608500
2017-10-12,10.300000190734863,10.359999656677246,10.239999771118164,10.359999656677246,5.248561382293701,589200
2017-10-13,10.390000343322754,10.399999618530273,10.3100004196167,10.390000343322754,5.2637619972229,526500
2017-10-16,10.399999618530273,10.449999809265137,10.399999618530273,10.430000305175781,5.284026145935059,643100
2017-10-17,10.460000038146973,10.470000267028809,10.380000114440918,10.430000305175781,5.284026145935059,640100
2017-10-18,10.399999618530273,10.4399995803833,10.369999885559082,10.390000343322754,5.2637619972229,392600
2017-10-19,10.399999618530273,10.399999618530273,10.270000457763672,10.319999694824219,5.228297710418701,993000
2017-10-20,10.329999923706055,10.350000381469727,10.260000228881836,10.289999961853027,5.213098049163818,658300
2017-10-23,10.300000190734863,10.319999694824219,10.15999984741211,10.199999809265137,5.167502403259277,818400
2017-10-24,10.220000267028809,10.239999771118164,10.109999656677246,10.109999656677246,5.121905326843262,937300
2017-10-25,10.09000015258789,10.199999809265137,10.0,10.050000190734863,5.0915093421936035,1159600
2017-10-26,10.069999694824219,10.130000114440918,9.859999656677246,9.90999984741211,5.0205841064453125,1138400
2017-10-27,10.039999961853027,10.380000114440918,10.0,10.319999694824219,5.228297710418701,1803700
2017-10-30,10.199999809265137,10.210000038146973,9.869999885559082,9.9399995803833,5.105034351348877,1779500
2017-10-31,9.979999542236328,10.140000343322754,9.9399995803833,9.960000038146973,5.115307807922363,1089100
2017-11-01,9.979999542236328,10.0600004196167,9.819999694824219,9.890000343322754,5.079357624053955,1157400
2017-11-02,9.890000343322754,9.90999984741211,9.729999542236328,9.850000381469727,5.058813095092773,899100
2017-11-03,9.869999885559082,9.869999885559082,9.670000076293945,9.720000267028809,4.99204683303833,1100600
2017-11-06,9.720000267028809,9.720000267028809,9.4399995803833,9.710000038146973,4.986911296844482,1591400
2017-11-07,9.710000038146973,9.800000190734863,9.619999885559082,9.770000457763672,5.017727851867676,934300
2017-11-08,9.779999732971191,9.880000114440918,9.770000457763672,9.829999923706055,5.04854154586792,899300
2017-11-09,9.84000015258789,9.869999885559082,9.770000457763672,9.800000190734863,5.033135414123535,1056000
2017-11-10,9.819999694824219,9.869999885559082,9.760000228881836,9.789999961853027,5.027998447418213,911800
2017-11-13,9.800000190734863,9.819999694824219,9.770000457763672,9.800000190734863,5.033135414123535,880100
2017-11-14,9.800000190734863,9.829999923706055,9.770000457763672,9.800000190734863,5.033135414123535,839200
2017-11-15,9.779999732971191,9.800000190734863,9.699999809265137,9.699999809265137,4.981775283813477,819800
2017-11-16,9.710000038146973,9.770000457763672,9.649999618530273,9.710000038146973,4.986911296844482,617300
2017-11-17,9.720000267028809,9.779999732971191,9.710000038146973,9.75,5.007455825805664,770200
2017-11-20,9.760000228881836,9.84000015258789,9.729999542236328,9.819999694824219,5.043406963348389,1711200
2017-11-21,9.800000190734863,9.899999618530273,9.800000190734863,9.869999885559082,5.069085121154785,1074700
2017-11-22,9.880000114440918,9.9399995803833,9.880000114440918,9.90999984741211,5.089628219604492,889600
2017-11-24,9.930000305175781,9.960000038146973,9.890000343322754,9.890000343322754,5.079357624053955,699100
2017-11-27,9.920000076293945,9.960000038146973,9.859999656677246,9.869999885559082,5.069085121154785,1309600
2017-11-28,9.880000114440918,9.890000343322754,9.720000267028809,9.729999542236328,4.997182846069336,1614600
2017-11-29,9.600000381469727,9.65999984741211,9.5600004196167,9.579999923706055,4.991972923278809,1180100
2017-11-30,9.5600004196167,9.609999656677246,9.479999542236328,9.479999542236328,4.9398627281188965,1137600
2017-12-01,9.460000038146973,9.550000190734863,9.359999656677246,9.520000457763672,4.960708141326904,1462000
2017-12-04,9.5600004196167,9.640000343322754,9.510000228881836,9.529999732971191,4.965918064117432,747800
2017-12-05,9.520000457763672,9.600000381469727,9.5,9.520000457763672,4.960708141326904,635600
2017-12-06,9.539999961853027,9.569999694824219,9.5,9.510000228881836,4.9554972648620605,884000
2017-12-07,9.539999961853027,9.59000015258789,9.470000267028809,9.550000190734863,4.9763407707214355,1209000
2017-12-08,9.579999923706055,9.609999656677246,9.539999961853027,9.5600004196167,4.981550693511963,983800
2017-12-11,9.5600004196167,9.59000015258789,9.520000457763672,9.529999732971191,4.965918064117432,908500
2017-12-12,9.520000457763672,9.550000190734863,9.430000305175781,9.460000038146973,4.929443359375,1230700
2017-12-13,9.460000038146973,9.569999694824219,9.4399995803833,9.539999961853027,4.971129894256592,1268500
2017-12-14,9.539999961853027,9.619999885559082,9.5,9.539999961853027,4.971129894256592,1438500
2017-12-15,9.539999961853027,9.619999885559082,9.539999961853027,9.579999923706055,4.991972923278809,2047000
2017-12-18,9.600000381469727,9.630000114440918,9.470000267028809,9.489999771118164,4.945075035095215,1789000
2017-12-19,9.5,9.5,9.199999809265137,9.199999809265137,4.793961048126221,2227800
2017-12-20,9.260000228881836,9.4399995803833,9.239999771118164,9.350000381469727,4.8721232414245605,1294300
2017-12-21,9.369999885559082,9.5,9.359999656677246,9.449999809265137,4.924232006072998,1011600
2017-12-22,9.470000267028809,9.470000267028809,9.359999656677246,9.40999984741211,4.903389930725098,936700
2017-12-26,9.460000038146973,9.520000457763672,9.40999984741211,9.470000267028809,4.934654235839844,1035200
2017-12-27,9.479999542236328,9.510000228881836,9.449999809265137,9.5,4.950286865234375,1079500
2017-12-28,9.399999618530273,9.449999809265137,9.300000190734863,9.40999984741211,4.976731300354004,955500
2017-12-29,9.399999618530273,9.40999984741211,9.279999732971191,9.279999732971191,4.907976150512695,1261600
2018-01-02,9.300000190734863,9.329999923706055,9.1899995803833,9.229999542236328,4.881532192230225,1332000
2018-01-03,9.199999809265137,9.270000457763672,9.029999732971191,9.039999961853027,4.781045436859131,1505900
2018-01-04,9.050000190734863,9.170000076293945,9.050000190734863,9.119999885559082,4.823356628417969,798200
2018-01-05,9.119999885559082,9.15999984741211,9.0600004196167,9.109999656677246,4.81806755065918,741000
2018-01-08,9.119999885559082,9.199999809265137,9.050000190734863,9.069999694824219,4.796911239624023,1306600
2018-01-09,9.069999694824219,9.09000015258789,8.729999542236328,8.739999771118164,4.622382640838623,2510300
2018-01-10,8.739999771118164,8.75,8.550000190734863,8.6899995803833,4.595937728881836,1790600
2018-01-11,7.849999904632568,8.270000457763672,7.849999904632568,8.039999961853027,4.252169132232666,5969600
2018-01-12,8.029999732971191,8.069999694824219,7.840000152587891,7.869999885559082,4.162259578704834,3071600
2018-01-16,7.800000190734863,7.920000076293945,7.800000190734863,7.829999923706055,4.1411051750183105,2110400
2018-01-17,7.829999923706055,7.909999847412109,7.789999961853027,7.849999904632568,4.1516828536987305,1391900
2018-01-18,7.869999885559082,7.880000114440918,7.809999942779541,7.849999904632568,4.1516828536987305,1141200
2018-01-19,7.829999923706055,7.900000095367432,7.820000171661377,7.889999866485596,4.172837734222412,1062800
2018-01-22,7.900000095367432,8.149999618530273,7.900000095367432,8.100000381469727,4.283901691436768,1715900
2018-01-23,8.130000114440918,8.319999694824219,8.100000381469727,8.149999618530273,4.310345649719238,1188400
2018-01-24,8.149999618530273,8.199999809265137,8.109999656677246,8.109999656677246,4.28918981552124,758200
2018-01-25,8.109999656677246,8.210000038146973,8.0600004196167,8.130000114440918,4.29976749420166,726400
2018-01-26,8.130000114440918,8.180000305175781,8.0600004196167,8.079999923706055,4.2733235359191895,705600
2018-01-29,8.09000015258789,8.100000381469727,7.849999904632568,7.949999809265137,4.204570770263672,1612900
2018-01-30,7.829999923706055,7.869999885559082,7.760000228881836,7.849999904632568,4.209932327270508,1017100
2018-01-31,7.889999866485596,7.889999866485596,7.46999979019165,7.579999923706055,4.065132141113281,2832300
2018-02-01,7.53000020980835,7.699999809265137,7.53000020980835,7.590000152587891,4.070496559143066,1290500
2018-02-02,7.550000190734863,7.550000190734863,7.380000114440918,7.429999828338623,3.9846880435943604,1441400
2018-02-05,7.400000095367432,7.429999828338623,7.070000171661377,7.170000076293945,3.845250129699707,3087000
2018-02-06,7.0,7.309999942779541,6.920000076293945,7.25,3.888155460357666,2661100
2018-02-07,7.260000228881836,7.460000038146973,7.260000228881836,7.300000190734863,3.9149694442749023,863900
2018-02-08,7.309999942779541,7.329999923706055,7.199999809265137,7.210000038146973,3.866702079772949,791400
2018-02-09,7.300000190734863,7.300000190734863,6.769999980926514,7.099999904632568,3.8077101707458496,3200500
2018-02-12,7.110000133514404,7.409999847412109,7.03000020980835,7.340000152587891,3.936422348022461,1645700
2018-02-13,7.329999923706055,7.440000057220459,7.21999979019165,7.400000095367432,3.968599796295166,854800
2018-02-14,7.349999904632568,7.380000114440918,7.28000020980835,7.340000152587891,3.936422348022461,1031600
2018-02-15,7.380000114440918,7.590000152587891,7.349999904632568,7.550000190734863,4.049044609069824,1026300
2018-02-16,7.539999961853027,7.659999847412109,7.539999961853027,7.630000114440918,4.091945648193359,697900
2018-02-20,7.599999904632568,7.659999847412109,7.420000076293945,7.440000057220459,3.990051031112671,926000
2018-02-21,7.460000038146973,7.559999942779541,7.400000095367432,7.409999847412109,3.97396183013916,725400
2018-02-22,7.449999809265137,7.449999809265137,7.380000114440918,7.440000057220459,3.990051031112671,535800
2018-02-23,7.5,7.639999866485596,7.480000019073486,7.599999904632568,4.075858116149902,922000
2018-02-26,7.610000133514404,7.650000095367432,7.5,7.650000095367432,4.1026740074157715,1004800
2018-02-27,7.510000228881836,7.539999961853027,7.239999771118164,7.269999980926514,3.955760955810547,1161000
2018-02-28,7.230000019073486,7.349999904632568,7.190000057220459,7.190000057220459,3.9122314453125,924800
2018-03-01,7.190000057220459,7.269999980926514,7.130000114440918,7.269999980926514,3.955760955810547,1317900
2018-03-02,7.210000038146973,7.400000095367432,7.159999847412109,7.389999866485596,4.021056175231934,871900
2018-03-05,7.380000114440918,7.539999961853027,7.360000133514404,7.489999771118164,4.075467586517334,1037700
2018-03-06,7.489999771118164,7.550000190734863,7.409999847412109,7.539999961853027,4.1026740074157715,594300
2018-03-07,7.5,7.610000133514404,7.5,7.590000152587891,4.129879474639893,687400
2018-03-08,7.610000133514404,7.610000133514404,7.46999979019165,7.559999942779541,4.113555908203125,852800
2018-03-09,7.0,7.179999828338623,6.829999923706055,7.099999904632568,3.8632593154907227,5462400
2018-03-12,7.110000133514404,7.460000038146973,7.090000152587891,7.380000114440918,4.015614032745361,1749400
2018-03-13,7.380000114440918,7.489999771118164,7.360000133514404,7.409999847412109,4.031938076019287,1121300
2018-03-14,7.429999828338623,7.519999980926514,7.420000076293945,7.429999828338623,4.042820453643799,951500
2018-03-15,7.460000038146973,7.46999979019165,7.260000228881836,7.289999961853027,3.9666435718536377,804000
2018-03-16,7.300000190734863,7.440000057220459,7.289999961853027,7.420000076293945,4.037379264831543,1750100
2018-03-19,7.420000076293945,7.449999809265137,7.309999942779541,7.360000133514404,4.004732131958008,853000
2018-03-20,7.369999885559082,7.429999828338623,7.320000171661377,7.320000171661377,3.982966899871826,473600
2018-03-21,7.320000171661377,7.400000095367432,7.320000171661377,7.329999923706055,3.988407611846924,527600
2018-03-22,7.320000171661377,7.440000057220459,7.309999942779541,7.360000133514404,4.004732131958008,591700
2018-03-23,7.380000114440918,7.409999847412109,7.300000190734863,7.300000190734863,3.9720847606658936,616800
2018-03-26,7.340000152587891,7.400000095367432,7.320000171661377,7.369999885559082,4.010173320770264,616000
2018-03-27,7.389999866485596,7.480000019073486,7.329999923706055,7.420000076293945,4.037379264831543,832600
2018-03-28,7.320000171661377,7.349999904632568,7.21999979019165,7.329999923706055,4.037378311157227,809800
2018-03-29,7.300000190734863,7.449999809265137,7.300000190734863,7.369999885559082,4.059410572052002,1198400
2018-04-02,7.329999923706055,7.420000076293945,7.289999961853027,7.320000171661377,4.0318708419799805,561200
2018-04-03,7.320000171661377,7.449999809265137,7.289999961853027,7.420000076293945,4.08695125579834,701700
2018-04-04,7.380000114440918,7.460000038146973,7.369999885559082,7.449999809265137,4.103475570678711,403800
2018-04-05,7.460000038146973,7.480000019073486,7.409999847412109,7.449999809265137,4.103475570678711,379600
2018-04-06,7.420000076293945,7.550000190734863,7.409999847412109,7.46999979019165,4.1144914627075195,593200
2018-04-09,7.460000038146973,7.519999980926514,7.429999828338623,7.440000057220459,4.097967624664307,360900
2018-04-10,7.480000019073486,7.489999771118164,7.429999828338623,7.449999809265137,4.103475570678711,530700
2018-04-11,7.460000038146973,7.46999979019165,7.400000095367432,7.429999828338623,4.092459678649902,348200
2018-04-12,7.429999828338623,7.429999828338623,7.349999904632568,7.369999885559082,4.059410572052002,370000
2018-04-13,7.369999885559082,7.420000076293945,7.239999771118164,7.260000228881836,3.998821973800659,750800
2018-04-16,7.269999980926514,7.380000114440918,7.239999771118164,7.340000152587891,4.042887210845947,573700
2018-04-17,7.349999904632568,7.429999828338623,7.320000171661377,7.409999847412109,4.081442832946777,373900
2018-04-18,7.409999847412109,7.510000228881836,7.409999847412109,7.429999828338623,4.092459678649902,554600
2018-04-19,7.420000076293945,7.489999771118164,7.400000095367432,7.420000076293945,4.08695125579834,346200
2018-04-20,7.400000095367432,7.480000019073486,7.400000095367432,7.409999847412109,4.081442832946777,434300
2018-04-23,7.440000057220459,7.460000038146973,7.420000076293945,7.429999828338623,4.092459678649902,362500
2018-04-24,7.429999828338623,7.519999980926514,7.420000076293945,7.46999979019165,4.1144914627075195,568700
2018-04-25,7.46999979019165,7.559999942779541,7.449999809265137,7.539999961853027,4.153048038482666,670400
2018-04-26,7.53000020980835,7.619999885559082,7.519999980926514,7.579999923706055,4.175080299377441,1017200
2018-04-27,7.440000057220459,7.510000228881836,7.239999771118164,7.320000171661377,4.080318450927734,1062500
2018-04-30,7.300000190734863,7.320000171661377,7.0,7.0,3.901942491531372,2171500
2018-05-01,6.960000038146973,7.070000171661377,6.929999828338623,7.039999961853027,3.9242405891418457,1187600
2018-05-02,7.019999980926514,7.199999809265137,7.019999980926514,7.119999885559082,3.9688334465026855,744100
2018-05-03,7.130000114440918,7.139999866485596,7.0,7.119999885559082,3.9688334465026855,653300
2018-05-04,7.119999885559082,7.230000019073486,7.119999885559082,7.21999979019165,4.024576187133789,607000
2018-05-07,7.21999979019165,7.260000228881836,7.190000057220459,7.21999979019165,4.024576187133789,491700
2018-05-08,7.239999771118164,7.25,7.119999885559082,7.119999885559082,3.9688334465026855,581600
2018-05-09,7.099999904632568,7.150000095367432,7.079999923706055,7.110000133514404,3.9632601737976074,543800
2018-05-10,7.119999885559082,7.190000057220459,7.099999904632568,7.110000133514404,3.9632601737976074,727800
2018-05-11,7.130000114440918,7.199999809265137,7.130000114440918,7.179999828338623,4.002277374267578,515400
2018-05-14,7.179999828338623,7.230000019073486,7.159999847412109,7.159999847412109,3.9911305904388428,544300
2018-05-15,7.159999847412109,7.21999979019165,7.139999866485596,7.190000057220459,4.007852554321289,395600
2018-05-16,7.199999809265137,7.230000019073486,7.170000076293945,7.210000038146973,4.019001007080078,492000
2018-05-17,7.21999979019165,7.21999979019165,7.179999828338623,7.179999828338623,4.002277374267578,519200
2018-05-18,7.199999809265137,7.25,7.170000076293945,7.230000019073486,4.0301513671875,465200
2018-05-21,7.25,7.349999904632568,7.21999979019165,7.329999923706055,4.085891246795654,623500
2018-05-22,7.320000171661377,7.380000114440918,7.320000171661377,7.369999885559082,4.108188629150391,611500
2018-05-23,7.360000133514404,7.46999979019165,7.340000152587891,7.440000057220459,4.147207260131836,689600
2018-05-24,7.449999809265137,7.449999809265137,7.349999904632568,7.420000076293945,4.136059761047363,627400
2018-05-25,7.420000076293945,7.420000076293945,7.380000114440918,7.400000095367432,4.124912261962891,427400
2018-05-29,7.400000095367432,7.539999961853027,7.389999866485596,7.5,4.180652618408203,1609600
2018-05-30,7.400000095367432,7.460000038146973,7.360000133514404,7.449999809265137,4.203221321105957,668600
2018-05-31,7.449999809265137,7.460000038146973,7.340000152587891,7.369999885559082,4.158085823059082,481300
2018-06-01,7.349999904632568,7.369999885559082,7.25,7.320000171661377,4.129877090454102,600800
2018-06-04,7.340000152587891,7.429999828338623,7.309999942779541,7.429999828338623,4.191937446594238,848700
2018-06-05,7.429999828338623,7.429999828338623,7.349999904632568,7.360000133514404,4.152444362640381,327200
2018-06-06,7.360000133514404,7.369999885559082,7.28000020980835,7.289999961853027,4.112951755523682,489600
2018-06-07,7.309999942779541,7.400000095367432,7.300000190734863,7.340000152587891,4.141160488128662,348000
2018-06-08,7.340000152587891,7.400000095367432,7.340000152587891,7.380000114440918,4.163727760314941,312800
2018-06-11,7.400000095367432,7.400000095367432,7.329999923706055,7.380000114440918,4.163727760314941,479100
2018-06-12,7.380000114440918,7.420000076293945,7.349999904632568,7.400000095367432,4.175012588500977,369000
2018-06-13,7.400000095367432,7.420000076293945,7.320000171661377,7.360000133514404,4.152444362640381,453200
2018-06-14,7.369999885559082,7.480000019073486,7.349999904632568,7.420000076293945,4.186295986175537,600500
2018-06-15,7.409999847412109,7.449999809265137,7.369999885559082,7.380000114440918,4.163727760314941,866400
2018-06-18,7.380000114440918,7.5,7.380000114440918,7.489999771118164,4.225788593292236,460700
2018-06-19,7.480000019073486,7.5,7.449999809265137,7.460000038146973,4.208863735198975,541200
2018-06-20,7.460000038146973,7.670000076293945,7.420000076293945,7.650000095367432,4.316060543060303,1277900
2018-06-21,7.679999828338623,7.710000038146973,7.619999885559082,7.690000057220459,4.338627815246582,659000
2018-06-22,7.699999809265137,7.820000171661377,7.679999828338623,7.769999980926514,4.383761882781982,1081200
2018-06-25,7.800000190734863,7.849999904632568,7.710000038146973,7.71999979019165,4.355552673339844,645500
2018-06-26,7.739999771118164,7.78000020980835,7.639999866485596,7.739999771118164,4.366835594177246,725900
2018-06-27,7.75,7.760000228881836,7.570000171661377,7.570000171661377,4.270924091339111,652000
2018-06-28,7.53000020980835,7.53000020980835,7.420000076293945,7.5,4.282344341278076,391900
2018-06-29,7.489999771118164,7.559999942779541,7.449999809265137,7.519999980926514,4.293762683868408,567900
2018-07-02,7.449999809265137,7.53000020980835,7.449999809265137,7.519999980926514,4.293762683868408,480000
2018-07-03,7.550000190734863,7.690000057220459,7.550000190734863,7.659999847412109,4.3737006187438965,437500
2018-07-05,7.679999828338623,7.71999979019165,7.639999866485596,7.670000076293945,4.379410266876221,464500
2018-07-06,7.679999828338623,7.820000171661377,7.679999828338623,7.730000019073486,4.413669586181641,560000
2018-07-09,7.739999771118164,7.75,7.670000076293945,7.699999809265137,4.39654016494751,323500
2018-07-10,7.710000038146973,7.769999980926514,7.630000114440918,7.71999979019165,4.407958507537842,712300
2018-07-11,7.699999809265137,7.800000190734863,7.619999885559082,7.78000020980835,4.4422197341918945,480000
2018-07-12,7.800000190734863,7.800000190734863,7.71999979019165,7.769999980926514,4.436509132385254,309500
2018-07-13,7.769999980926514,7.800000190734863,7.75,7.78000020980835,4.4422197341918945,349100
2018-07-16,7.78000020980835,7.940000057220459,7.769999980926514,7.940000057220459,4.53357458114624,767300
2018-07-17,7.940000057220459,8.069999694824219,7.940000057220459,8.020000457763672,4.579252243041992,994800
2018-07-18,8.020000457763672,8.050000190734863,7.949999809265137,7.980000019073486,4.556414604187012,438300
2018-07-19,8.0,8.149999618530273,7.960000038146973,8.119999885559082,4.636350154876709,759300
2018-07-20,8.109999656677246,8.149999618530273,8.029999732971191,8.039999961853027,4.590671539306641,744000
2018-07-23,8.039999961853027,8.15999984741211,8.020000457763672,8.100000381469727,4.624931812286377,790500
2018-07-24,8.130000114440918,8.1899995803833,8.079999923706055,8.15999984741211,4.659189701080322,964900
2018-07-25,8.170000076293945,8.329999923706055,8.170000076293945,8.289999961853027,4.733416557312012,906400
2018-07-26,8.289999961853027,8.350000381469727,8.15999984741211,8.229999542236328,4.699159622192383,1149300
2018-07-27,8.09000015258789,8.130000114440918,7.590000152587891,8.119999885559082,4.636350154876709,2292700
2018-07-30,7.980000019073486,8.140000343322754,7.949999809265137,8.09000015258789,4.670993328094482,863200
2018-07-31,8.0600004196167,8.1899995803833,8.029999732971191,8.130000114440918,4.694088459014893,733500
2018-08-01,8.100000381469727,8.100000381469727,7.920000076293945,8.069999694824219,4.6594462394714355,879600
2018-08-02,8.029999732971191,8.119999885559082,8.029999732971191,8.069999694824219,4.6594462394714355,651700
2018-08-03,8.069999694824219,8.09000015258789,7.960000038146973,8.029999732971191,4.636350631713867,483500
2018-08-06,8.0,8.010000228881836,7.949999809265137,8.0,4.619028568267822,393700
2018-08-07,8.0,8.010000228881836,7.900000095367432,7.929999828338623,4.578611373901367,451600
2018-08-08,7.949999809265137,7.96999979019165,7.889999866485596,7.960000038146973,4.595934867858887,453500
2018-08-09,7.980000019073486,8.039999961853027,7.960000038146973,8.020000457763672,4.630577564239502,391200
2018-08-10,8.020000457763672,8.029999732971191,7.960000038146973,7.980000019073486,4.607481479644775,436000
2018-08-13,8.0,8.079999923706055,7.960000038146973,8.0600004196167,4.653671741485596,440300
2018-08-14,8.079999923706055,8.130000114440918,8.039999961853027,8.079999923706055,4.665220260620117,400100
2018-08-15,8.09000015258789,8.140000343322754,8.069999694824219,8.079999923706055,4.665220260620117,545400
2018-08-16,7.909999847412109,7.989999771118164,7.730000019073486,7.75,4.47468376159668,1884200
2018-08-17,7.75,7.869999885559082,7.75,7.800000190734863,4.50355339050293,732600
2018-08-20,7.800000190734863,7.889999866485596,7.760000228881836,7.820000171661377,4.515100002288818,798400
2018-08-21,7.820000171661377,7.949999809265137,7.809999942779541,7.920000076293945,4.57283878326416,673400
2018-08-22,7.929999828338623,7.96999979019165,7.860000133514404,7.880000114440918,4.549744606018066,667600
2018-08-23,7.889999866485596,7.949999809265137,7.860000133514404,7.909999847412109,4.5670647621154785,426600
2018-08-24,7.929999828338623,7.980000019073486,7.869999885559082,7.960000038146973,4.595934867858887,559100
2018-08-27,7.96999979019165,8.020000457763672,7.949999809265137,7.949999809265137,4.590160846710205,576900
2018-08-28,7.960000038146973,8.0,7.929999828338623,7.989999771118164,4.613255500793457,366500
2018-08-29,7.960000038146973,8.050000190734863,7.960000038146973,8.029999732971191,4.636350631713867,665300
2018-08-30,7.989999771118164,8.029999732971191,7.900000095367432,7.96999979019165,4.648014068603516,653800
2018-08-31,7.949999809265137,7.960000038146973,7.920000076293945,7.940000057220459,4.630518913269043,241100
2018-09-04,7.920000076293945,7.96999979019165,7.889999866485596,7.909999847412109,4.613022327423096,437600
2018-09-05,7.920000076293945,7.980000019073486,7.900000095367432,7.940000057220459,4.630518913269043,689900
2018-09-06,7.949999809265137,7.960000038146973,7.920000076293945,7.940000057220459,4.630518913269043,783400
2018-09-07,7.920000076293945,7.96999979019165,7.900000095367432,7.949999809265137,4.636351108551025,260200
2018-09-10,7.949999809265137,7.949999809265137,7.869999885559082,7.880000114440918,4.5955281257629395,365700
2018-09-11,7.869999885559082,7.880000114440918,7.769999980926514,7.78000020980835,4.537208557128906,575900
2018-09-12,7.760000228881836,7.769999980926514,7.420000076293945,7.639999866485596,4.455562591552734,1284900
2018-09-13,7.650000095367432,7.650000095367432,7.46999979019165,7.5,4.373915195465088,643400
2018-09-14,7.480000019073486,7.489999771118164,7.28000020980835,7.289999961853027,4.25144624710083,1141000
2018-09-17,7.300000190734863,7.53000020980835,7.28000020980835,7.519999980926514,4.3855791091918945,919600
2018-09-18,7.5,7.53000020980835,7.480000019073486,7.5,4.373915195465088,397800
2018-09-19,7.5,7.539999961853027,7.449999809265137,7.449999809265137,4.344757556915283,449000
2018-09-20,7.460000038146973,7.510000228881836,7.400000095367432,7.480000019073486,4.362252235412598,389200
2018-09-21,7.449999809265137,7.559999942779541,7.449999809265137,7.510000228881836,4.379748344421387,1646500
2018-09-24,7.519999980926514,7.53000020980835,7.460000038146973,7.46999979019165,4.356419563293457,324500
2018-09-25,7.480000019073486,7.559999942779541,7.46999979019165,7.5,4.373915195465088,412100
2018-09-26,7.5,7.510000228881836,7.420000076293945,7.420000076293945,4.327260494232178,283200
2018-09-27,7.360000133514404,7.409999847412109,7.230000019073486,7.25,4.2742018699646,700600
2018-09-28,7.260000228881836,7.329999923706055,7.25,7.25,4.2742018699646,371200
2018-10-01,7.239999771118164,7.300000190734863,7.199999809265137,7.269999980926514,4.285992622375488,591900
2018-10-02,7.230000019073486,7.309999942779541,7.21999979019165,7.21999979019165,4.256516933441162,486400
2018-10-03,7.210000038146973,7.25,7.119999885559082,7.119999885559082,4.1975603103637695,631600
2018-10-04,7.119999885559082,7.159999847412109,6.909999847412109,6.940000057220459,4.091443061828613,904300
2018-10-05,6.940000057220459,6.989999771118164,6.880000114440918,6.960000038146973,4.10323429107666,533400
2018-10-08,6.960000038146973,7.090000152587891,6.960000038146973,6.989999771118164,4.120919227600098,465500
2018-10-09,7.0,7.090000152587891,6.989999771118164,7.039999961853027,4.150397777557373,328700
2018-10-10,7.059999942779541,7.170000076293945,7.050000190734863,7.050000190734863,4.156291484832764,616800
2018-10-11,7.03000020980835,7.03000020980835,6.809999942779541,6.809999942779541,4.0148024559021,856500
2018-10-12,6.849999904632568,6.880000114440918,6.650000095367432,6.659999847412109,3.9263699054718018,825200
2018-10-15,6.679999828338623,6.860000133514404,6.659999847412109,6.849999904632568,4.0383830070495605,557100
2018-10-16,6.880000114440918,6.989999771118164,6.789999961853027,6.989999771118164,4.120919227600098,733000
2018-10-17,6.989999771118164,6.989999771118164,6.869999885559082,6.940000057220459,4.091443061828613,309100
2018-10-18,6.949999809265137,7.019999980926514,6.900000095367432,6.900000095367432,4.0678606033325195,276500
2018-10-19,6.889999866485596,6.980000019073486,6.829999923706055,6.909999847412109,4.073755741119385,615700
2018-10-22,6.929999828338623,6.989999771118164,6.789999961853027,6.860000133514404,4.044278621673584,438400
2018-10-23,6.820000171661377,6.840000152587891,6.630000114440918,6.78000020980835,3.997114896774292,429400
2018-10-24,6.789999961853027,6.900000095367432,6.769999980926514,6.849999904632568,4.0383830070495605,318600
2018-10-25,6.829999923706055,6.960000038146973,6.800000190734863,6.920000076293945,4.079652309417725,444100
2018-10-26,6.630000114440918,6.679999828338623,6.309999942779541,6.590000152587891,3.885101318359375,2747000
2018-10-29,6.550000190734863,6.71999979019165,6.489999771118164,6.550000190734863,3.8615200519561768,1198900
2018-10-30,6.46999979019165,6.670000076293945,6.289999961853027,6.380000114440918,3.807805299758911,1212800
2018-10-31,6.369999885559082,6.619999885559082,6.369999885559082,6.539999961853027,3.903299331665039,811000
2018-11-01,6.559999942779541,6.619999885559082,6.480000019073486,6.599999904632568,3.9391088485717773,686300
2018-11-02,6.599999904632568,6.639999866485596,6.539999961853027,6.599999904632568,3.9391088485717773,766500
2018-11-05,6.599999904632568,6.690000057220459,6.550000190734863,6.579999923706055,3.9271721839904785,857400
2018-11-06,6.579999923706055,6.639999866485596,6.570000171661377,6.610000133514404,3.9450771808624268,410200
2018-11-07,6.639999866485596,6.699999809265137,6.599999904632568,6.650000095367432,3.9689509868621826,567300
2018-11-08,6.71999979019165,6.71999979019165,6.599999904632568,6.619999885559082,3.951044797897339,397000
2018-11-09,6.630000114440918,6.659999847412109,6.599999904632568,6.630000114440918,3.957012891769409,460100
2018-11-12,6.630000114440918,6.670000076293945,6.570000171661377,6.570000171661377,3.9212026596069336,378700
2018-11-13,6.579999923706055,6.670000076293945,6.570000171661377,6.590000152587891,3.933140754699707,388300
2018-11-14,6.590000152587891,6.639999866485596,6.570000171661377,6.619999885559082,3.951044797897339,337500
2018-11-15,6.579999923706055,6.630000114440918,6.480000019073486,6.619999885559082,3.951044797897339,475900
2018-11-16,6.590000152587891,6.699999809265137,6.590000152587891,6.699999809265137,3.9987921714782715,343900
2018-11-19,6.710000038146973,6.769999980926514,6.690000057220459,6.739999771118164,4.022665500640869,379900
2018-11-20,6.739999771118164,6.739999771118164,6.599999904632568,6.679999828338623,3.986855983734131,673000
2018-11-21,6.679999828338623,6.800000190734863,6.650000095367432,6.760000228881836,4.03460168838501,353200
2018-11-23,6.739999771118164,6.75,6.670000076293945,6.699999809265137,3.9987921714782715,169400
2018-11-26,6.730000019073486,6.760000228881836,6.659999847412109,6.690000057220459,3.992823600769043,443100
2018-11-27,6.710000038146973,6.789999961853027,6.690000057220459,6.739999771118164,4.022665500640869,569600
2018-11-28,6.75,6.889999866485596,6.710000038146973,6.800000190734863,4.058475017547607,746600
2018-11-29,6.730000019073486,6.820000171661377,6.71999979019165,6.789999961853027,4.100751876831055,427600
2018-11-30,6.769999980926514,6.789999961853027,6.690000057220459,6.769999980926514,4.088672161102295,521200
2018-12-03,6.78000020980835,6.789999961853027,6.679999828338623,6.739999771118164,4.070554256439209,408600
2018-12-04,6.730000019073486,6.730000019073486,6.559999942779541,6.570000171661377,3.9678850173950195,519800
2018-12-06,6.559999942779541,6.610000133514404,6.46999979019165,6.610000133514404,3.9920427799224854,645500
2018-12-07,6.630000114440918,6.650000095367432,6.550000190734863,6.610000133514404,3.9920427799224854,308900
2018-12-10,6.630000114440918,6.690000057220459,6.449999809265137,6.510000228881836,3.9316482543945312,566200
2018-12-11,6.550000190734863,6.599999904632568,6.519999980926514,6.579999923706055,3.973923921585083,688400
2018-12-12,6.599999904632568,6.599999904632568,6.519999980926514,6.550000190734863,3.9558069705963135,388100
2018-12-13,6.550000190734863,6.599999904632568,6.519999980926514,6.579999923706055,3.973923921585083,551000
2018-12-14,6.570000171661377,6.650000095367432,6.559999942779541,6.590000152587891,3.9799625873565674,333500
2018-12-17,6.590000152587891,6.590000152587891,6.039999961853027,6.070000171661377,3.665914297103882,2096400
2018-12-18,6.170000076293945,6.369999885559082,6.150000095367432,6.25,3.774622917175293,1185400
2018-12-19,6.340000152587891,6.349999904632568,6.159999847412109,6.190000057220459,3.7383878231048584,1010300
2018-12-20,6.199999809265137,6.210000038146973,5.829999923706055,5.920000076293945,3.575322151184082,2017700
2018-12-21,5.920000076293945,6.190000057220459,5.920000076293945,5.980000019073486,3.611560106277466,3456700
2018-12-24,5.989999771118164,6.059999942779541,5.96999979019165,5.96999979019165,3.605520248413086,915100
2018-12-26,6.0,6.349999904632568,5.989999771118164,6.340000152587891,3.828979015350342,1244500
2018-12-27,6.300000190734863,6.460000038146973,6.159999847412109,6.449999809265137,3.895411968231201,1158800
2018-12-28,6.389999866485596,6.480000019073486,6.349999904632568,6.440000057220459,3.9382195472717285,946500
2018-12-31,6.429999828338623,6.46999979019165,6.309999942779541,6.389999866485596,3.9076435565948486,826600
2019-01-02,6.340000152587891,6.420000076293945,6.230000019073486,6.400000095367432,3.9137587547302246,602300
2019-01-03,6.389999866485596,6.539999961853027,6.380000114440918,6.489999771118164,3.9687938690185547,447600
2019-01-04,6.53000020980835,6.710000038146973,6.449999809265137,6.659999847412109,4.07275390625,764900
2019-01-07,6.679999828338623,6.840000152587891,6.630000114440918,6.78000020980835,4.14613676071167,929600
2019-01-08,6.78000020980835,6.860000133514404,6.730000019073486,6.769999980926514,4.140022277832031,612500
2019-01-09,6.789999961853027,6.820000171661377,6.590000152587891,6.739999771118164,4.121676921844482,547300
2019-01-10,6.75,6.820000171661377,6.690000057220459,6.789999961853027,4.152253150939941,516900
2019-01-11,6.71999979019165,6.769999980926514,6.639999866485596,6.75,4.1277923583984375,482600
2019-01-14,6.739999771118164,6.78000020980835,6.690000057220459,6.710000038146973,4.103330612182617,314700
2019-01-15,6.730000019073486,6.760000228881836,6.690000057220459,6.71999979019165,4.109446048736572,361200
2019-01-16,6.730000019073486,6.840000152587891,6.71999979019165,6.809999942779541,4.1644816398620605,531400
2019-01-17,6.820000171661377,6.840000152587891,6.730000019073486,6.75,4.1277923583984375,570500
2019-01-18,6.760000228881836,6.820000171661377,6.75,6.789999961853027,4.152253150939941,477900
2019-01-22,6.78000020980835,6.829999923706055,6.760000228881836,6.789999961853027,4.152253150939941,529900
2019-01-23,6.820000171661377,6.860000133514404,6.78000020980835,6.820000171661377,4.170598983764648,381300
2019-01-24,6.829999923706055,6.880000114440918,6.789999961853027,6.849999904632568,4.188944339752197,408600
2019-01-25,6.889999866485596,7.059999942779541,6.840000152587891,6.940000057220459,4.243981838226318,671500
2019-01-28,6.929999828338623,7.010000228881836,6.920000076293945,6.989999771118164,4.274556636810303,648900
2019-01-29,7.010000228881836,7.050000190734863,6.949999809265137,7.039999961853027,4.305134296417236,930700
2019-01-30,7.0,7.039999961853027,6.880000114440918,6.989999771118164,4.323689937591553,651900
2019-01-31,6.989999771118164,7.019999980926514,6.880000114440918,6.940000057220459,4.292762279510498,510400
2019-02-01,6.900000095367432,7.0,6.869999885559082,6.980000019073486,4.317503452301025,383700
2019-02-04,6.980000019073486,7.0,6.820000171661377,7.0,4.329875946044922,774600
2019-02-05,7.010000228881836,7.03000020980835,6.96999979019165,7.010000228881836,4.336061954498291,651200
2019-02-06,7.019999980926514,7.019999980926514,6.989999771118164,7.010000228881836,4.336061954498291,297100
2019-02-07,7.019999980926514,7.019999980926514,6.940000057220459,6.960000038146973,4.305134296417236,278800
2019-02-08,6.989999771118164,6.989999771118164,6.900000095367432,6.940000057220459,4.292762279510498,303000
2019-02-11,6.949999809265137,7.050000190734863,6.940000057220459,7.019999980926514,4.342246055603027,564300
2019-02-12,7.019999980926514,7.150000095367432,7.0,7.119999885559082,4.404102802276611,818300
2019-02-13,7.119999885559082,7.150000095367432,7.050000190734863,7.099999904632568,4.3917317390441895,431700
2019-02-14,7.079999923706055,7.119999885559082,7.059999942779541,7.070000171661377,4.373174667358398,319700
2019-02-15,7.070000171661377,7.110000133514404,7.039999961853027,7.070000171661377,4.373174667358398,372400
2019-02-19,7.070000171661377,7.099999904632568,7.03000020980835,7.079999923706055,4.379360675811768,532000
2019-02-20,7.079999923706055,7.079999923706055,7.019999980926514,7.039999961853027,4.354616641998291,458700
2019-02-21,7.039999961853027,7.090000152587891,7.010000228881836,7.019999980926514,4.342246055603027,558400
2019-02-22,6.71999979019165,7.150000095367432,6.659999847412109,7.0,4.329875946044922,1314800
2019-02-25,7.0,7.019999980926514,6.920000076293945,6.96999979019165,4.311318874359131,984700
2019-02-26,7.0,7.0,6.900000095367432,6.960000038146973,4.305134296417236,805200
2019-02-27,6.889999866485596,6.929999828338623,6.730000019073486,6.739999771118164,4.217528343200684,811300
2019-02-28,6.730000019073486,6.760000228881836,6.659999847412109,6.679999828338623,4.179983615875244,678900
2019-03-01,6.679999828338623,6.769999980926514,6.659999847412109,6.730000019073486,4.211271286010742,496900
2019-03-04,6.739999771118164,6.75,6.650000095367432,6.679999828338623,4.179983615875244,468300
2019-03-05,6.699999809265137,6.78000020980835,6.650000095367432,6.699999809265137,4.192498207092285,520100
2019-03-06,6.71999979019165,6.730000019073486,6.619999885559082,6.659999847412109,4.167468547821045,393000
2019-03-07,6.659999847412109,6.710000038146973,6.630000114440918,6.630000114440918,4.148696422576904,298100
2019-03-08,6.619999885559082,6.710000038146973,6.619999885559082,6.679999828338623,4.179983615875244,301600
2019-03-11,6.699999809265137,6.769999980926514,6.670000076293945,6.75,4.223786354064941,346200
2019-03-12,6.75,6.789999961853027,6.71999979019165,6.730000019073486,4.211271286010742,184500
2019-03-13,6.730000019073486,6.78000020980835,6.71999979019165,6.71999979019165,4.205013275146484,319100
2019-03-14,6.710000038146973,6.760000228881836,6.690000057220459,6.699999809265137,4.192498207092285,390100
2019-03-15,6.699999809265137,6.800000190734863,6.699999809265137,6.78000020980835,4.242560386657715,1158000
2019-03-18,6.789999961853027,6.869999885559082,6.769999980926514,6.860000133514404,4.292619228363037,400100
2019-03-19,6.869999885559082,6.869999885559082,6.809999942779541,6.809999942779541,4.261331558227539,391600
2019-03-20,6.809999942779541,6.829999923706055,6.730000019073486,6.75,4.223786354064941,414700
2019-03-21,6.760000228881836,6.860000133514404,6.760000228881836,6.820000171661377,4.267589092254639,430600
2019-03-22,6.820000171661377,6.829999923706055,6.760000228881836,6.769999980926514,4.236301898956299,554700
2019-03-25,6.760000228881836,6.849999904632568,6.760000228881836,6.789999961853027,4.248816013336182,574400
2019-03-26,6.820000171661377,6.829999923706055,6.78000020980835,6.789999961853027,4.248816013336182,504500
2019-03-27,6.809999942779541,6.809999942779541,6.730000019073486,6.739999771118164,4.217528343200684,632000
2019-03-28,6.690000057220459,6.710000038146973,6.559999942779541,6.579999923706055,4.166868686676025,878600
2019-03-29,6.619999885559082,6.630000114440918,6.579999923706055,6.579999923706055,4.166868686676025,879900
2019-04-01,6.590000152587891,6.610000133514404,6.480000019073486,6.559999942779541,4.154201984405518,654600
2019-04-02,6.559999942779541,6.610000133514404,6.5,6.559999942779541,4.154201984405518,806300
2019-04-03,6.550000190734863,6.590000152587891,6.53000020980835,6.559999942779541,4.154201984405518,551600
2019-04-04,6.539999961853027,6.579999923706055,6.519999980926514,6.570000171661377,4.16053581237793,363200
2019-04-05,6.579999923706055,6.590000152587891,6.550000190734863,6.570000171661377,4.16053581237793,459500
2019-04-08,6.590000152587891,6.650000095367432,6.570000171661377,6.639999866485596,4.204864501953125,399200
2019-04-09,6.630000114440918,6.739999771118164,6.630000114440918,6.679999828338623,4.230194568634033,479200
2019-04-10,6.71999979019165,6.71999979019165,6.670000076293945,6.699999809265137,4.242860317230225,274800
2019-04-11,6.699999809265137,6.71999979019165,6.670000076293945,6.679999828338623,4.230194568634033,203200
2019-04-12,6.71999979019165,6.71999979019165,6.659999847412109,6.699999809265137,4.242860317230225,235300
2019-04-15,6.710000038146973,6.769999980926514,6.699999809265137,6.730000019073486,4.261857032775879,401200
2019-04-16,6.75,6.809999942779541,6.739999771118164,6.800000190734863,4.306185722351074,370300
2019-04-17,6.809999942779541,6.889999866485596,6.789999961853027,6.880000114440918,4.356847286224365,542500
2019-04-18,6.869999885559082,6.889999866485596,6.829999923706055,6.829999923706055,4.325183868408203,240000
2019-04-22,6.829999923706055,6.829999923706055,6.78000020980835,6.820000171661377,4.318851947784424,361000
2019-04-23,6.860000133514404,6.869999885559082,6.829999923706055,6.849999904632568,4.3378496170043945,407800
2019-04-24,6.849999904632568,6.909999847412109,6.849999904632568,6.889999866485596,4.363179683685303,887800
2019-04-25,6.849999904632568,6.860000133514404,6.690000057220459,6.730000019073486,4.261857032775879,654600
2019-04-26,6.800000190734863,7.0,6.760000228881836,6.820000171661377,4.318851947784424,2559200
2019-04-29,6.71999979019165,6.739999771118164,6.619999885559082,6.630000114440918,4.2483649253845215,889100
2019-04-30,6.630000114440918,6.650000095367432,6.539999961853027,6.570000171661377,4.209918975830078,814000
2019-05-01,6.599999904632568,6.639999866485596,6.539999961853027,6.559999942779541,4.203510761260986,745900
2019-05-02,6.559999942779541,6.599999904632568,6.460000038146973,6.489999771118164,4.158655166625977,559700
2019-05-03,6.489999771118164,6.559999942779541,6.489999771118164,6.539999961853027,4.190694332122803,381200
2019-05-06,6.5,6.570000171661377,6.480000019073486,6.539999961853027,4.190694332122803,464100
2019-05-07,6.53000020980835,6.570000171661377,6.489999771118164,6.519999980926514,4.17788028717041,400900
2019-05-08,6.53000020980835,6.550000190734863,6.46999979019165,6.46999979019165,4.145839214324951,333900
2019-05-09,6.46999979019165,6.53000020980835,6.369999885559082,6.449999809265137,4.1330246925354,634400
2019-05-10,6.440000057220459,6.5,6.400000095367432,6.440000057220459,4.126616954803467,266100
2019-05-13,6.429999828338623,6.429999828338623,6.349999904632568,6.369999885559082,4.081762313842773,388600
2019-05-14,6.369999885559082,6.420000076293945,6.369999885559082,6.400000095367432,4.100984573364258,273300
2019-05-15,6.400000095367432,6.460000038146973,6.369999885559082,6.429999828338623,4.120209217071533,347000
2019-05-16,6.429999828338623,6.550000190734863,6.429999828338623,6.510000228881836,4.171472072601318,420000
2019-05-17,6.480000019073486,6.510000228881836,6.449999809265137,6.460000038146973,4.139432907104492,413000
2019-05-20,6.460000038146973,6.489999771118164,6.400000095367432,6.429999828338623,4.120209217071533,448200
2019-05-21,6.46999979019165,6.539999961853027,6.420000076293945,6.510000228881836,4.171472072601318,419300
2019-05-22,6.510000228881836,6.519999980926514,6.449999809265137,6.510000228881836,4.171472072601318,315500
2019-05-23,6.480000019073486,6.550000190734863,6.480000019073486,6.53000020980835,4.184288024902344,420600
2019-05-24,6.53000020980835,6.559999942779541,6.53000020980835,6.550000190734863,4.197103977203369,385900
2019-05-28,6.570000171661377,6.579999923706055,6.449999809265137,6.449999809265137,4.1330246925354,502700
2019-05-29,6.460000038146973,6.46999979019165,6.329999923706055,6.380000114440918,4.088170528411865,692200
2019-05-30,6.329999923706055,6.369999885559082,6.110000133514404,6.139999866485596,3.9843432903289795,515500
2019-05-31,6.110000133514404,6.110000133514404,6.010000228881836,6.079999923706055,3.9454095363616943,545200
2019-06-03,6.099999904632568,6.260000228881836,6.070000171661377,6.199999809265137,4.023278713226318,405100
2019-06-04,6.230000019073486,6.260000228881836,6.170000076293945,6.25,4.055724143981934,296600
2019-06-05,6.260000228881836,6.28000020980835,6.21999979019165,6.239999771118164,4.049235820770264,298300
2019-06-06,6.239999771118164,6.269999980926514,6.159999847412109,6.239999771118164,4.049235820770264,347600
2019-06-07,6.239999771118164,6.260000228881836,6.159999847412109,6.239999771118164,4.049235820770264,409000
2019-06-10,6.21999979019165,6.25,6.179999828338623,6.210000038146973,4.029768466949463,392000
2019-06-11,6.210000038146973,6.230000019073486,6.179999828338623,6.199999809265137,4.023278713226318,254300
2019-06-12,6.170000076293945,6.329999923706055,6.170000076293945,6.289999961853027,4.081681728363037,295400
2019-06-13,6.28000020980835,6.349999904632568,6.28000020980835,6.340000152587891,4.114127159118652,234100
2019-06-14,6.369999885559082,6.440000057220459,6.349999904632568,6.400000095367432,4.153062343597412,370200
2019-06-17,6.420000076293945,6.449999809265137,6.380000114440918,6.389999866485596,4.146573066711426,398900
2019-06-18,6.400000095367432,6.429999828338623,6.360000133514404,6.400000095367432,4.153062343597412,430000
2019-06-19,6.409999847412109,6.409999847412109,6.239999771118164,6.400000095367432,4.153062343597412,602100
2019-06-20,6.429999828338623,6.429999828338623,6.360000133514404,6.400000095367432,4.153062343597412,354100
2019-06-21,6.400000095367432,6.409999847412109,6.349999904632568,6.349999904632568,4.1206159591674805,834000
2019-06-24,6.380000114440918,6.440000057220459,6.349999904632568,6.349999904632568,4.1206159591674805,559500
2019-06-25,6.360000133514404,6.409999847412109,6.349999904632568,6.349999904632568,4.1206159591674805,496500
2019-06-26,6.380000114440918,6.409999847412109,6.349999904632568,6.380000114440918,4.140084266662598,698800
2019-06-27,6.389999866485596,6.389999866485596,6.329999923706055,6.369999885559082,4.1860857009887695,557700
2019-06-28,6.380000114440918,6.420000076293945,6.349999904632568,6.360000133514404,4.179513454437256,1407300
2019-07-01,6.360000133514404,6.420000076293945,6.349999904632568,6.360000133514404,4.179513454437256,564700
2019-07-02,6.360000133514404,6.400000095367432,6.300000190734863,6.309999942779541,4.146656036376953,346900
2019-07-03,6.309999942779541,6.360000133514404,6.309999942779541,6.349999904632568,4.172940731048584,300800
2019-07-05,6.329999923706055,6.360000133514404,6.309999942779541,6.349999904632568,4.172940731048584,356700
2019-07-08,6.360000133514404,6.369999885559082,6.349999904632568,6.349999904632568,4.172940731048584,354200
2019-07-09,6.349999904632568,6.389999866485596,6.349999904632568,6.389999866485596,4.199228286743164,969100
2019-07-10,6.400000095367432,6.489999771118164,6.389999866485596,6.429999828338623,4.225513935089111,543100
2019-07-11,6.440000057220459,6.460000038146973,6.360000133514404,6.409999847412109,4.212370872497559,394700
2019-07-12,6.420000076293945,6.489999771118164,6.409999847412109,6.46999979019165,4.2517991065979,365800
2019-07-15,6.480000019073486,6.559999942779541,6.46999979019165,6.539999961853027,4.2978010177612305,473500
2019-07-16,6.539999961853027,6.610000133514404,6.539999961853027,6.559999942779541,4.310944080352783,383800
2019-07-17,6.559999942779541,6.579999923706055,6.480000019073486,6.559999942779541,4.310944080352783,329400
2019-07-18,6.559999942779541,6.579999923706055,6.519999980926514,6.579999923706055,4.324088096618652,334900
2019-07-19,6.559999942779541,6.650000095367432,6.559999942779541,6.630000114440918,4.356944561004639,332300
2019-07-22,6.639999866485596,6.739999771118164,6.599999904632568,6.739999771118164,4.429232120513916,702800
2019-07-23,6.730000019073486,6.730000019073486,6.659999847412109,6.71999979019165,4.4160895347595215,411600
2019-07-24,6.71999979019165,6.78000020980835,6.690000057220459,6.78000020980835,4.455519199371338,415600
2019-07-25,6.78000020980835,6.809999942779541,6.699999809265137,6.760000228881836,4.442375183105469,502500
2019-07-26,6.75,6.849999904632568,6.71999979019165,6.820000171661377,4.481805324554443,830800
2019-07-29,6.840000152587891,6.940000057220459,6.840000152587891,6.880000114440918,4.521234512329102,938800
2019-07-30,6.769999980926514,6.849999904632568,6.75,6.820000171661377,4.534532070159912,530100
2019-07-31,6.309999942779541,6.340000152587891,6.119999885559082,6.190000057220459,4.115652561187744,7967400
2019-08-01,6.239999771118164,6.349999904632568,6.190000057220459,6.199999809265137,4.122302055358887,1837600
2019-08-02,6.25,6.260000228881836,6.130000114440918,6.130000114440918,4.0757598876953125,1470000
2019-08-05,6.130000114440918,6.139999866485596,5.989999771118164,6.110000133514404,4.062462329864502,1485700
2019-08-06,6.110000133514404,6.190000057220459,6.099999904632568,6.159999847412109,4.095706462860107,784300
2019-08-07,6.130000114440918,6.190000057220459,6.099999904632568,6.170000076293945,4.102355480194092,691000
2019-08-08,6.170000076293945,6.239999771118164,6.159999847412109,6.239999771118164,4.148897171020508,675100
2019-08-09,6.210000038146973,6.28000020980835,6.179999828338623,6.199999809265137,4.122302055358887,544700
2019-08-12,6.170000076293945,6.21999979019165,6.119999885559082,6.159999847412109,4.095706462860107,492700
2019-08-13,6.159999847412109,6.21999979019165,6.130000114440918,6.159999847412109,4.095706462860107,609700
2019-08-14,6.130000114440918,6.150000095367432,5.929999828338623,5.929999828338623,3.942781686782837,1284600
2019-08-15,5.989999771118164,6.099999904632568,5.960000038146973,5.96999979019165,3.9693779945373535,947700
2019-08-16,5.980000019073486,6.110000133514404,5.980000019073486,6.090000152587891,4.049164772033691,630700
2019-08-19,6.110000133514404,6.199999809265137,6.110000133514404,6.139999866485596,4.082407474517822,793200
2019-08-20,6.139999866485596,6.159999847412109,6.099999904632568,6.130000114440918,4.0757598876953125,578800
2019-08-21,6.139999866485596,6.159999847412109,6.03000020980835,6.050000190734863,4.022569179534912,691000
2019-08-22,6.039999961853027,6.090000152587891,6.010000228881836,6.010000228881836,3.995973825454712,544900
2019-08-23,6.03000020980835,6.070000171661377,5.900000095367432,5.900000095367432,3.9228355884552,1303400
2019-08-26,5.940000057220459,6.039999961853027,5.940000057220459,5.980000019073486,3.976027250289917,839400
2019-08-27,6.039999961853027,6.070000171661377,5.940000057220459,5.960000038146973,3.9627292156219482,1181100
2019-08-28,5.940000057220459,5.940000057220459,5.829999923706055,5.840000152587891,3.8829433917999268,1080600
2019-08-29,5.800000190734863,5.820000171661377,5.53000020980835,5.590000152587891,3.7683420181274414,1707000
2019-08-30,5.590000152587891,5.630000114440918,5.420000076293945,5.429999828338623,3.66048264503479,1185900
2019-09-03,5.400000095367432,5.400000095367432,5.039999961853027,5.199999809265137,3.505434274673462,2333100
2019-09-04,5.210000038146973,5.409999847412109,5.210000038146973,5.25,3.539139986038208,1085600
2019-09-05,5.28000020980835,5.389999866485596,5.260000228881836,5.300000190734863,3.5728461742401123,633000
2019-09-06,5.300000190734863,5.320000171661377,5.230000019073486,5.289999961853027,3.566105365753174,725500
2019-09-09,5.300000190734863,5.349999904632568,5.28000020980835,5.340000152587891,3.599811553955078,619200
2019-09-10,5.300000190734863,5.449999809265137,5.300000190734863,5.409999847412109,3.647001028060913,837900
2019-09-11,5.449999809265137,5.599999904632568,5.440000057220459,5.570000171661377,3.754859447479248,812100
2019-09-12,5.579999923706055,5.650000095367432,5.550000190734863,5.579999923706055,3.7616002559661865,441100
2019-09-13,5.579999923706055,5.670000076293945,5.579999923706055,5.630000114440918,3.79530668258667,447900
2019-09-16,5.659999847412109,5.670000076293945,5.590000152587891,5.670000076293945,3.822272300720215,555700
2019-09-17,5.670000076293945,5.71999979019165,5.619999885559082,5.639999866485596,3.802048683166504,534400
2019-09-18,5.639999866485596,5.71999979019165,5.630000114440918,5.659999847412109,3.8155312538146973,636800
2019-09-19,5.699999809265137,5.78000020980835,5.659999847412109,5.659999847412109,3.8155312538146973,656400
2019-09-20,5.690000057220459,5.789999961853027,5.690000057220459,5.78000020980835,3.8964242935180664,2268100
2019-09-23,5.78000020980835,5.840000152587891,5.739999771118164,5.829999923706055,3.930130958557129,761000
2019-09-24,5.820000171661377,5.880000114440918,5.769999980926514,5.78000020980835,3.8964242935180664,757000
2019-09-25,5.78000020980835,5.849999904632568,5.78000020980835,5.820000171661377,3.9233903884887695,490600
2019-09-26,5.829999923706055,5.909999847412109,5.820000171661377,5.860000133514404,3.950354814529419,572600
2019-09-27,5.789999961853027,5.800000190734863,5.650000095367432,5.650000095367432,3.8615055084228516,738600
2019-09-30,5.679999828338623,5.78000020980835,5.670000076293945,5.75,3.929851531982422,626900
2019-10-01,5.769999980926514,5.809999942779541,5.670000076293945,5.679999828338623,3.882009983062744,464300
2019-10-02,5.679999828338623,5.699999809265137,5.570000171661377,5.679999828338623,3.882009983062744,506200
2019-10-03,5.679999828338623,5.75,5.639999866485596,5.739999771118164,3.9230170249938965,297600
2019-10-04,5.730000019073486,5.840000152587891,5.71999979019165,5.840000152587891,3.9913625717163086,380700
2019-10-07,5.820000171661377,5.849999904632568,5.78000020980835,5.820000171661377,3.9776928424835205,399900
2019-10-08,5.820000171661377,5.820000171661377,5.75,5.789999961853027,3.9571890830993652,307000
2019-10-09,5.809999942779541,5.829999923706055,5.769999980926514,5.800000190734863,3.964024782180786,362400
2019-10-10,5.800000190734863,5.889999866485596,5.800000190734863,5.880000114440918,4.018701553344727,385700
2019-10-11,5.900000095367432,5.989999771118164,5.880000114440918,5.980000019073486,4.087046146392822,638000
2019-10-14,5.960000038146973,5.980000019073486,5.889999866485596,5.960000038146973,4.0733771324157715,262800
2019-10-15,5.980000019073486,6.079999923706055,5.880000114440918,5.889999866485596,4.025534629821777,668000
2019-10-16,5.900000095367432,5.929999828338623,5.860000133514404,5.880000114440918,4.018701553344727,290200
2019-10-17,5.880000114440918,5.920000076293945,5.869999885559082,5.889999866485596,4.025534629821777,398300
2019-10-18,5.860000133514404,5.869999885559082,5.769999980926514,5.789999961853027,3.9571890830993652,730100
2019-10-21,5.78000020980835,5.849999904632568,5.78000020980835,5.840000152587891,3.9913625717163086,534200
2019-10-22,5.849999904632568,5.880000114440918,5.809999942779541,5.840000152587891,3.9913625717163086,534200
2019-10-23,5.849999904632568,5.849999904632568,5.800000190734863,5.849999904632568,3.9981958866119385,466800
2019-10-24,5.849999904632568,5.849999904632568,5.679999828338623,5.75,3.929851531982422,639300
2019-10-25,5.670000076293945,5.730000019073486,5.599999904632568,5.610000133514404,3.83416748046875,888200
2019-10-28,5.599999904632568,5.630000114440918,5.539999961853027,5.610000133514404,3.83416748046875,718400
2019-10-29,5.610000133514404,5.670000076293945,5.599999904632568,5.630000114440918,3.847836971282959,711500
2019-10-30,5.539999961853027,5.579999923706055,5.489999771118164,5.53000020980835,3.8339712619781494,593600
2019-10-31,5.539999961853027,5.590000152587891,5.5,5.570000171661377,3.8617029190063477,727100
2019-11-01,5.579999923706055,5.690000057220459,5.579999923706055,5.650000095367432,3.9171667098999023,507200
2019-11-04,5.650000095367432,5.679999828338623,5.630000114440918,5.630000114440918,3.903301239013672,356000
2019-11-05,5.630000114440918,5.650000095367432,5.539999961853027,5.550000190734863,3.8478379249572754,431500
2019-11-06,5.550000190734863,5.590000152587891,5.539999961853027,5.579999923706055,3.8686349391937256,314500
2019-11-07,5.579999923706055,5.670000076293945,5.579999923706055,5.639999866485596,3.9102349281311035,413600
2019-11-08,5.639999866485596,5.679999828338623,5.630000114440918,5.670000076293945,3.9310343265533447,427700
2019-11-11,5.650000095367432,5.679999828338623,5.610000133514404,5.670000076293945,3.9310343265533447,281400
2019-11-12,5.670000076293945,5.670000076293945,5.610000133514404,5.610000133514404,3.889434337615967,440400
2019-11-13,5.610000133514404,5.619999885559082,5.5,5.539999961853027,3.8409032821655273,680500
2019-11-14,5.510000228881836,5.570000171661377,5.510000228881836,5.539999961853027,3.8409032821655273,567800
2019-11-15,5.579999923706055,5.610000133514404,5.550000190734863,5.570000171661377,3.8617029190063477,391200
2019-11-18,5.559999942779541,5.690000057220459,5.559999942779541,5.670000076293945,3.9310343265533447,578800
2019-11-19,5.650000095367432,5.690000057220459,5.599999904632568,5.610000133514404,3.889434337615967,514700
2019-11-20,5.630000114440918,5.679999828338623,5.599999904632568,5.639999866485596,3.9102349281311035,544300
2019-11-21,5.650000095367432,5.670000076293945,5.630000114440918,5.650000095367432,3.9171667098999023,231100
2019-11-22,5.659999847412109,5.690000057220459,5.650000095367432,5.679999828338623,3.9379658699035645,272500
2019-11-25,5.699999809265137,5.739999771118164,5.679999828338623,5.730000019073486,3.9726321697235107,565700
2019-11-26,5.739999771118164,5.78000020980835,5.710000038146973,5.769999980926514,4.000363826751709,608200
2019-11-27,5.699999809265137,5.699999809265137,5.639999866485596,5.650000095367432,3.972242593765259,408900
2019-11-29,5.650000095367432,5.710000038146973,5.650000095367432,5.679999828338623,3.993333101272583,205200
2019-12-02,5.699999809265137,5.71999979019165,5.650000095367432,5.679999828338623,3.993333101272583,632300
2019-12-03,5.650000095367432,5.679999828338623,5.639999866485596,5.679999828338623,3.993333101272583,367100
2019-12-04,5.710000038146973,5.71999979019165,5.659999847412109,5.679999828338623,3.993333101272583,340100
2019-12-05,5.690000057220459,5.699999809265137,5.610000133514404,5.619999885559082,3.9511492252349854,353700
2019-12-06,5.619999885559082,5.699999809265137,5.619999885559082,5.690000057220459,4.000363826751709,504800
2019-12-09,5.679999828338623,5.71999979019165,5.639999866485596,5.670000076293945,3.9863030910491943,798500
2019-12-10,5.670000076293945,5.710000038146973,5.659999847412109,5.699999809265137,4.007394313812256,371900
2019-12-11,5.699999809265137,5.710000038146973,5.670000076293945,5.690000057220459,4.000363826751709,399800
2019-12-12,5.679999828338623,5.739999771118164,5.679999828338623,5.710000038146973,4.014424800872803,397900
2019-12-13,5.71999979019165,5.78000020980835,5.710000038146973,5.78000020980835,4.063638687133789,432600
2019-12-16,5.78000020980835,5.869999885559082,5.75,5.769999980926514,4.056608200073242,778100
2019-12-17,5.760000228881836,5.849999904632568,5.760000228881836,5.809999942779541,4.084730625152588,370700
2019-12-18,5.860000133514404,5.860000133514404,5.789999961853027,5.800000190734863,4.077700138092041,468800
2019-12-19,5.800000190734863,5.860000133514404,5.800000190734863,5.840000152587891,4.10582160949707,357800
2019-12-20,5.849999904632568,5.880000114440918,5.840000152587891,5.860000133514404,4.119882583618164,1313400
2019-12-23,5.860000133514404,5.920000076293945,5.849999904632568,5.900000095367432,4.148004531860352,839600
2019-12-24,5.909999847412109,5.940000057220459,5.900000095367432,5.909999847412109,4.155035018920898,483000
2019-12-26,5.909999847412109,6.0,5.909999847412109,5.980000019073486,4.204249382019043,982000
2019-12-27,6.0,6.019999980926514,5.960000038146973,5.960000038146973,4.190186977386475,808900
2019-12-30,5.940000057220459,5.949999809265137,5.829999923706055,5.840000152587891,4.161683559417725,672300
2019-12-31,5.829999923706055,5.900000095367432,5.829999923706055,5.849999904632568,4.168809413909912,606900
2020-01-02,5.860000133514404,5.860000133514404,5.820000171661377,5.840000152587891,4.161683559417725,468700
2020-01-03,5.809999942779541,5.849999904632568,5.769999980926514,5.829999923706055,4.1545562744140625,405700
2020-01-06,5.829999923706055,5.920000076293945,5.829999923706055,5.909999847412109,4.21156644821167,464100
2020-01-07,5.909999847412109,5.960000038146973,5.909999847412109,5.949999809265137,4.2400712966918945,422000
2020-01-08,5.949999809265137,6.0,5.909999847412109,5.909999847412109,4.21156644821167,511300
2020-01-09,5.909999847412109,6.0,5.909999847412109,5.96999979019165,4.254323482513428,526700
2020-01-10,5.96999979019165,6.039999961853027,5.96999979019165,5.96999979019165,4.254323482513428,504800
2020-01-13,6.0,6.099999904632568,6.0,6.099999904632568,4.346964359283447,724500
2020-01-14,6.150000095367432,6.179999828338623,6.110000133514404,6.130000114440918,4.368341445922852,685400
2020-01-15,6.130000114440918,6.170000076293945,6.119999885559082,6.139999866485596,4.375467300415039,734300
2020-01-16,6.170000076293945,6.239999771118164,6.139999866485596,6.179999828338623,4.403972148895264,752500
2020-01-17,6.210000038146973,6.25,6.170000076293945,6.230000019073486,4.439604759216309,824000
2020-01-21,6.230000019073486,6.320000171661377,6.21999979019165,6.289999961853027,4.482360363006592,957200
2020-01-22,6.25,6.309999942779541,6.239999771118164,6.309999942779541,4.496612548828125,605500
2020-01-23,6.309999942779541,6.369999885559082,6.269999980926514,6.349999904632568,4.525116920471191,877300
2020-01-24,6.360000133514404,6.360000133514404,6.059999942779541,6.199999809265137,4.418225288391113,1305000
2020-01-27,6.190000057220459,6.230000019073486,6.159999847412109,6.170000076293945,4.396846294403076,752400
2020-01-28,6.21999979019165,6.25,6.190000057220459,6.210000038146973,4.425351619720459,656500
2020-01-29,6.21999979019165,6.25,6.210000038146973,6.21999979019165,4.432476997375488,1051300
2020-01-30,6.090000152587891,6.139999866485596,6.070000171661377,6.079999923706055,4.389163494110107,667000
2020-01-31,6.079999923706055,6.110000133514404,6.010000228881836,6.039999961853027,4.360288619995117,797300
2020-02-03,6.050000190734863,6.110000133514404,6.039999961853027,6.059999942779541,4.374725341796875,754000
2020-02-04,6.090000152587891,6.110000133514404,6.039999961853027,6.070000171661377,4.381944179534912,853400
2020-02-05,6.099999904632568,6.150000095367432,6.070000171661377,6.130000114440918,4.425258159637451,828000
2020-02-06,6.130000114440918,6.179999828338623,6.090000152587891,6.110000133514404,4.410820484161377,922800
2020-02-07,6.110000133514404,6.130000114440918,6.079999923706055,6.079999923706055,4.389163494110107,684100
2020-02-10,6.059999942779541,6.110000133514404,6.039999961853027,6.070000171661377,4.381944179534912,536600
2020-02-11,6.119999885559082,6.21999979019165,6.110000133514404,6.199999809265137,4.475791931152344,731800
2020-02-12,6.210000038146973,6.260000228881836,6.179999828338623,6.190000057220459,4.468572616577148,791700
2020-02-13,6.199999809265137,6.28000020980835,6.190000057220459,6.21999979019165,4.49022912979126,516300
2020-02-14,6.230000019073486,6.289999961853027,6.230000019073486,6.269999980926514,4.52632474899292,888800
2020-02-18,6.28000020980835,6.5,6.28000020980835,6.5,4.692361831665039,1643100
2020-02-19,6.5,6.5,6.420000076293945,6.480000019073486,4.677924633026123,916000
2020-02-20,6.489999771118164,6.599999904632568,6.480000019073486,6.559999942779541,4.735675811767578,954400
2020-02-21,6.690000057220459,6.889999866485596,6.599999904632568,6.690000057220459,4.82952356338501,1933800
2020-02-24,6.650000095367432,6.670000076293945,6.480000019073486,6.5,4.692361831665039,1508900
2020-02-25,6.460000038146973,6.559999942779541,6.21999979019165,6.340000152587891,4.5768585205078125,1902600
2020-02-26,6.340000152587891,6.389999866485596,6.239999771118164,6.239999771118164,4.50466775894165,1972400
2020-02-27,6.110000133514404,6.159999847412109,5.860000133514404,5.920000076293945,4.329161643981934,2832300
2020-02-28,5.809999942779541,5.829999923706055,5.53000020980835,5.730000019073486,4.190220355987549,3285300
2020-03-02,5.739999771118164,6.019999980926514,5.739999771118164,6.0,4.387661933898926,1747800
2020-03-03,6.039999961853027,6.170000076293945,5.909999847412109,6.0,4.387661933898926,2272200
2020-03-04,6.099999904632568,6.199999809265137,5.989999771118164,6.070000171661377,4.438852310180664,1014400
2020-03-05,6.0,6.070000171661377,5.949999809265137,6.039999961853027,4.4169158935546875,992000
2020-03-06,5.900000095367432,5.989999771118164,5.789999961853027,5.920000076293945,4.329161643981934,1146500
2020-03-09,5.690000057220459,5.710000038146973,5.440000057220459,5.5,4.022024154663086,1726800
2020-03-10,5.71999979019165,5.739999771118164,5.230000019073486,5.449999809265137,3.985461711883545,2152100
2020-03-11,5.360000133514404,5.420000076293945,5.079999923706055,5.159999847412109,3.7733914852142334,1504400
2020-03-12,4.840000152587891,4.869999885559082,3.700000047683716,4.050000190734863,2.961672306060791,2389900
2020-03-13,4.369999885559082,4.550000190734863,3.490000009536743,3.859999895095825,2.8227295875549316,2940700
2020-03-16,3.559999942779541,3.9700000286102295,3.5,3.5399999618530273,2.588721513748169,2091800
2020-03-17,3.680000066757202,3.869999885559082,3.4000000953674316,3.740000009536743,2.7349770069122314,1769300
2020-03-18,3.5,3.5799999237060547,1.5299999713897705,1.8799999952316284,1.3748012781143188,2999100
2020-03-19,1.9800000190734863,2.5999999046325684,1.690000057220459,2.3299999237060547,1.70387601852417,3353100
2020-03-20,2.799999952316284,3.1500000953674316,2.4200000762939453,2.630000114440918,1.9232590198516846,3005700
2020-03-23,2.890000104904175,2.890000104904175,2.259999990463257,2.4700000286102295,1.8062549829483032,1753500
2020-03-24,2.7200000286102295,2.859999895095825,2.5,2.509999990463257,1.8355058431625366,1643200
2020-03-25,2.680000066757202,3.109999895095825,2.5399999618530273,2.759999990463257,2.0183253288269043,2828100
2020-03-26,3.0299999713897705,4.079999923706055,3.0299999713897705,3.680000066757202,2.6911001205444336,3856900
2020-03-27,3.640000104904175,3.740000009536743,3.450000047683716,3.569999933242798,2.61065936088562,1976700
2020-03-30,3.569999933242798,3.700000047683716,2.9000000953674316,2.950000047683716,2.2067177295684814,2214500
2020-03-31,2.9800000190734863,3.200000047683716,2.950000047683716,2.950000047683716,2.2067177295684814,1581800
2020-04-01,2.930000066757202,2.940000057220459,2.549999952316284,2.5799999237060547,1.9299437999725342,1953600
2020-04-02,2.6600000858306885,2.8399999141693115,2.490000009536743,2.5999999046325684,1.944904088973999,1768200
2020-04-03,2.569999933242798,2.5899999141693115,2.2300000190734863,2.359999895095825,1.7653743028640747,1521800
2020-04-06,2.5999999046325684,2.9000000953674316,2.5,2.630000114440918,1.9673452377319336,1682900
2020-04-07,2.8399999141693115,3.059999942779541,2.75,2.819999933242798,2.1094725131988525,1980400
2020-04-08,3.130000114440918,3.6500000953674316,3.0299999713897705,3.5299999713897705,2.6405811309814453,3471900
2020-04-09,3.700000047683716,4.090000152587891,3.3499999046325684,3.640000104904175,2.7228662967681885,4793800
2020-04-13,3.6700000762939453,3.680000066757202,3.2200000286102295,3.619999885559082,2.707904815673828,2190400
2020-04-14,3.7799999713897705,3.7799999713897705,3.4700000286102295,3.4800000190734863,2.6031789779663086,1188900
2020-04-15,3.4000000953674316,3.4800000190734863,3.2200000286102295,3.359999895095825,2.5134146213531494,1540100
2020-04-16,3.390000104904175,3.430000066757202,3.130000114440918,3.2200000286102295,2.408688545227051,1891000
2020-04-17,3.390000104904175,3.740000009536743,3.299999952316284,3.690000057220459,2.760268211364746,2830700
2020-04-20,3.5,4.0,3.4700000286102295,3.5999999046325684,2.692943811416626,1586400
2020-04-21,3.5,3.7699999809265137,3.5,3.6500000953674316,2.730346918106079,1467000
2020-04-22,3.75,3.75,3.4700000286102295,3.5899999141693115,2.6854636669158936,993500
2020-04-23,3.5799999237060547,3.75,3.5399999618530273,3.640000104904175,2.7228662967681885,935200
2020-04-24,3.75,3.7699999809265137,3.5399999618530273,3.7100000381469727,2.775228500366211,1483200
2020-04-27,3.799999952316284,3.9000000953674316,3.6600000858306885,3.809999942779541,2.850032329559326,1667300
2020-04-28,3.9600000381469727,4.179999828338623,3.809999942779541,4.070000171661377,3.044523000717163,2383800
2020-04-29,4.070000171661377,4.320000171661377,4.010000228881836,4.090000152587891,3.1013946533203125,1997000
2020-04-30,4.099999904632568,4.119999885559082,3.8499999046325684,3.940000057220459,2.9876513481140137,1668600
2020-05-01,3.8399999141693115,4.090000152587891,3.7100000381469727,3.880000114440918,2.9421539306640625,1778000
2020-05-04,3.7699999809265137,3.940000057220459,3.700000047683716,3.859999895095825,2.9269886016845703,1365300
2020-05-05,3.940000057220459,4.099999904632568,3.809999942779541,3.809999942779541,2.8890738487243652,1487900
2020-05-06,3.8299999237060547,3.9700000286102295,3.609999895095825,3.630000114440918,2.7525827884674072,1432000
2020-05-07,3.6700000762939453,3.8299999237060547,3.619999885559082,3.7300000190734863,2.828411340713501,970300
2020-05-08,3.700000047683716,3.9600000381469727,3.700000047683716,3.9000000953674316,2.957319974899292,1016400
2020-05-11,3.8299999237060547,3.890000104904175,3.75,3.759999990463257,2.8511598110198975,936800
2020-05-12,3.7699999809265137,3.809999942779541,3.5999999046325684,3.5999999046325684,2.7298338413238525,841400
2020-05-13,3.5999999046325684,3.619999885559082,3.240000009536743,3.4200000762939453,2.593341827392578,1941200
2020-05-14,3.4100000858306885,3.950000047683716,3.369999885559082,3.8299999237060547,2.9042398929595947,1807400
2020-05-15,3.809999942779541,3.9100000858306885,3.690000057220459,3.9100000858306885,2.9649033546447754,1416000
2020-05-18,3.990000009536743,4.090000152587891,3.869999885559082,4.010000228881836,3.040731430053711,1409800
2020-05-19,4.079999923706055,4.079999923706055,3.9100000858306885,3.9600000381469727,3.002817153930664,988300
2020-05-20,4.039999961853027,4.190000057220459,4.019999980926514,4.170000076293945,3.162057876586914,1037900
2020-05-21,4.130000114440918,4.159999847412109,4.010000228881836,4.099999904632568,3.108977794647217,695100
2020-05-22,4.130000114440918,4.179999828338623,4.010000228881836,4.170000076293945,3.162057876586914,646200
2020-05-26,4.269999980926514,4.46999979019165,4.230000019073486,4.400000095367432,3.33646297454834,1291300
2020-05-27,4.579999923706055,4.579999923706055,4.25,4.489999771118164,3.4047093391418457,1744300
2020-05-28,4.46999979019165,4.489999771118164,4.190000057220459,4.230000019073486,3.247332811355591,1040300
2020-05-29,4.190000057220459,4.28000020980835,4.110000133514404,4.170000076293945,3.2012715339660645,841300
2020-06-01,4.170000076293945,4.340000152587891,4.110000133514404,4.21999979019165,3.2396554946899414,1015400
2020-06-02,4.260000228881836,4.320000171661377,4.179999828338623,4.210000038146973,3.2319791316986084,873200
2020-06-03,4.269999980926514,4.489999771118164,4.260000228881836,4.400000095367432,3.3778395652770996,1146400
2020-06-04,4.420000076293945,4.679999828338623,4.349999904632568,4.559999942779541,3.50067138671875,1156300
2020-06-05,4.699999809265137,4.989999771118164,4.510000228881836,4.539999961853027,3.4853172302246094,1849400
2020-06-08,4.659999847412109,4.920000076293945,4.639999866485596,4.900000095367432,3.761685609817505,1693800
2020-06-09,4.809999942779541,4.949999809265137,4.710000038146973,4.800000190734863,3.6849169731140137,797800
2020-06-10,4.760000228881836,4.78000020980835,4.460000038146973,4.590000152587891,3.5237019062042236,998700
2020-06-11,4.260000228881836,4.53000020980835,4.230000019073486,4.300000190734863,3.3010711669921875,1146500
2020-06-12,4.539999961853027,4.570000171661377,4.340000152587891,4.539999961853027,3.4853172302246094,917300
2020-06-15,4.400000095367432,4.78000020980835,4.360000133514404,4.630000114440918,3.5544092655181885,1017500
2020-06-16,4.820000171661377,4.849999904632568,4.53000020980835,4.639999866485596,3.5620856285095215,1027800
2020-06-17,4.710000038146973,4.739999771118164,4.579999923706055,4.679999828338623,3.592794179916382,934800
2020-06-18,4.670000076293945,4.769999980926514,4.619999885559082,4.670000076293945,3.5851175785064697,1052500
2020-06-19,4.679999828338623,4.760000228881836,4.480000019073486,4.519999980926514,3.469963312149048,2508600
2020-06-22,4.519999980926514,4.53000020980835,4.400000095367432,4.53000020980835,3.477640390396118,1000200
2020-06-23,4.579999923706055,4.670000076293945,4.489999771118164,4.670000076293945,3.5851175785064697,971800
2020-06-24,4.639999866485596,4.659999847412109,4.389999866485596,4.590000152587891,3.5237019062042236,1009500
2020-06-25,4.539999961853027,4.730000019073486,4.5,4.71999979019165,3.6235008239746094,704200
2020-06-26,4.699999809265137,4.699999809265137,4.53000020980835,4.630000114440918,3.5544092655181885,1357700
2020-06-29,4.539999961853027,4.829999923706055,4.460000038146973,4.699999809265137,3.651524066925049,1131800
2020-06-30,4.699999809265137,4.71999979019165,4.630000114440918,4.710000038146973,3.6592929363250732,581800
2020-07-01,4.690000057220459,4.820000171661377,4.53000020980835,4.559999942779541,3.5427558422088623,1013000
2020-07-02,4.670000076293945,4.670000076293945,4.489999771118164,4.53000020980835,3.5194478034973145,759800
2020-07-06,4.619999885559082,4.619999885559082,4.480000019073486,4.550000190734863,3.5349862575531006,750400
2020-07-07,4.539999961853027,4.610000133514404,4.5,4.510000228881836,3.503909111022949,510900
2020-07-08,4.489999771118164,4.619999885559082,4.429999828338623,4.519999980926514,3.511678695678711,747600
2020-07-09,4.5,4.519999980926514,4.25,4.360000133514404,3.387371778488159,943500
2020-07-10,4.349999904632568,4.440000057220459,4.289999961853027,4.429999828338623,3.4417564868927,577000
2020-07-13,4.449999809265137,4.46999979019165,4.340000152587891,4.349999904632568,3.3796019554138184,545100
2020-07-14,4.369999885559082,4.550000190734863,4.369999885559082,4.519999980926514,3.511678695678711,632100
2020-07-15,4.659999847412109,4.769999980926514,4.550000190734863,4.75,3.6903703212738037,903800
2020-07-16,4.820000171661377,5.059999942779541,4.760000228881836,5.0,3.8846004009246826,1821500
2020-07-17,4.989999771118164,5.070000171661377,4.920000076293945,4.960000038146973,3.853522777557373,736700
2020-07-20,4.960000038146973,5.019999980926514,4.889999866485596,4.980000019073486,3.8690614700317383,879400
2020-07-21,5.010000228881836,5.139999866485596,5.0,5.099999904632568,3.962292194366455,1067200
2020-07-22,5.150000095367432,5.269999980926514,5.090000152587891,5.170000076293945,4.016677379608154,839600
2020-07-23,5.190000057220459,5.21999979019165,5.019999980926514,5.099999904632568,3.962292194366455,649100
2020-07-24,5.059999942779541,5.079999923706055,4.900000095367432,4.909999847412109,3.8146770000457764,1083800
2020-07-27,5.0,5.019999980926514,4.900000095367432,4.940000057220459,3.8379857540130615,654300
2020-07-28,5.050000190734863,5.139999866485596,4.980000019073486,4.989999771118164,3.8768303394317627,998300
2020-07-29,5.059999942779541,5.079999923706055,4.989999771118164,5.079999923706055,3.946753978729248,764500
2020-07-30,5.03000020980835,5.090000152587891,4.949999809265137,5.050000190734863,3.9703400135040283,866700
2020-07-31,5.03000020980835,5.190000057220459,4.960000038146973,5.139999866485596,4.041098594665527,1358700
2020-08-03,5.110000133514404,5.119999885559082,4.989999771118164,5.039999961853027,3.962477207183838,1110900
2020-08-04,5.070000171661377,5.099999904632568,4.960000038146973,4.96999979019165,3.9074435234069824,805300
2020-08-05,4.980000019073486,5.059999942779541,4.929999828338623,5.059999942779541,3.9782016277313232,1010000
2020-08-06,5.03000020980835,5.090000152587891,4.949999809265137,4.96999979019165,3.9074435234069824,668500
2020-08-07,4.960000038146973,5.039999961853027,4.920000076293945,5.019999980926514,3.946753978729248,653600
2020-08-10,5.050000190734863,5.199999809265137,5.019999980926514,5.099999904632568,4.009649753570557,1180200
2020-08-11,5.179999828338623,5.199999809265137,5.03000020980835,5.03000020980835,3.954615592956543,842800
2020-08-12,5.090000152587891,5.119999885559082,4.980000019073486,5.03000020980835,3.954615592956543,617200
2020-08-13,5.050000190734863,5.130000114440918,5.010000228881836,5.039999961853027,3.962477207183838,577000
2020-08-14,5.059999942779541,5.159999847412109,5.019999980926514,5.150000095367432,4.0489606857299805,597900
2020-08-17,5.159999847412109,5.159999847412109,5.070000171661377,5.079999923706055,3.9939262866973877,463000
2020-08-18,5.050000190734863,5.130000114440918,5.039999961853027,5.110000133514404,4.01751184463501,387400
2020-08-19,5.119999885559082,5.170000076293945,5.070000171661377,5.110000133514404,4.01751184463501,559400
2020-08-20,5.300000190734863,5.309999942779541,5.159999847412109,5.230000019073486,4.111857891082764,1460100
2020-08-21,5.199999809265137,5.239999771118164,5.079999923706055,5.090000152587891,4.0017876625061035,1506900
2020-08-24,5.210000038146973,5.25,5.090000152587891,5.230000019073486,4.111857891082764,1858500
2020-08-25,5.25,5.25,5.090000152587891,5.130000114440918,4.033236980438232,1210200
2020-08-26,5.119999885559082,5.139999866485596,5.070000171661377,5.099999904632568,4.009649753570557,1177400
2020-08-27,5.110000133514404,5.150000095367432,5.079999923706055,5.099999904632568,4.009649753570557,1294300
2020-08-28,5.079999923706055,5.179999828338623,5.070000171661377,5.150000095367432,4.101231575012207,827700
2020-08-31,5.179999828338623,5.179999828338623,5.059999942779541,5.110000133514404,4.0693769454956055,1130300
2020-09-01,5.050000190734863,5.130000114440918,5.050000190734863,5.110000133514404,4.0693769454956055,947100
2020-09-02,5.119999885559082,5.119999885559082,5.03000020980835,5.110000133514404,4.0693769454956055,666200
2020-09-03,5.119999885559082,5.139999866485596,5.019999980926514,5.050000190734863,4.021595478057861,791800
2020-09-04,5.070000171661377,5.110000133514404,4.96999979019165,5.090000152587891,4.0534491539001465,786700
2020-09-08,5.090000152587891,5.190000057220459,4.989999771118164,5.079999923706055,4.045485496520996,1034400
2020-09-09,5.119999885559082,5.159999847412109,5.079999923706055,5.119999885559082,4.0773396492004395,621900
2020-09-10,5.070000171661377,5.139999866485596,5.050000190734863,5.059999942779541,4.029557704925537,708200
2020-09-11,5.059999942779541,5.079999923706055,4.949999809265137,5.039999961853027,4.013631343841553,1168800
2020-09-14,5.070000171661377,5.199999809265137,5.039999961853027,5.150000095367432,4.101231575012207,1136700
2020-09-15,5.159999847412109,5.170000076293945,5.079999923706055,5.099999904632568,4.061412811279297,564800
2020-09-16,5.099999904632568,5.199999809265137,5.099999904632568,5.159999847412109,4.109195232391357,876300
2020-09-17,5.130000114440918,5.210000038146973,5.110000133514404,5.190000057220459,4.13308572769165,592600
2020-09-18,5.159999847412109,5.230000019073486,5.139999866485596,5.190000057220459,4.13308572769165,1184000
2020-09-21,5.110000133514404,5.159999847412109,5.010000228881836,5.050000190734863,4.021595478057861,963400
2020-09-22,5.070000171661377,5.110000133514404,5.010000228881836,5.059999942779541,4.029557704925537,898100
2020-09-23,5.070000171661377,5.110000133514404,4.900000095367432,4.900000095367432,3.902142286300659,1215900
2020-09-24,4.880000114440918,5.070000171661377,4.829999923706055,4.96999979019165,3.957886219024658,1122700
2020-09-25,4.989999771118164,5.159999847412109,4.989999771118164,5.130000114440918,4.085304260253906,970700
2020-09-28,5.199999809265137,5.349999904632568,5.170000076293945,5.260000228881836,4.188830375671387,1715500
2020-09-29,5.170000076293945,5.21999979019165,5.039999961853027,5.050000190734863,4.071913242340088,917700
2020-09-30,5.03000020980835,5.079999923706055,4.989999771118164,5.010000228881836,4.0396623611450195,788000
2020-10-01,5.0,5.090000152587891,4.929999828338623,5.079999923706055,4.096103668212891,1186900
2020-10-02,5.0,5.199999809265137,4.949999809265137,5.190000057220459,4.1847991943359375,1180200
2020-10-05,5.150000095367432,5.190000057220459,5.079999923706055,5.130000114440918,4.136420726776123,532500
2020-10-06,5.170000076293945,5.21999979019165,5.090000152587891,5.090000152587891,4.104166030883789,766400
2020-10-07,5.119999885559082,5.139999866485596,5.059999942779541,5.110000133514404,4.120293140411377,629800
2020-10-08,5.139999866485596,5.269999980926514,5.139999866485596,5.260000228881836,4.241240978240967,1184200
2020-10-09,5.28000020980835,5.289999961853027,5.150000095367432,5.150000095367432,4.152545928955078,686000
2020-10-12,5.159999847412109,5.210000038146973,5.139999866485596,5.170000076293945,4.16867208480835,463800
2020-10-13,5.150000095367432,5.199999809265137,5.130000114440918,5.190000057220459,4.1847991943359375,561800
2020-10-14,5.199999809265137,5.25,5.150000095367432,5.150000095367432,4.152545928955078,583300
2020-10-15,5.139999866485596,5.199999809265137,5.110000133514404,5.179999828338623,4.176734924316406,554600
2020-10-16,5.179999828338623,5.21999979019165,5.130000114440918,5.190000057220459,4.1847991943359375,502500
2020-10-19,5.199999809265137,5.230000019073486,5.130000114440918,5.150000095367432,4.152545928955078,703100
2020-10-20,5.150000095367432,5.21999979019165,5.139999866485596,5.150000095367432,4.152545928955078,480000
2020-10-21,5.150000095367432,5.179999828338623,5.099999904632568,5.110000133514404,4.120293140411377,480400
2020-10-22,5.119999885559082,5.199999809265137,5.110000133514404,5.179999828338623,4.176734924316406,772600
2020-10-23,5.210000038146973,5.28000020980835,5.179999828338623,5.25,4.233177185058594,589500
2020-10-26,5.210000038146973,5.25,5.150000095367432,5.210000038146973,4.200924873352051,804700
2020-10-27,5.239999771118164,5.309999942779541,5.190000057220459,5.199999809265137,4.192861557006836,663500
2020-10-28,5.179999828338623,5.21999979019165,5.090000152587891,5.130000114440918,4.136420726776123,1112500
2020-10-29,5.099999904632568,5.119999885559082,4.96999979019165,5.119999885559082,4.181335926055908,1229800
2020-10-30,5.150000095367432,5.199999809265137,5.0,5.190000057220459,4.238502025604248,1288600
2020-11-02,5.230000019073486,5.28000020980835,5.170000076293945,5.190000057220459,4.238502025604248,1369900
2020-11-03,5.239999771118164,5.329999923706055,5.239999771118164,5.300000190734863,4.328336238861084,1381400
2020-11-04,5.289999961853027,5.349999904632568,5.190000057220459,5.269999980926514,4.303837299346924,779600
2020-11-05,5.239999771118164,5.389999866485596,5.239999771118164,5.269999980926514,4.303837299346924,911800
2020-11-06,5.289999961853027,5.320000171661377,5.199999809265137,5.199999809265137,4.246669769287109,646600
2020-11-09,5.300000190734863,5.380000114440918,5.199999809265137,5.199999809265137,4.246669769287109,2382500
2020-11-10,5.289999961853027,5.519999980926514,5.25,5.460000038146973,4.459002494812012,2478400
2020-11-11,5.449999809265137,5.460000038146973,5.320000171661377,5.349999904632568,4.36916971206665,1199900
2020-11-12,5.320000171661377,5.360000133514404,5.28000020980835,5.309999942779541,4.336502552032471,625200
2020-11-13,5.389999866485596,5.46999979019165,5.349999904632568,5.409999847412109,4.41817045211792,962900
2020-11-16,5.480000019073486,5.599999904632568,5.480000019073486,5.539999961853027,4.524336338043213,1456300
2020-11-17,5.5,5.599999904632568,5.489999771118164,5.559999942779541,4.5406694412231445,884000
2020-11-18,5.599999904632568,5.730000019073486,5.590000152587891,5.599999904632568,4.573337078094482,1190700
2020-11-19,5.659999847412109,5.679999828338623,5.429999828338623,5.559999942779541,4.5406694412231445,1236600
2020-11-20,5.510000228881836,5.579999923706055,5.510000228881836,5.53000020980835,4.516170501708984,657700
2020-11-23,5.579999923706055,5.679999828338623,5.559999942779541,5.619999885559082,4.589669227600098,2091200
2020-11-24,5.670000076293945,5.730000019073486,5.619999885559082,5.630000114440918,4.597836494445801,1687600
2020-11-25,5.639999866485596,5.690000057220459,5.579999923706055,5.639999866485596,4.606003284454346,1555500
2020-11-27,5.570000171661377,5.579999923706055,5.409999847412109,5.480000019073486,4.527515888214111,1254100
2020-11-30,5.5,5.539999961853027,5.289999961853027,5.349999904632568,4.42011022567749,1839600
2020-12-01,5.369999885559082,5.460000038146973,5.320000171661377,5.340000152587891,4.411848545074463,908800
2020-12-02,5.349999904632568,5.440000057220459,5.329999923706055,5.369999885559082,4.436633586883545,729100
2020-12-03,5.420000076293945,5.420000076293945,5.340000152587891,5.369999885559082,4.436633586883545,1257200
2020-12-04,5.409999847412109,5.440000057220459,5.360000133514404,5.409999847412109,4.469682216644287,1336100
2020-12-07,5.449999809265137,5.449999809265137,5.369999885559082,5.380000114440918,4.444896221160889,1094600
2020-12-08,5.369999885559082,5.480000019073486,5.369999885559082,5.429999828338623,4.486205101013184,1457600
2020-12-09,5.449999809265137,5.480000019073486,5.349999904632568,5.409999847412109,4.469682216644287,1259500
2020-12-10,5.400000095367432,5.409999847412109,5.300000190734863,5.320000171661377,4.39532470703125,1048500
2020-12-11,5.320000171661377,5.389999866485596,5.289999961853027,5.329999923706055,4.403586387634277,918900
2020-12-14,5.380000114440918,5.429999828338623,5.309999942779541,5.329999923706055,4.403586387634277,1174300
2020-12-15,5.400000095367432,5.409999847412109,5.329999923706055,5.400000095367432,4.461420059204102,998800
2020-12-16,5.420000076293945,5.460000038146973,5.349999904632568,5.360000133514404,4.428371906280518,979700
2020-12-17,5.429999828338623,5.440000057220459,5.349999904632568,5.380000114440918,4.444896221160889,1375900
2020-12-18,5.380000114440918,5.440000057220459,5.329999923706055,5.389999866485596,4.453157901763916,3113000
2020-12-21,5.340000152587891,5.389999866485596,5.300000190734863,5.329999923706055,4.403586387634277,1758700
2020-12-22,5.340000152587891,5.369999885559082,5.269999980926514,5.300000190734863,4.378801345825195,1207200
2020-12-23,5.309999942779541,5.420000076293945,5.300000190734863,5.389999866485596,4.453157901763916,993400
2020-12-24,5.420000076293945,5.440000057220459,5.349999904632568,5.369999885559082,4.436633586883545,615300
2020-12-28,5.380000114440918,5.429999828338623,5.329999923706055,5.329999923706055,4.403586387634277,2638000
2020-12-29,5.369999885559082,5.369999885559082,5.25,5.260000228881836,4.3457536697387695,2370500
2020-12-30,5.239999771118164,5.239999771118164,5.159999847412109,5.199999809265137,4.349936485290527,1417300
2020-12-31,5.199999809265137,5.25,5.179999828338623,5.21999979019165,4.366665840148926,807000
2021-01-04,5.239999771118164,5.260000228881836,5.059999942779541,5.119999885559082,4.283013820648193,2648100
2021-01-05,5.130000114440918,5.170000076293945,5.079999923706055,5.090000152587891,4.257917881011963,1206300
2021-01-06,5.119999885559082,5.269999980926514,5.110000133514404,5.210000038146973,4.358301162719727,1317000
2021-01-07,5.230000019073486,5.300000190734863,5.190000057220459,5.260000228881836,4.400127410888672,780700
2021-01-08,5.289999961853027,5.289999961853027,5.199999809265137,5.28000020980835,4.416858673095703,797200
2021-01-11,5.25,5.320000171661377,5.230000019073486,5.260000228881836,4.400127410888672,933100
2021-01-12,5.260000228881836,5.28000020980835,5.210000038146973,5.239999771118164,4.383395671844482,999200
2021-01-13,5.239999771118164,5.28000020980835,5.230000019073486,5.25,4.391761779785156,648500
2021-01-14,5.25,5.360000133514404,5.25,5.360000133514404,4.4837799072265625,1191300
2021-01-15,5.329999923706055,5.440000057220459,5.309999942779541,5.420000076293945,4.533971786499023,1269100
2021-01-19,5.460000038146973,5.489999771118164,5.369999885559082,5.480000019073486,4.584163665771484,1276200
2021-01-20,5.489999771118164,5.570000171661377,5.449999809265137,5.53000020980835,4.62598991394043,1770500
2021-01-21,5.380000114440918,5.5,5.360000133514404,5.380000114440918,4.500510215759277,7349700
2021-01-22,5.400000095367432,5.400000095367432,5.320000171661377,5.369999885559082,4.4921441078186035,2542000
2021-01-25,5.360000133514404,5.460000038146973,5.329999923706055,5.449999809265137,4.559067726135254,1834200
2021-01-26,5.46999979019165,5.590000152587891,5.429999828338623,5.510000228881836,4.609259605407715,3320800
2021-01-27,5.449999809265137,5.46999979019165,5.349999904632568,5.440000057220459,4.5507025718688965,2960800
2021-01-28,5.389999866485596,5.420000076293945,5.289999961853027,5.340000152587891,4.5210700035095215,2221300
2021-01-29,5.289999961853027,5.320000171661377,5.110000133514404,5.170000076293945,4.377140522003174,4098200
2021-02-01,5.21999979019165,5.239999771118164,5.139999866485596,5.190000057220459,4.394073009490967,2163200
2021-02-02,5.230000019073486,5.360000133514404,5.210000038146973,5.360000133514404,4.5380024909973145,2221100
2021-02-03,5.320000171661377,5.360000133514404,5.25,5.329999923706055,4.512603759765625,1987900
2021-02-04,5.340000152587891,5.449999809265137,5.289999961853027,5.389999866485596,4.563401222229004,2994700
2021-02-05,5.389999866485596,5.539999961853027,5.389999866485596,5.519999980926514,4.673465728759766,2889300
2021-02-08,5.519999980926514,5.599999904632568,5.510000228881836,5.559999942779541,4.70733118057251,1681000
2021-02-09,5.559999942779541,5.590000152587891,5.510000228881836,5.579999923706055,4.7242631912231445,1552400
2021-02-10,5.590000152587891,5.639999866485596,5.570000171661377,5.579999923706055,4.7242631912231445,1375700
2021-02-11,5.599999904632568,5.670000076293945,5.510000228881836,5.590000152587891,4.732730865478516,1913800
2021-02-12,5.610000133514404,5.659999847412109,5.550000190734863,5.650000095367432,4.783529281616211,1868700
2021-02-16,5.659999847412109,5.78000020980835,5.639999866485596,5.75,4.86819314956665,2187000
2021-02-17,5.800000190734863,5.820000171661377,5.610000133514404,5.610000133514404,4.749663352966309,2367500
2021-02-18,5.610000133514404,5.650000095367432,5.5,5.559999942779541,4.70733118057251,2280100
2021-02-19,5.619999885559082,5.730000019073486,5.619999885559082,5.690000057220459,4.817394256591797,1726500
2021-02-22,5.699999809265137,5.800000190734863,5.670000076293945,5.75,4.86819314956665,2965300
2021-02-23,5.75,5.78000020980835,5.590000152587891,5.730000019073486,4.851259708404541,2487400
2021-02-24,5.769999980926514,5.920000076293945,5.730000019073486,5.849999904632568,4.952857494354248,2909900
2021-02-25,5.809999942779541,5.900000095367432,5.619999885559082,5.639999866485596,4.828714370727539,2359500
2021-02-26,5.659999847412109,5.789999961853027,5.659999847412109,5.730000019073486,4.905768871307373,1822400
2021-03-01,5.789999961853027,5.900000095367432,5.75,5.78000020980835,4.948576927185059,2037600
2021-03-02,5.789999961853027,5.860000133514404,5.760000228881836,5.789999961853027,4.957138538360596,1511900
2021-03-03,5.650000095367432,5.800000190734863,5.610000133514404,5.679999828338623,4.8629608154296875,6864200
2021-03-04,5.710000038146973,5.730000019073486,5.489999771118164,5.590000152587891,4.78590726852417,4172200
2021-03-05,5.639999866485596,5.650000095367432,5.289999961853027,5.53000020980835,4.734538555145264,4341100
2021-03-08,5.579999923706055,5.75,5.559999942779541,5.670000076293945,4.854400157928467,2446300
2021-03-09,5.699999809265137,5.760000228881836,5.650000095367432,5.730000019073486,4.905768871307373,1891400
2021-03-10,5.75,5.840000152587891,5.730000019073486,5.789999961853027,4.957138538360596,1867500
2021-03-11,5.840000152587891,5.880000114440918,5.800000190734863,5.840000152587891,4.9999470710754395,1304200
2021-03-12,5.849999904632568,5.920000076293945,5.820000171661377,5.889999866485596,5.042753219604492,1469600
2021-03-15,5.900000095367432,6.079999923706055,5.900000095367432,6.039999961853027,5.171177387237549,3761100
2021-03-16,6.059999942779541,6.079999923706055,5.869999885559082,5.920000076293945,5.068438529968262,1940000
2021-03-17,5.920000076293945,6.03000020980835,5.860000133514404,6.019999980926514,5.154054164886475,1687500
2021-03-18,6.039999961853027,6.039999961853027,5.900000095367432,5.909999847412109,5.059877395629883,1716800
2021-03-19,5.920000076293945,6.059999942779541,5.869999885559082,6.019999980926514,5.154054164886475,5800000
2021-03-22,6.019999980926514,6.079999923706055,5.96999979019165,6.03000020980835,5.1626152992248535,1721700
2021-03-23,6.03000020980835,6.110000133514404,5.909999847412109,5.929999828338623,5.076999664306641,2749400
2021-03-24,6.0,6.139999866485596,5.820000171661377,5.829999923706055,4.991384506225586,4037800
2021-03-25,5.849999904632568,5.989999771118164,5.769999980926514,5.960000038146973,5.102684497833252,4745000
2021-03-26,6.019999980926514,6.050000190734863,5.929999828338623,5.989999771118164,5.1283698081970215,2350000
2021-03-29,5.989999771118164,6.03000020980835,5.949999809265137,5.960000038146973,5.102684497833252,2987600
2021-03-30,5.929999828338623,5.980000019073486,5.860000133514404,5.949999809265137,5.150291919708252,2058500
2021-03-31,5.949999809265137,6.039999961853027,5.940000057220459,6.010000228881836,5.20222806930542,2049900
2021-04-01,6.019999980926514,6.03000020980835,5.989999771118164,6.010000228881836,5.20222806930542,1897400
2021-04-05,6.03000020980835,6.03000020980835,5.929999828338623,5.96999979019165,5.167603969573975,2226900
2021-04-06,6.0,6.019999980926514,5.960000038146973,5.989999771118164,5.184916973114014,1551600
2021-04-07,5.989999771118164,6.03000020980835,5.980000019073486,6.010000228881836,5.20222806930542,1387600
2021-04-08,6.010000228881836,6.039999961853027,5.989999771118164,6.03000020980835,5.219540119171143,1179900
2021-04-09,6.010000228881836,6.050000190734863,6.0,6.03000020980835,5.219540119171143,1238000
2021-04-12,6.039999961853027,6.119999885559082,6.03000020980835,6.110000133514404,5.288788318634033,1801300
2021-04-13,6.119999885559082,6.190000057220459,6.119999885559082,6.170000076293945,5.340723514556885,1463900
2021-04-14,6.159999847412109,6.21999979019165,6.119999885559082,6.139999866485596,5.314755439758301,1597700
2021-04-15,5.900000095367432,5.909999847412109,5.360000133514404,5.440000057220459,4.708838939666748,15030800
2021-04-16,5.5,5.53000020980835,5.349999904632568,5.380000114440918,4.65690279006958,5336600
2021-04-19,5.400000095367432,5.400000095367432,5.150000095367432,5.230000019073486,4.527063846588135,7024200
2021-04-20,5.269999980926514,5.269999980926514,5.050000190734863,5.170000076293945,4.475128173828125,6007800
2021-04-21,5.170000076293945,5.329999923706055,5.110000133514404,5.300000190734863,4.587656021118164,3243400
2021-04-22,5.309999942779541,5.389999866485596,5.289999961853027,5.309999942779541,4.596310615539551,2869400
2021-04-23,5.340000152587891,5.400000095367432,5.309999942779541,5.389999866485596,4.665558815002441,1888100
2021-04-26,5.460000038146973,5.480000019073486,5.409999847412109,5.449999809265137,4.717494964599609,2886400
2021-04-27,5.559999942779541,5.590000152587891,5.449999809265137,5.489999771118164,4.75211763381958,3551900
2021-04-28,5.519999980926514,5.579999923706055,5.480000019073486,5.579999923706055,4.830021858215332,3023200
2021-04-29,5.510000228881836,5.519999980926514,5.429999828338623,5.449999809265137,4.77309513092041,2300200
2021-04-30,5.449999809265137,5.5,5.409999847412109,5.5,4.816885948181152,2457000
2021-05-03,5.510000228881836,5.590000152587891,5.510000228881836,5.539999961853027,4.851917266845703,2473600
2021-05-04,5.550000190734863,5.570000171661377,5.460000038146973,5.480000019073486,4.7993693351745605,2083200
2021-05-05,5.5,5.539999961853027,5.420000076293945,5.53000020980835,4.8431596755981445,1743800
2021-05-06,5.539999961853027,5.550000190734863,5.420000076293945,5.5,4.816885948181152,2640700
2021-05-07,5.5,5.570000171661377,5.46999979019165,5.559999942779541,4.86943244934082,1763300
2021-05-10,5.570000171661377,5.570000171661377,5.449999809265137,5.460000038146973,4.781853199005127,2616400
2021-05-11,5.400000095367432,5.460000038146973,5.360000133514404,5.440000057220459,4.764337539672852,1972600
2021-05-12,5.440000057220459,5.46999979019165,5.25,5.260000228881836,4.606694221496582,3101300
2021-05-13,5.340000152587891,5.429999828338623,5.269999980926514,5.349999904632568,4.685515880584717,3102300
2021-05-14,5.409999847412109,5.449999809265137,5.369999885559082,5.429999828338623,4.755578994750977,2227300
2021-05-17,5.440000057220459,5.510000228881836,5.389999866485596,5.510000228881836,4.825643539428711,2376700
2021-05-18,5.53000020980835,5.570000171661377,5.460000038146973,5.519999980926514,4.8344011306762695,2654500
2021-05-19,5.5,5.510000228881836,5.420000076293945,5.5,4.816885948181152,2198900
2021-05-20,5.510000228881836,5.579999923706055,5.460000038146973,5.559999942779541,4.86943244934082,2108000
2021-05-21,5.599999904632568,5.619999885559082,5.570000171661377,5.590000152587891,4.895707130432129,1970600
2021-05-24,5.679999828338623,5.679999828338623,5.550000190734863,5.599999904632568,4.904465198516846,3276900
2021-05-25,5.639999866485596,5.639999866485596,5.519999980926514,5.519999980926514,4.8344011306762695,3598700
2021-05-26,5.559999942779541,5.590000152587891,5.340000152587891,5.5,4.816885948181152,4694800
2021-05-27,5.46999979019165,5.510000228881836,5.429999828338623,5.46999979019165,4.847904682159424,2692100
2021-05-28,5.46999979019165,5.519999980926514,5.429999828338623,5.46999979019165,4.847904682159424,1832000
2021-06-01,5.5,5.539999961853027,5.449999809265137,5.519999980926514,4.892217636108398,3106200
2021-06-02,5.53000020980835,5.550000190734863,5.5,5.510000228881836,4.883355140686035,2504800
2021-06-03,5.5,5.53000020980835,5.5,5.5,4.87449312210083,2669100
2021-06-04,5.519999980926514,5.550000190734863,5.480000019073486,5.519999980926514,4.892217636108398,2385400
2021-06-07,5.539999961853027,5.570000171661377,5.519999980926514,5.570000171661377,4.936532020568848,3010200
2021-06-08,5.579999923706055,5.630000114440918,5.550000190734863,5.619999885559082,4.9808454513549805,3745400
2021-06-09,5.630000114440918,5.739999771118164,5.630000114440918,5.650000095367432,5.007434368133545,3806200
2021-06-10,5.710000038146973,5.860000133514404,5.670000076293945,5.760000228881836,5.104923725128174,3839100
2021-06-11,5.789999961853027,5.800000190734863,5.550000190734863,5.579999923706055,4.945394039154053,4928100
2021-06-14,5.630000114440918,5.71999979019165,5.619999885559082,5.679999828338623,5.034021854400635,3001800
2021-06-15,5.699999809265137,5.699999809265137,5.550000190734863,5.579999923706055,4.945394039154053,2720900
2021-06-16,5.599999904632568,5.659999847412109,5.599999904632568,5.639999866485596,4.998570919036865,2637500
2021-06-17,5.650000095367432,5.670000076293945,5.449999809265137,5.480000019073486,4.856767654418945,5029900
2021-06-18,5.480000019073486,5.519999980926514,5.349999904632568,5.380000114440918,4.76814079284668,7340100
2021-06-21,5.429999828338623,5.5,5.389999866485596,5.46999979019165,4.847904682159424,3388400
2021-06-22,5.5,5.519999980926514,5.429999828338623,5.510000228881836,4.883355140686035,1959100
2021-06-23,5.5,5.519999980926514,5.400000095367432,5.46999979019165,4.847904682159424,6820900
2021-06-24,5.5,5.5,5.400000095367432,5.400000095367432,4.785865783691406,5267700
2021-06-25,5.440000057220459,5.46999979019165,5.400000095367432,5.400000095367432,4.785865783691406,4885400
2021-06-28,5.449999809265137,5.460000038146973,5.380000114440918,5.380000114440918,4.76814079284668,5276200
2021-06-29,5.360000133514404,5.369999885559082,5.21999979019165,5.230000019073486,4.691886901855469,5360000
2021-06-30,5.239999771118164,5.25,5.179999828338623,5.190000057220459,4.656001567840576,3777800
2021-07-01,5.199999809265137,5.269999980926514,5.199999809265137,5.21999979019165,4.6829142570495605,3154800
2021-07-02,5.260000228881836,5.260000228881836,5.139999866485596,5.150000095367432,4.620117664337158,5019300
2021-07-06,5.179999828338623,5.190000057220459,5.079999923706055,5.170000076293945,4.638059139251709,3588200
2021-07-07,5.150000095367432,5.190000057220459,5.079999923706055,5.099999904632568,4.575262069702148,2275900
2021-07-08,5.019999980926514,5.119999885559082,4.989999771118164,5.059999942779541,4.539377212524414,3320200
2021-07-09,5.099999904632568,5.269999980926514,5.090000152587891,5.269999980926514,4.727770805358887,3208200
2021-07-12,5.260000228881836,5.289999961853027,5.199999809265137,5.269999980926514,4.727770805358887,2038300
2021-07-13,5.260000228881836,5.260000228881836,5.039999961853027,5.039999961853027,4.521434783935547,4415300
2021-07-14,5.079999923706055,5.130000114440918,5.010000228881836,5.03000020980835,4.5124640464782715,2933600
2021-07-15,5.010000228881836,5.099999904632568,5.0,5.079999923706055,4.557319164276123,2734300
2021-07-16,5.079999923706055,5.130000114440918,5.03000020980835,5.050000190734863,4.530406951904297,2717700
2021-07-19,5.03000020980835,5.050000190734863,4.900000095367432,4.96999979019165,4.45863676071167,5505100
2021-07-20,5.010000228881836,5.099999904632568,4.960000038146973,5.059999942779541,4.539377212524414,3368000
2021-07-21,5.119999885559082,5.159999847412109,5.099999904632568,5.130000114440918,4.602175235748291,3396300
2021-07-22,5.150000095367432,5.150000095367432,5.059999942779541,5.079999923706055,4.557319164276123,2623800
2021-07-23,5.110000133514404,5.139999866485596,5.050000190734863,5.059999942779541,4.539377212524414,2460000
2021-07-26,5.079999923706055,5.150000095367432,5.070000171661377,5.119999885559082,4.593203067779541,4364200
2021-07-27,5.130000114440918,5.139999866485596,5.039999961853027,5.099999904632568,4.575262069702148,3043800
2021-07-28,5.110000133514404,5.139999866485596,5.070000171661377,5.110000133514404,4.584232807159424,3173900
2021-07-29,5.099999904632568,5.139999866485596,5.019999980926514,5.099999904632568,4.634209632873535,2387100
2021-07-30,5.059999942779541,5.099999904632568,4.949999809265137,4.949999809265137,4.497908592224121,4443400
2021-08-02,5.0,5.050000190734863,4.980000019073486,4.980000019073486,4.5251688957214355,2922800
2021-08-03,4.989999771118164,5.0,4.900000095367432,4.900000095367432,4.4524760246276855,3925700
2021-08-04,4.909999847412109,4.929999828338623,4.800000190734863,4.860000133514404,4.4161295890808105,4223800
2021-08-05,4.840000152587891,4.960000038146973,4.840000152587891,4.900000095367432,4.4524760246276855,1887200
2021-08-06,4.929999828338623,4.980000019073486,4.909999847412109,4.940000057220459,4.4888224601745605,1505100
2021-08-09,4.960000038146973,4.96999979019165,4.909999847412109,4.920000076293945,4.470649719238281,1847100
2021-08-10,4.949999809265137,4.980000019073486,4.900000095367432,4.980000019073486,4.5251688957214355,1428500
2021-08-11,4.960000038146973,5.039999961853027,4.929999828338623,5.03000020980835,4.570602893829346,1912300
2021-08-12,5.050000190734863,5.059999942779541,5.0,5.039999961853027,4.579689025878906,1698900
2021-08-13,5.039999961853027,5.079999923706055,5.03000020980835,5.059999942779541,4.597862720489502,1613200
2021-08-16,5.070000171661377,5.070000171661377,5.019999980926514,5.059999942779541,4.597862720489502,2220500
2021-08-17,5.03000020980835,5.050000190734863,5.0,5.03000020980835,4.570602893829346,1615500
2021-08-18,5.019999980926514,5.050000190734863,4.980000019073486,5.03000020980835,4.570602893829346,2099100
2021-08-19,4.989999771118164,5.03000020980835,4.880000114440918,4.900000095367432,4.4524760246276855,5249600
2021-08-20,4.920000076293945,5.070000171661377,4.889999866485596,5.059999942779541,4.597862720489502,3487300
2021-08-23,5.070000171661377,5.130000114440918,5.059999942779541,5.110000133514404,4.643296718597412,3934400
2021-08-24,5.130000114440918,5.159999847412109,5.110000133514404,5.150000095367432,4.679643630981445,3399600
2021-08-25,5.150000095367432,5.159999847412109,5.119999885559082,5.119999885559082,4.6523823738098145,3607000
2021-08-26,5.130000114440918,5.139999866485596,5.079999923706055,5.090000152587891,4.625123500823975,1813200
2021-08-27,5.099999904632568,5.170000076293945,5.099999904632568,5.119999885559082,4.6523823738098145,3676100
2021-08-30,5.099999904632568,5.099999904632568,4.949999809265137,5.0,4.6017632484436035,4610100
2021-08-31,5.019999980926514,5.070000171661377,5.0,5.019999980926514,4.620170593261719,2110400
2021-09-01,5.03000020980835,5.050000190734863,4.949999809265137,5.010000228881836,4.61096715927124,3692400
2021-09-02,5.019999980926514,5.050000190734863,5.010000228881836,5.03000020980835,4.629374027252197,2242100
2021-09-03,5.019999980926514,5.050000190734863,5.019999980926514,5.03000020980835,4.629374027252197,2145900
2021-09-07,5.03000020980835,5.059999942779541,5.019999980926514,5.019999980926514,4.620170593261719,2389700
2021-09-08,5.03000020980835,5.050000190734863,5.0,5.0,4.6017632484436035,3025000
2021-09-09,5.019999980926514,5.059999942779541,5.0,5.03000020980835,4.629374027252197,4894600
2021-09-10,5.070000171661377,5.070000171661377,5.019999980926514,5.019999980926514,4.620170593261719,3645800
2021-09-13,5.03000020980835,5.079999923706055,5.019999980926514,5.059999942779541,4.656985282897949,4326400
2021-09-14,5.070000171661377,5.079999923706055,5.039999961853027,5.059999942779541,4.656985282897949,2840700
2021-09-15,5.050000190734863,5.070000171661377,4.949999809265137,5.019999980926514,4.620170593261719,7808900
2021-09-16,5.019999980926514,5.050000190734863,5.019999980926514,5.03000020980835,4.629374027252197,2578200
2021-09-17,5.03000020980835,5.050000190734863,5.0,5.0,4.6017632484436035,8995700
2021-09-20,5.0,5.0,4.920000076293945,4.949999809265137,4.555745601654053,6138200
2021-09-21,4.980000019073486,5.039999961853027,4.960000038146973,4.96999979019165,4.574152946472168,3871200
2021-09-22,4.989999771118164,5.03000020980835,4.96999979019165,5.0,4.6017632484436035,3442000
2021-09-23,5.010000228881836,5.039999961853027,5.010000228881836,5.03000020980835,4.629374027252197,2108300
2021-09-24,5.019999980926514,5.039999961853027,5.010000228881836,5.03000020980835,4.629374027252197,2631400
2021-09-27,5.039999961853027,5.050000190734863,4.949999809265137,5.010000228881836,4.61096715927124,12619100
2021-09-28,5.0,5.019999980926514,4.989999771118164,5.0,4.6017632484436035,3426500
2021-09-29,4.96999979019165,4.989999771118164,4.909999847412109,4.920000076293945,4.5877766609191895,4351000
2021-09-30,4.929999828338623,4.949999809265137,4.860000133514404,4.889999866485596,4.559802055358887,4069100
2021-10-01,4.909999847412109,4.949999809265137,4.889999866485596,4.940000057220459,4.606426239013672,2569600
2021-10-04,4.949999809265137,4.980000019073486,4.920000076293945,4.940000057220459,4.606426239013672,2918800
2021-10-05,4.949999809265137,4.96999979019165,4.929999828338623,4.949999809265137,4.615750312805176,1839900
2021-10-06,4.920000076293945,4.96999979019165,4.920000076293945,4.96999979019165,4.634399890899658,2111000
2021-10-07,4.96999979019165,5.019999980926514,4.960000038146973,5.0,4.662374019622803,3034000
2021-10-08,5.0,5.019999980926514,4.980000019073486,5.019999980926514,4.681024074554443,1885100
2021-10-11,5.019999980926514,5.050000190734863,5.010000228881836,5.019999980926514,4.681024074554443,2597000
2021-10-12,5.03000020980835,5.059999942779541,5.019999980926514,5.059999942779541,4.71832275390625,2352700
2021-10-13,4.989999771118164,5.03000020980835,4.980000019073486,5.010000228881836,4.671699047088623,4246500
2021-10-14,5.019999980926514,5.039999961853027,5.0,5.0,4.662374019622803,3216800
2021-10-15,5.039999961853027,5.039999961853027,5.0,5.0,4.662374019622803,2349600
2021-10-18,5.010000228881836,5.050000190734863,4.949999809265137,4.989999771118164,4.653048992156982,9813400
2021-10-19,5.0,5.019999980926514,4.980000019073486,5.0,4.662374019622803,4080000
2021-10-20,5.010000228881836,5.03000020980835,5.0,5.010000228881836,4.671699047088623,2827100
2021-10-21,5.010000228881836,5.039999961853027,5.0,5.0,4.662374019622803,2706400
2021-10-22,5.010000228881836,5.019999980926514,4.989999771118164,4.989999771118164,4.653048992156982,3033000
2021-10-25,5.010000228881836,5.03000020980835,5.010000228881836,5.019999980926514,4.681024074554443,4178700
2021-10-26,5.03000020980835,5.039999961853027,5.019999980926514,5.019999980926514,4.681024074554443,4690100
2021-10-27,5.019999980926514,5.039999961853027,5.019999980926514,5.019999980926514,4.681024074554443,4469400
2021-10-28,5.03000020980835,5.039999961853027,4.949999809265137,4.949999809265137,4.676300048828125,6504900
2021-10-29,4.960000038146973,4.989999771118164,4.949999809265137,4.960000038146973,4.6857476234436035,4337400
2021-11-01,4.980000019073486,5.0,4.949999809265137,4.989999771118164,4.714087963104248,6985600
2021-11-02,4.989999771118164,4.989999771118164,4.949999809265137,4.960000038146973,4.6857476234436035,4012500
2021-11-03,4.980000019073486,5.010000228881836,4.960000038146973,4.980000019073486,4.704641819000244,3695900
2021-11-04,4.989999771118164,5.019999980926514,4.949999809265137,4.980000019073486,4.704641819000244,8200500
2021-11-05,4.980000019073486,5.010000228881836,4.980000019073486,5.0,4.723535537719727,4987000
2021-11-08,5.0,5.010000228881836,4.980000019073486,4.989999771118164,4.714087963104248,2591300
2021-11-09,4.989999771118164,5.019999980926514,4.989999771118164,5.0,4.723535537719727,5278200
2021-11-10,5.0,5.010000228881836,4.909999847412109,4.909999847412109,4.638512134552002,15347200
2021-11-11,4.940000057220459,4.949999809265137,4.900000095367432,4.920000076293945,4.647959232330322,4183500
2021-11-12,4.929999828338623,4.949999809265137,4.900000095367432,4.920000076293945,4.647959232330322,4327300
2021-11-15,4.940000057220459,4.940000057220459,4.900000095367432,4.929999828338623,4.657406330108643,4723000
2021-11-16,4.920000076293945,4.940000057220459,4.900000095367432,4.920000076293945,4.647959232330322,3037300
2021-11-17,4.900000095367432,4.920000076293945,4.860000133514404,4.880000114440918,4.610171318054199,5078500
2021-11-18,4.880000114440918,4.920000076293945,4.860000133514404,4.920000076293945,4.647959232330322,3792000
2021-11-19,4.900000095367432,4.909999847412109,4.860000133514404,4.880000114440918,4.610171318054199,3801700
2021-11-22,4.900000095367432,4.909999847412109,4.800000190734863,4.800000190734863,4.534594535827637,6043300
2021-11-23,4.820000171661377,4.829999923706055,4.769999980926514,4.800000190734863,4.534594535827637,4354100
2021-11-24,4.800000190734863,4.849999904632568,4.78000020980835,4.849999904632568,4.58182954788208,2754400
2021-11-26,4.820000171661377,4.820000171661377,4.71999979019165,4.800000190734863,4.534594535827637,5938800
2021-11-29,4.760000228881836,4.800000190734863,4.699999809265137,4.739999771118164,4.539382457733154,4979700
2021-11-30,4.699999809265137,4.71999979019165,4.489999771118164,4.519999980926514,4.3286943435668945,8145500
2021-12-01,4.610000133514404,4.610000133514404,4.340000152587891,4.349999904632568,4.165889263153076,8485200
2021-12-02,4.360000133514404,4.460000038146973,4.340000152587891,4.440000057220459,4.252079963684082,5595300
2021-12-03,4.460000038146973,4.480000019073486,4.320000171661377,4.340000152587891,4.156311988830566,5679400
2021-12-06,4.349999904632568,4.46999979019165,4.28000020980835,4.409999847412109,4.223349571228027,6398300
2021-12-07,4.409999847412109,4.489999771118164,4.409999847412109,4.46999979019165,4.2808098793029785,3935300
2021-12-08,4.480000019073486,4.579999923706055,4.449999809265137,4.550000190734863,4.357424736022949,2772900
2021-12-09,4.550000190734863,4.570000171661377,4.519999980926514,4.550000190734863,4.357424736022949,3111600
2021-12-10,4.650000095367432,4.679999828338623,4.559999942779541,4.570000171661377,4.376577854156494,4341700
2021-12-13,4.619999885559082,4.630000114440918,4.409999847412109,4.489999771118164,4.29996395111084,5926700
2021-12-14,4.46999979019165,4.559999942779541,4.440000057220459,4.449999809265137,4.261656761169434,3207400
2021-12-15,4.46999979019165,4.5,4.369999885559082,4.489999771118164,4.29996395111084,3851400
2021-12-16,4.5,4.550000190734863,4.460000038146973,4.480000019073486,4.2903876304626465,4331500
2021-12-17,4.460000038146973,4.489999771118164,4.349999904632568,4.369999885559082,4.185042858123779,17672000
2021-12-20,4.349999904632568,4.349999904632568,4.170000076293945,4.289999961853027,4.108428478240967,4862200
2021-12-21,4.349999904632568,4.480000019073486,4.309999942779541,4.46999979019165,4.2808098793029785,5089300
2021-12-22,4.480000019073486,4.559999942779541,4.440000057220459,4.550000190734863,4.357424736022949,3280500
2021-12-23,4.570000171661377,4.650000095367432,4.510000228881836,4.650000095367432,4.453191757202148,3355800
2021-12-27,4.690000057220459,4.699999809265137,4.579999923706055,4.670000076293945,4.47234582901001,3747800
2021-12-28,4.679999828338623,4.760000228881836,4.650000095367432,4.699999809265137,4.501075267791748,4510800
2021-12-29,4.699999809265137,4.75,4.650000095367432,4.710000038146973,4.510652542114258,4722000
2021-12-30,4.639999866485596,4.679999828338623,4.599999904632568,4.599999904632568,4.466954231262207,3265500
2021-12-31,4.570000171661377,4.610000133514404,4.5,4.5,4.369846343994141,3689800
2022-01-03,4.53000020980835,4.679999828338623,4.53000020980835,4.650000095367432,4.51550817489624,3973000
2022-01-04,4.679999828338623,4.710000038146973,4.630000114440918,4.639999866485596,4.505796909332275,3134400
2022-01-05,4.679999828338623,4.690000057220459,4.559999942779541,4.570000171661377,4.437821865081787,3406000
2022-01-06,4.599999904632568,4.639999866485596,4.559999942779541,4.610000133514404,4.476665019989014,2154200
2022-01-07,4.619999885559082,4.650000095367432,4.590000152587891,4.630000114440918,4.496086597442627,2231100
2022-01-10,4.599999904632568,4.630000114440918,4.570000171661377,4.610000133514404,4.476665019989014,3020400
2022-01-11,4.619999885559082,4.650000095367432,4.590000152587891,4.630000114440918,4.496086597442627,2419900
2022-01-12,4.650000095367432,4.670000076293945,4.599999904632568,4.619999885559082,4.48637580871582,2072900
2022-01-13,4.619999885559082,4.639999866485596,4.570000171661377,4.579999923706055,4.447532653808594,3435000
2022-01-14,4.269999980926514,4.289999961853027,4.159999847412109,4.21999979019165,4.097944736480713,14863800
2022-01-18,4.199999809265137,4.199999809265137,4.099999904632568,4.110000133514404,3.991126775741577,8038600
2022-01-19,4.139999866485596,4.139999866485596,4.039999961853027,4.039999961853027,3.9231510162353516,5463300
2022-01-20,4.050000190734863,4.090000152587891,4.0,4.0,3.884307861328125,4829500
2022-01-21,3.9700000286102295,3.9700000286102295,3.819999933242798,3.869999885559082,3.7580678462982178,8905000
2022-01-24,3.799999952316284,3.869999885559082,3.630000114440918,3.869999885559082,3.7580678462982178,10734200
2022-01-25,3.869999885559082,4.03000020980835,3.819999933242798,3.950000047683716,3.835754156112671,7263200
2022-01-26,4.019999980926514,4.070000171661377,3.9200000762939453,3.950000047683716,3.835754156112671,5041300
2022-01-27,3.9800000190734863,4.019999980926514,3.880000114440918,3.9100000858306885,3.7969110012054443,5157400
2022-01-28,3.8299999237060547,3.890000104904175,3.759999990463257,3.890000104904175,3.83138370513916,4342400
2022-01-31,3.869999885559082,4.03000020980835,3.859999895095825,4.03000020980835,3.9692742824554443,4255800
2022-02-01,4.0,4.019999980926514,3.9200000762939453,3.990000009536743,3.9298768043518066,3514000
2022-02-02,4.0,4.010000228881836,3.9000000953674316,3.930000066757202,3.8707809448242188,2769500
2022-02-03,3.9200000762939453,3.940000057220459,3.859999895095825,3.859999895095825,3.801835536956787,4095400
2022-02-04,3.859999895095825,3.9000000953674316,3.7899999618530273,3.859999895095825,3.801835536956787,3928000
2022-02-07,3.869999885559082,4.010000228881836,3.819999933242798,4.0,3.9397261142730713,7388200
2022-02-08,4.019999980926514,4.070000171661377,3.9800000190734863,3.990000009536743,3.9298768043518066,5501300
2022-02-09,4.03000020980835,4.03000020980835,3.9800000190734863,3.990000009536743,3.9298768043518066,3529900
2022-02-10,3.9600000381469727,4.059999942779541,3.9100000858306885,3.9100000858306885,3.8510823249816895,5960900
2022-02-11,3.9100000858306885,3.9800000190734863,3.869999885559082,3.9100000858306885,3.8510823249816895,3548000
2022-02-14,3.9000000953674316,3.9100000858306885,3.799999952316284,3.809999942779541,3.752588987350464,4321700
2022-02-15,3.859999895095825,3.9000000953674316,3.8399999141693115,3.880000114440918,3.8215343952178955,2881600
2022-02-16,3.880000114440918,3.9000000953674316,3.859999895095825,3.880000114440918,3.8215343952178955,2390000
2022-02-17,3.890000104904175,3.9000000953674316,3.799999952316284,3.809999942779541,3.752588987350464,3773000
2022-02-18,3.819999933242798,3.8399999141693115,3.7699999809265137,3.799999952316284,3.742739677429199,2785300
2022-02-22,3.7699999809265137,3.7799999713897705,3.619999885559082,3.6500000953674316,3.5950002670288086,5903900
2022-02-23,3.7100000381469727,3.7200000286102295,3.559999942779541,3.559999942779541,3.5063562393188477,5362600
2022-02-24,3.4200000762939453,3.6500000953674316,3.3499999046325684,3.6500000953674316,3.5950002670288086,7968700
2022-02-25,3.5299999713897705,3.5899999141693115,3.369999885559082,3.390000104904175,3.390000104904175,9342000
2022-02-28,3.3499999046325684,3.390000104904175,3.2300000190734863,3.2899999618530273,3.2899999618530273,9888000
2022-03-01,3.259999990463257,3.2799999713897705,3.0899999141693115,3.1600000858306885,3.1600000858306885,10528000
2022-03-02,3.190000057220459,3.2300000190734863,3.119999885559082,3.2100000381469727,3.2100000381469727,5015500
2022-03-03,3.200000047683716,3.2100000381469727,3.1500000953674316,3.2100000381469727,3.2100000381469727,3403800
2022-03-04,3.1600000858306885,3.200000047683716,3.1500000953674316,3.180000066757202,3.180000066757202,3424800
2022-03-07,3.180000066757202,3.309999942779541,3.1600000858306885,3.2699999809265137,3.2699999809265137,4242100
2022-03-08,3.2699999809265137,3.440000057220459,3.2300000190734863,3.380000114440918,3.380000114440918,5490800
2022-03-09,3.440000057220459,3.5199999809265137,3.4100000858306885,3.4700000286102295,3.4700000286102295,3300600
2022-03-10,3.4600000381469727,3.4800000190734863,3.390000104904175,3.4800000190734863,3.4800000190734863,3317000
2022-03-11,3.490000009536743,3.5,3.4200000762939453,3.440000057220459,3.440000057220459,2893400
2022-03-14,3.4600000381469727,3.4700000286102295,3.369999885559082,3.4100000858306885,3.4100000858306885,2450200
2022-03-15,3.4200000762939453,3.450000047683716,3.390000104904175,3.4200000762939453,3.4200000762939453,1846200
2022-03-16,3.440000057220459,3.5,3.380000114440918,3.4200000762939453,3.4200000762939453,6606000
2022-03-17,3.190000057220459,3.369999885559082,3.180000066757202,3.2899999618530273,3.2899999618530273,7329800
2022-03-18,3.2799999713897705,3.3299999237060547,3.2300000190734863,3.25,3.25,5559900
2022-03-21,3.259999990463257,3.2699999809265137,3.180000066757202,3.190000057220459,3.190000057220459,4349900
2022-03-22,3.190000057220459,3.2899999618530273,3.1600000858306885,3.2899999618530273,3.2899999618530273,3171400
2022-03-23,3.2699999809265137,3.2899999618530273,3.240000009536743,3.240000009536743,3.240000009536743,2008600
2022-03-24,3.25,3.259999990463257,3.200000047683716,3.259999990463257,3.259999990463257,1901600
2022-03-25,3.259999990463257,3.3399999141693115,3.259999990463257,3.325000047683716,3.325000047683716,2220180
